classification,group,server_path,size,sha256,git_path,reason
MUST_GIT,diagnostics/end_causal_audit,/nvme2/user/qyy/SafeVLA/diagnostics/end_causal_audit/analysis_validation_report.md,2577,eb22413032f1a89b08966d4a0983af800c8ac2d43bae24f6c30aa35db7079840,research/history/evidence-alignment-20260919/legacy_development/diagnostics/end_causal_audit/analysis_validation_report.md,Small historical report or structured evidence absent from GitHub.
MUST_GIT,diagnostics/end_causal_audit,/nvme2/user/qyy/SafeVLA/diagnostics/end_causal_audit/canonical_final_v2/forward_topology_audit.json,10593,f77370b79b3035e3e55c6063ed664ced339128bbadbe680a75a3e41aadcf6697,research/history/evidence-alignment-20260919/legacy_development/diagnostics/end_causal_audit/canonical_final_v2/forward_topology_audit.json,Small historical report or structured evidence absent from GitHub.
PATH_HASH_ONLY,diagnostics/end_causal_audit,/nvme2/user/qyy/SafeVLA/diagnostics/end_causal_audit/canonical_final_v2/launcher.log,53036,d7d451c42e3f505c06b28871328696034a864a43e11ba7f9775a0efff37fc5a2,,"Raw runtime artifact, patch, binary, or log; retain original server bytes."
DO_NOT_SHARE_CONTROL,diagnostics/end_causal_audit,/nvme2/user/qyy/SafeVLA/diagnostics/end_causal_audit/canonical_final_v2/launcher.pid,8,246e811ded3272264f14027f0f9b9af4b7cc47fdc9093905fb6a5b98f4ff6691,,"Runtime code/launcher, environment dump, or ephemeral process state; excluded from shared control plane."
MUST_GIT,diagnostics/end_causal_audit,/nvme2/user/qyy/SafeVLA/diagnostics/end_causal_audit/canonical_final_v2/reset_state_audit.json,4745,93dd93b875338a5174d0ae1ff7ccc9602f366b2591daed2c3a0008df23b2acc4,research/history/evidence-alignment-20260919/legacy_development/diagnostics/end_causal_audit/canonical_final_v2/reset_state_audit.json,Small historical report or structured evidence absent from GitHub.
MUST_GIT,diagnostics/end_causal_audit,/nvme2/user/qyy/SafeVLA/diagnostics/end_causal_audit/canonical_final_v2/smoke_steps.jsonl,48538,0fb20f5e950049992c23fa5d534cbc72f4ac3bb4257a95eb9bf58cfcb6656978,research/history/evidence-alignment-20260919/legacy_development/diagnostics/end_causal_audit/canonical_final_v2/smoke_steps.jsonl,Small historical report or structured evidence absent from GitHub.
MUST_GIT,diagnostics/end_causal_audit,/nvme2/user/qyy/SafeVLA/diagnostics/end_causal_audit/canonical_final_v2/stop_legality_alignment.json,1662,1fdd978d2185e1ef8fb3ad48ce03d2db6ac39a650c362beb6fede35715266c71,research/history/evidence-alignment-20260919/legacy_development/diagnostics/end_causal_audit/canonical_final_v2/stop_legality_alignment.json,Small historical report or structured evidence absent from GitHub.
MUST_GIT,diagnostics/end_causal_audit,/nvme2/user/qyy/SafeVLA/diagnostics/end_causal_audit/canonical_smoke/forward_topology_audit.json,14010,eaa3f54afe1a2635f5d7dbd7c3cb73258e311e714742b194b85f8907995c137b,research/history/evidence-alignment-20260919/legacy_development/diagnostics/end_causal_audit/canonical_smoke/forward_topology_audit.json,Small historical report or structured evidence absent from GitHub.
PATH_HASH_ONLY,diagnostics/end_causal_audit,/nvme2/user/qyy/SafeVLA/diagnostics/end_causal_audit/canonical_smoke/launcher.log,52911,430c452eb5d6420ca03f2674c4a5a00d6812d79d34a6f928484045d46814d79c,,"Raw runtime artifact, patch, binary, or log; retain original server bytes."
MUST_GIT,diagnostics/end_causal_audit,/nvme2/user/qyy/SafeVLA/diagnostics/end_causal_audit/canonical_smoke/reset_state_audit.json,4742,0d914ab1d6c956585651d9442b2e3bd3cb7b734a3612645cbeb510bfde7c7b19,research/history/evidence-alignment-20260919/legacy_development/diagnostics/end_causal_audit/canonical_smoke/reset_state_audit.json,Small historical report or structured evidence absent from GitHub.
MUST_GIT,diagnostics/end_causal_audit,/nvme2/user/qyy/SafeVLA/diagnostics/end_causal_audit/canonical_smoke/smoke_steps.jsonl,66786,17bd19b527f70e0ab39b70b04f1b6f0f6f3e0a99a2915dfebd8c56f0e2dcca56,research/history/evidence-alignment-20260919/legacy_development/diagnostics/end_causal_audit/canonical_smoke/smoke_steps.jsonl,Small historical report or structured evidence absent from GitHub.
MUST_GIT,diagnostics/end_causal_audit,/nvme2/user/qyy/SafeVLA/diagnostics/end_causal_audit/canonical_smoke/stop_legality_alignment.json,1660,346f2d6bd4d45b782c100051de6fa8576513f88e5ac550f14cc52b403efbac7e,research/history/evidence-alignment-20260919/legacy_development/diagnostics/end_causal_audit/canonical_smoke/stop_legality_alignment.json,Small historical report or structured evidence absent from GitHub.
MUST_GIT,diagnostics/end_causal_audit,/nvme2/user/qyy/SafeVLA/diagnostics/end_causal_audit/checkpoint_integrity_report.json,1403,f5c26b7e5915e104bedd96c0311aba180c8fe3831f515f776fef4b7c14c37f72,research/history/evidence-alignment-20260919/legacy_development/diagnostics/end_causal_audit/checkpoint_integrity_report.json,Small historical report or structured evidence absent from GitHub.
MUST_GIT,diagnostics/end_causal_audit,/nvme2/user/qyy/SafeVLA/diagnostics/end_causal_audit/checkpoint_integrity_report.md,868,626ccad78ff3b0de903a69da0565424b52ece1dd6c8054fe2d339ca85a32918b,research/history/evidence-alignment-20260919/legacy_development/diagnostics/end_causal_audit/checkpoint_integrity_report.md,Small historical report or structured evidence absent from GitHub.
PATH_HASH_ONLY,diagnostics/end_causal_audit,/nvme2/user/qyy/SafeVLA/diagnostics/end_causal_audit/command.txt,2272,7baf636b58327b87c359c1d2fb9e9d15ec9c0c69030887b8ace26dbf298d4a22,,"Raw runtime artifact, patch, binary, or log; retain original server bytes."
MUST_GIT,diagnostics/end_causal_audit,/nvme2/user/qyy/SafeVLA/diagnostics/end_causal_audit/diagnostic_action_history_launcher_analysis.md,1957,0fa0036c7c7aeaf2f23df19ba66f49c32bae5c764dde479236490f4c4d5bf42e,research/history/evidence-alignment-20260919/legacy_development/diagnostics/end_causal_audit/diagnostic_action_history_launcher_analysis.md,Small historical report or structured evidence absent from GitHub.
MUST_GIT,diagnostics/end_causal_audit,/nvme2/user/qyy/SafeVLA/diagnostics/end_causal_audit/end_training_lineage.md,2965,1bcf37b66c9b1a0bb4e1b4dc8efaa22e2c4a25e1ed272a9bbe6826a7203acea3,research/history/evidence-alignment-20260919/legacy_development/diagnostics/end_causal_audit/end_training_lineage.md,Small historical report or structured evidence absent from GitHub.
DO_NOT_SHARE_CONTROL,diagnostics/end_causal_audit,/nvme2/user/qyy/SafeVLA/diagnostics/end_causal_audit/environment.txt,796,5b1aebb0fc791c7e8239f4b0fe323384bcba8cb6b16ee52052218f604ab19dcf,,"Runtime code/launcher, environment dump, or ephemeral process state; excluded from shared control plane."
MUST_GIT,diagnostics/end_causal_audit,/nvme2/user/qyy/SafeVLA/diagnostics/end_causal_audit/forward_topology_audit.json,10593,f77370b79b3035e3e55c6063ed664ced339128bbadbe680a75a3e41aadcf6697,research/history/evidence-alignment-20260919/legacy_development/diagnostics/end_causal_audit/forward_topology_audit.json,Small historical report or structured evidence absent from GitHub.
MUST_GIT,diagnostics/end_causal_audit,/nvme2/user/qyy/SafeVLA/diagnostics/end_causal_audit/forward_topology_audit.pre_final.json,6396,11e644021ba6f4842a851a7138c686c3c060107d6cd19ad40301e2cb24580532,research/history/evidence-alignment-20260919/legacy_development/diagnostics/end_causal_audit/forward_topology_audit.pre_final.json,Small historical report or structured evidence absent from GitHub.
MUST_GIT,diagnostics/end_causal_audit,/nvme2/user/qyy/SafeVLA/diagnostics/end_causal_audit/forward_topology_report.md,907,b2feccb00e9be6c484031ebd61ba4d57799e3caf416ca18bc0669ce556059334,research/history/evidence-alignment-20260919/legacy_development/diagnostics/end_causal_audit/forward_topology_report.md,Small historical report or structured evidence absent from GitHub.
MUST_GIT,diagnostics/end_causal_audit,/nvme2/user/qyy/SafeVLA/diagnostics/end_causal_audit/gate_review.md,5926,4916caa72239bfc0d9c7e6aaf0e50dd58ded82201473dbb3127dd8967bb9419f,research/history/evidence-alignment-20260919/legacy_development/diagnostics/end_causal_audit/gate_review.md,Small historical report or structured evidence absent from GitHub.
PATH_HASH_ONLY,diagnostics/end_causal_audit,/nvme2/user/qyy/SafeVLA/diagnostics/end_causal_audit/git_status.pre_final.txt,779,a8e8058526c5c95ff3fe99b4aba3c33f84131f81141773f79c40205203c43b5d,,"Raw runtime artifact, patch, binary, or log; retain original server bytes."
PATH_HASH_ONLY,diagnostics/end_causal_audit,/nvme2/user/qyy/SafeVLA/diagnostics/end_causal_audit/git_status.txt,20115,7929d5355bdcff6afb6a9f1f9dfd2e97f86bb4482916646303d8d66c20ee484f,,"Raw runtime artifact, patch, binary, or log; retain original server bytes."
MUST_GIT,diagnostics/end_causal_audit,/nvme2/user/qyy/SafeVLA/diagnostics/end_causal_audit/metric_calculation_audit.md,2123,16638b7afc8c8b38c00b8cd662d7c21a0491a802982d9e73ae74a79f821dfb37,research/history/evidence-alignment-20260919/legacy_development/diagnostics/end_causal_audit/metric_calculation_audit.md,Small historical report or structured evidence absent from GitHub.
MUST_GIT,diagnostics/end_causal_audit,/nvme2/user/qyy/SafeVLA/diagnostics/end_causal_audit/reset_state_audit.json,9886,afb4b728fc1568ef3c57c5e75168aaa49624b6bdf5f33213e5f5991041dd8650,research/history/evidence-alignment-20260919/legacy_development/diagnostics/end_causal_audit/reset_state_audit.json,Small historical report or structured evidence absent from GitHub.
MUST_GIT,diagnostics/end_causal_audit,/nvme2/user/qyy/SafeVLA/diagnostics/end_causal_audit/reset_state_report.md,2182,12ad71132aa51272731aadcb56a5fea678740a9016d7c439e98bf1e2a087996c,research/history/evidence-alignment-20260919/legacy_development/diagnostics/end_causal_audit/reset_state_report.md,Small historical report or structured evidence absent from GitHub.
MUST_GIT,diagnostics/end_causal_audit,/nvme2/user/qyy/SafeVLA/diagnostics/end_causal_audit/reset_two_episode/forward_topology_audit.json,15725,9d34845d9b844c597b5f12fddef45bfd4a010adaddf32aaac977532c5fb946bc,research/history/evidence-alignment-20260919/legacy_development/diagnostics/end_causal_audit/reset_two_episode/forward_topology_audit.json,Small historical report or structured evidence absent from GitHub.
PATH_HASH_ONLY,diagnostics/end_causal_audit,/nvme2/user/qyy/SafeVLA/diagnostics/end_causal_audit/reset_two_episode/launcher.log,53265,06d8b084162f1918bf0a7e1e6f1ad6238756ba2505599fc36b55238eb6ecadfc,,"Raw runtime artifact, patch, binary, or log; retain original server bytes."
MUST_GIT,diagnostics/end_causal_audit,/nvme2/user/qyy/SafeVLA/diagnostics/end_causal_audit/reset_two_episode/reset_state_audit.json,6464,e90d4b03b6b882f65ad69436a50e509ba35f07cc741a1d4480ac8a833641353c,research/history/evidence-alignment-20260919/legacy_development/diagnostics/end_causal_audit/reset_two_episode/reset_state_audit.json,Small historical report or structured evidence absent from GitHub.
MUST_GIT,diagnostics/end_causal_audit,/nvme2/user/qyy/SafeVLA/diagnostics/end_causal_audit/reset_two_episode/reset_transition_summary.json,4213,c274847a5e031f531725dff89573d303831a6abd23f2030185eeac44b8fd09f2,research/history/evidence-alignment-20260919/legacy_development/diagnostics/end_causal_audit/reset_two_episode/reset_transition_summary.json,Small historical report or structured evidence absent from GitHub.
MUST_GIT,diagnostics/end_causal_audit,/nvme2/user/qyy/SafeVLA/diagnostics/end_causal_audit/reset_two_episode/smoke_steps.jsonl,164075,1452d1c2623e50ab25664ff749b2f6a0e593f2f17da995ef24b1cce172c3c71e,research/history/evidence-alignment-20260919/legacy_development/diagnostics/end_causal_audit/reset_two_episode/smoke_steps.jsonl,Small historical report or structured evidence absent from GitHub.
MUST_GIT,diagnostics/end_causal_audit,/nvme2/user/qyy/SafeVLA/diagnostics/end_causal_audit/reset_two_episode/stop_legality_alignment.json,1508,cd5d9899700ad32c3baf16418946965902e6780c3e890c4ecb9f54cf445addb1,research/history/evidence-alignment-20260919/legacy_development/diagnostics/end_causal_audit/reset_two_episode/stop_legality_alignment.json,Small historical report or structured evidence absent from GitHub.
MUST_GIT,diagnostics/end_causal_audit,/nvme2/user/qyy/SafeVLA/diagnostics/end_causal_audit/runtime_manifest.json,4231,94ebe5dc130785141dc16b025e85c97b26771a14a6c0701040c97ccc9781d848,research/history/evidence-alignment-20260919/legacy_development/diagnostics/end_causal_audit/runtime_manifest.json,Small historical report or structured evidence absent from GitHub.
PATH_HASH_ONLY,diagnostics/end_causal_audit,/nvme2/user/qyy/SafeVLA/diagnostics/end_causal_audit/sha256sums.txt,4354,e039fcbc082a9ff4e346a955007e0a1aaa4a8dd94923fa2e976a1409352353c6,,"Raw runtime artifact, patch, binary, or log; retain original server bytes."
MUST_GIT,diagnostics/end_causal_audit,/nvme2/user/qyy/SafeVLA/diagnostics/end_causal_audit/smoke_episode_analysis.md,2047,0cddeb1cac972f35769face5b535da3bdbd3dfbdf1937276b352ca2c9b07f063,research/history/evidence-alignment-20260919/legacy_development/diagnostics/end_causal_audit/smoke_episode_analysis.md,Small historical report or structured evidence absent from GitHub.
PATH_HASH_ONLY,diagnostics/end_causal_audit,/nvme2/user/qyy/SafeVLA/diagnostics/end_causal_audit/smoke_launcher.log,682,546a3d9f45a57e922f4a87bd3f6115b0b8a3591f086a97d0d3866d76d42e82f9,,"Raw runtime artifact, patch, binary, or log; retain original server bytes."
DO_NOT_SHARE_CONTROL,diagnostics/end_causal_audit,/nvme2/user/qyy/SafeVLA/diagnostics/end_causal_audit/smoke_launcher.pid,8,7f9282fd2c1f2cdf041b52e4dce92b592eb145ca294264c2f953e561f283e8a5,,"Runtime code/launcher, environment dump, or ephemeral process state; excluded from shared control plane."
PATH_HASH_ONLY,diagnostics/end_causal_audit,/nvme2/user/qyy/SafeVLA/diagnostics/end_causal_audit/smoke_launcher_attempt2.log,691,d008f45ef423b302ba0a7559c14a237fae750c330c0e04e2f4d03319dc5645b0,,"Raw runtime artifact, patch, binary, or log; retain original server bytes."
DO_NOT_SHARE_CONTROL,diagnostics/end_causal_audit,/nvme2/user/qyy/SafeVLA/diagnostics/end_causal_audit/smoke_launcher_attempt2.pid,8,83733b61d3f6ee7b0a1f32b700e36dbf5fc97cadb31e8fb98e430f1b6090ef2d,,"Runtime code/launcher, environment dump, or ephemeral process state; excluded from shared control plane."
PATH_HASH_ONLY,diagnostics/end_causal_audit,/nvme2/user/qyy/SafeVLA/diagnostics/end_causal_audit/smoke_launcher_attempt3.log,52916,d21c65eded6c8f958a361054c012986aa23c42504dbfcfcb12d2467357e61083,,"Raw runtime artifact, patch, binary, or log; retain original server bytes."
MUST_GIT,diagnostics/end_causal_audit,/nvme2/user/qyy/SafeVLA/diagnostics/end_causal_audit/smoke_steps.jsonl,42223,2a352d71a055492219af122200d99b7793f5de677195945eb5a6222ada5f5c68,research/history/evidence-alignment-20260919/legacy_development/diagnostics/end_causal_audit/smoke_steps.jsonl,Small historical report or structured evidence absent from GitHub.
MUST_GIT,diagnostics/end_causal_audit,/nvme2/user/qyy/SafeVLA/diagnostics/end_causal_audit/stop_legality_alignment.json,2561,38a7903f1c906652a23b2fe8d60de94e9d0238515239d9b0265f524a7d39bdd6,research/history/evidence-alignment-20260919/legacy_development/diagnostics/end_causal_audit/stop_legality_alignment.json,Small historical report or structured evidence absent from GitHub.
MUST_GIT,diagnostics/end_causal_audit,/nvme2/user/qyy/SafeVLA/diagnostics/end_causal_audit/stop_legality_alignment.md,1000,66e4f0230332f47f2e2b6816012831f80ed3e4aaaf252edccb62318f2365b21a,research/history/evidence-alignment-20260919/legacy_development/diagnostics/end_causal_audit/stop_legality_alignment.md,Small historical report or structured evidence absent from GitHub.
PATH_HASH_ONLY,diagnostics/end_causal_audit,/nvme2/user/qyy/SafeVLA/diagnostics/end_causal_audit/working_tree.patch,37066,671e43a466528fbe11aa97e9ea8a782f92119f7d3b3db0b077e1a4f811cb7010,,"Raw runtime artifact, patch, binary, or log; retain original server bytes."
PATH_HASH_ONLY,diagnostics/end_causal_audit,/nvme2/user/qyy/SafeVLA/diagnostics/end_causal_audit/working_tree.pre_final.patch,36300,6f5c3a6d268155bb39d4ce53254485177e508ad7d35a99edb976ad75869889d0,,"Raw runtime artifact, patch, binary, or log; retain original server bytes."
MUST_GIT,research,/nvme2/user/qyy/SafeVLA/research/B0_CANDIDATE_AUDIT.md,16914,ea36b5774fcce9579628a8e3d32649e1f7b169f043e96d2fa3f7fd4826779ac2,research/history/evidence-alignment-20260919/legacy_development/research/B0_CANDIDATE_AUDIT.md,Small historical report or structured evidence absent from GitHub.
MUST_GIT,research,/nvme2/user/qyy/SafeVLA/research/CURRENT_STATE.md,6135,64083f6e5eb2ff7e06b4df6330e4baaefc3cedac46f92c5a25c3b18d8ebb5965,research/history/evidence-alignment-20260919/legacy_development/research/CURRENT_STATE.md,Small historical report or structured evidence absent from GitHub.
MUST_GIT,research,/nvme2/user/qyy/SafeVLA/research/DECISION_LOG.md,6595,ab9d4cd9a906cc7dd69a7c4491d6f5206c8519d1de2eb46ce8b4f3636057fcc5,research/history/evidence-alignment-20260919/legacy_development/research/DECISION_LOG.md,Small historical report or structured evidence absent from GitHub.
MUST_GIT,research,/nvme2/user/qyy/SafeVLA/research/EXPERIMENT_REGISTER.md,4407,2fe88ebed1379b8f819a24fb24b83ae434c01044302b25128694f6898e1fa3eb,research/history/evidence-alignment-20260919/legacy_development/research/EXPERIMENT_REGISTER.md,Small historical report or structured evidence absent from GitHub.
MUST_GIT,research,/nvme2/user/qyy/SafeVLA/research/b0_candidate_audit/before_CURRENT_STATE.md,4245,4316e096fa2eb06e80f284cce1e6c5a756b85ba00589c06b0f32202cb20c5c74,research/history/evidence-alignment-20260919/legacy_development/research/b0_candidate_audit/before_CURRENT_STATE.md,Small historical report or structured evidence absent from GitHub.
MUST_GIT,research,/nvme2/user/qyy/SafeVLA/research/b0_candidate_audit/before_DECISION_LOG.md,3254,78a2fce7343f6ae56c10d1769c0d1641c22fe976f45c4b9e46dce3900a201809,research/history/evidence-alignment-20260919/legacy_development/research/b0_candidate_audit/before_DECISION_LOG.md,Small historical report or structured evidence absent from GitHub.
MUST_GIT,research,/nvme2/user/qyy/SafeVLA/research/b0_candidate_audit/before_EXPERIMENT_REGISTER.md,2010,d817e4fd3a64ef6596e6ebd3605caee17197f329ab5b70f6e5ece2d5e5f1f065,research/history/evidence-alignment-20260919/legacy_development/research/b0_candidate_audit/before_EXPERIMENT_REGISTER.md,Small historical report or structured evidence absent from GitHub.
MUST_GIT,research,/nvme2/user/qyy/SafeVLA/research/b0_candidate_audit/before_NEXT_EXPERIMENT.md,4058,7b130f716afaeed880480e7c207314aa70cc3115d51668f5514e560a027ef175,research/history/evidence-alignment-20260919/legacy_development/research/b0_candidate_audit/before_NEXT_EXPERIMENT.md,Small historical report or structured evidence absent from GitHub.
MUST_GIT,research,/nvme2/user/qyy/SafeVLA/research/b0_candidate_audit/candidate_additions.json,103,c5672e88d6be0bdc5285f2a6394bd1a660d211995417fb7627346dcbdef12c46,research/history/evidence-alignment-20260919/legacy_development/research/b0_candidate_audit/candidate_additions.json,Small historical report or structured evidence absent from GitHub.
MUST_GIT,research,/nvme2/user/qyy/SafeVLA/research/b0_candidate_audit/candidate_identity.json,952,1bd219e2b9efba6002f435e12c577d6aebdd13a6187af90a87f1634a39be8ab4,research/history/evidence-alignment-20260919/legacy_development/research/b0_candidate_audit/candidate_identity.json,Small historical report or structured evidence absent from GitHub.
PATH_HASH_ONLY,research,/nvme2/user/qyy/SafeVLA/research/b0_candidate_audit/candidate_status.txt,92,6e5957bb6491c2ea3f8024379d62c5522dddb2c7fef10901dda6fed2e5c126d1,,"Raw runtime artifact, patch, binary, or log; retain original server bytes."
MUST_GIT,research,/nvme2/user/qyy/SafeVLA/research/b0_candidate_audit/development_before_sha256.json,18784,32485fb65c307645435b8b085dcda983834c981f281bff06ef7b7863b27dfaae,research/history/evidence-alignment-20260919/legacy_development/research/b0_candidate_audit/development_before_sha256.json,Small historical report or structured evidence absent from GitHub.
PATH_HASH_ONLY,research,/nvme2/user/qyy/SafeVLA/research/b0_candidate_audit/development_diff.patch,19363,f69354e479fdc1f7ad78ab0f30f5ee57e5b4b50a3cbfff2c53e5f69792d7599b,,"Raw runtime artifact, patch, binary, or log; retain original server bytes."
PATH_HASH_ONLY,research,/nvme2/user/qyy/SafeVLA/research/b0_candidate_audit/development_head.txt,41,123cd5355d066d90f4722ba9c5f07ea548f4357fd6adb4e1660f90cc8abf1873,,"Raw runtime artifact, patch, binary, or log; retain original server bytes."
PATH_HASH_ONLY,research,/nvme2/user/qyy/SafeVLA/research/b0_candidate_audit/development_status.after.txt,335,85e81f88b548b7ef74899ea5723948b97c5d0112ecf9ed3449e53288d4284ad4,,"Raw runtime artifact, patch, binary, or log; retain original server bytes."
PATH_HASH_ONLY,research,/nvme2/user/qyy/SafeVLA/research/b0_candidate_audit/development_status.before.txt,335,85e81f88b548b7ef74899ea5723948b97c5d0112ecf9ed3449e53288d4284ad4,,"Raw runtime artifact, patch, binary, or log; retain original server bytes."
MUST_GIT,research,/nvme2/user/qyy/SafeVLA/research/b0_candidate_audit/dino_source_sha256.json,17530,938adc4db85a4e967f14479d62713c5495cc6cee01947413f9b5f89c085613b8,research/history/evidence-alignment-20260919/legacy_development/research/b0_candidate_audit/dino_source_sha256.json,Small historical report or structured evidence absent from GitHub.
MUST_GIT,research,/nvme2/user/qyy/SafeVLA/research/b0_candidate_audit/final_validation.json,558,fd9cc40ca7fb487c7a530e4e12b22c49a6737c8e555f9259c54cfc555253ffd5,research/history/evidence-alignment-20260919/legacy_development/research/b0_candidate_audit/final_validation.json,Small historical report or structured evidence absent from GitHub.
MUST_GIT,research,/nvme2/user/qyy/SafeVLA/research/b0_candidate_audit/official_commit_api.json,4764,f917fc27d58b6a42f299986cce54cf98e2858a3015057d1cd58d53f20b30de85,research/history/evidence-alignment-20260919/legacy_development/research/b0_candidate_audit/official_commit_api.json,Small historical report or structured evidence absent from GitHub.
MUST_GIT,research,/nvme2/user/qyy/SafeVLA/research/b0_candidate_audit/official_file_comparison.json,18558,05233072cd038fde57bdbfbe77109039b6e009e59e1d8a37363b50caf39b016a,research/history/evidence-alignment-20260919/legacy_development/research/b0_candidate_audit/official_file_comparison.json,Small historical report or structured evidence absent from GitHub.
PATH_HASH_ONLY,research,/nvme2/user/qyy/SafeVLA/research/b0_candidate_audit/patch_reverse_check.txt,53,68a61febe2b4589626e2e9deeac22a44ceaed8cc5ac334dd6dac083b97dffe56,,"Raw runtime artifact, patch, binary, or log; retain original server bytes."
MUST_GIT,research,/nvme2/user/qyy/SafeVLA/research/b0_candidate_audit/python_pth_static.json,332,751bef48895f0353f5ce5b1edaa409f6f1ce0f65641f7987110c96b02170a559,research/history/evidence-alignment-20260919/legacy_development/research/b0_candidate_audit/python_pth_static.json,Small historical report or structured evidence absent from GitHub.
MUST_GIT,research,/nvme2/user/qyy/SafeVLA/research/b0_candidate_audit/reference_README.md,10405,c978f128536988c7f8d48de0e5a5e96b02f8fd6df20c1aca7c8e408ed5964f10,research/history/evidence-alignment-20260919/legacy_development/research/b0_candidate_audit/reference_README.md,Small historical report or structured evidence absent from GitHub.
PATH_HASH_ONLY,research,/nvme2/user/qyy/SafeVLA/research/b0_candidate_audit/reference_commit_object.txt,1081,f26fd7c4f19a60a553e186734a2ae14e9b71446f2b03d1cb177cb342efc49442,,"Raw runtime artifact, patch, binary, or log; retain original server bytes."
MUST_GIT,research,/nvme2/user/qyy/SafeVLA/research/b0_candidate_audit/resource_identity.json,1657,c65bda4d2135550bca06910dffbfc300b0dd442263940938a7cef90bcd52cdad,research/history/evidence-alignment-20260919/legacy_development/research/b0_candidate_audit/resource_identity.json,Small historical report or structured evidence absent from GitHub.
MUST_GIT,research,/nvme2/user/qyy/SafeVLA/research/b0_candidate_audit/smoke_plan_NOT_AUTHORIZED.json,1054,00ef20595d3e7d1fbc39762a5887fc805c37869a8443fe33125ac11ea0375cf5,research/history/evidence-alignment-20260919/legacy_development/research/b0_candidate_audit/smoke_plan_NOT_AUTHORIZED.json,Small historical report or structured evidence absent from GitHub.
PATH_HASH_ONLY,research,/nvme2/user/qyy/SafeVLA/research/b0_candidate_audit/worktree_creation.txt,129,518d7f9e09087a821e59a9aa9e73b1094aeac1f6c54913c09a97040fdd279cef,,"Raw runtime artifact, patch, binary, or log; retain original server bytes."
MUST_GIT,research,/nvme2/user/qyy/SafeVLA/research/runs/EXP-B0-REPRO-001A/execution_20260912/after_CURRENT_STATE.md,6135,64083f6e5eb2ff7e06b4df6330e4baaefc3cedac46f92c5a25c3b18d8ebb5965,research/history/evidence-alignment-20260919/legacy_development/research/runs/EXP-B0-REPRO-001A/execution_20260912/after_CURRENT_STATE.md,Small historical report or structured evidence absent from GitHub.
MUST_GIT,research,/nvme2/user/qyy/SafeVLA/research/runs/EXP-B0-REPRO-001A/execution_20260912/after_DECISION_LOG.md,6595,ab9d4cd9a906cc7dd69a7c4491d6f5206c8519d1de2eb46ce8b4f3636057fcc5,research/history/evidence-alignment-20260919/legacy_development/research/runs/EXP-B0-REPRO-001A/execution_20260912/after_DECISION_LOG.md,Small historical report or structured evidence absent from GitHub.
MUST_GIT,research,/nvme2/user/qyy/SafeVLA/research/runs/EXP-B0-REPRO-001A/execution_20260912/after_EXPERIMENT_REGISTER.md,4407,2fe88ebed1379b8f819a24fb24b83ae434c01044302b25128694f6898e1fa3eb,research/history/evidence-alignment-20260919/legacy_development/research/runs/EXP-B0-REPRO-001A/execution_20260912/after_EXPERIMENT_REGISTER.md,Small historical report or structured evidence absent from GitHub.
MUST_GIT,research,/nvme2/user/qyy/SafeVLA/research/runs/EXP-B0-REPRO-001A/execution_20260912/before_BASELINE_CONTRACT.md,3665,cc5cf1990812c63841a10423317d8f2e653c22357a5e21bbf5c4b2f859ab16d4,research/history/evidence-alignment-20260919/legacy_development/research/runs/EXP-B0-REPRO-001A/execution_20260912/before_BASELINE_CONTRACT.md,Small historical report or structured evidence absent from GitHub.
MUST_GIT,research,/nvme2/user/qyy/SafeVLA/research/runs/EXP-B0-REPRO-001A/execution_20260912/before_CURRENT_STATE.md,4814,f596253530be9ec8c13c918dfae1d02acfc9732bba17912b049f0db99f5500a4,research/history/evidence-alignment-20260919/legacy_development/research/runs/EXP-B0-REPRO-001A/execution_20260912/before_CURRENT_STATE.md,Small historical report or structured evidence absent from GitHub.
MUST_GIT,research,/nvme2/user/qyy/SafeVLA/research/runs/EXP-B0-REPRO-001A/execution_20260912/before_DECISION_LOG.md,3958,49f74a526a3fcedea82788d60430d48c6022a40f6e4af5a2547e1cb6da45f26a,research/history/evidence-alignment-20260919/legacy_development/research/runs/EXP-B0-REPRO-001A/execution_20260912/before_DECISION_LOG.md,Small historical report or structured evidence absent from GitHub.
MUST_GIT,research,/nvme2/user/qyy/SafeVLA/research/runs/EXP-B0-REPRO-001A/execution_20260912/before_EXPERIMENT_REGISTER.md,2506,f2c10bfe20063d0c8cbcb8a832938c3238783786c8cd2675121ba54c4f7aca0e,research/history/evidence-alignment-20260919/legacy_development/research/runs/EXP-B0-REPRO-001A/execution_20260912/before_EXPERIMENT_REGISTER.md,Small historical report or structured evidence absent from GitHub.
MUST_GIT,research,/nvme2/user/qyy/SafeVLA/research/runs/EXP-B0-REPRO-001A/execution_20260912/before_NEXT_EXPERIMENT.md,4373,4afb29ea7ccc8547a9b34504f46557010a87323e258c1dab07ae07f4bf442017,research/history/evidence-alignment-20260919/legacy_development/research/runs/EXP-B0-REPRO-001A/execution_20260912/before_NEXT_EXPERIMENT.md,Small historical report or structured evidence absent from GitHub.
MUST_GIT,research,/nvme2/user/qyy/SafeVLA/research/runs/EXP-B0-REPRO-001A/execution_20260912/final_review_sha256.json,15906,f5d7d319f6afd49e9e7e4d4f1f77ae09513a5e018145a90977c390decdc66917,research/history/evidence-alignment-20260919/legacy_development/research/runs/EXP-B0-REPRO-001A/execution_20260912/final_review_sha256.json,Small historical report or structured evidence absent from GitHub.
MUST_GIT,research,/nvme2/user/qyy/SafeVLA/research/runs/EXP-B0-REPRO-001A/execution_20260912/installed_dependencies.json,16598,60ebd6f3b662475efb629fd9e3521eb3ff6da7bd01a1342f6d02673e0c3dd3fa,research/history/evidence-alignment-20260919/legacy_development/research/runs/EXP-B0-REPRO-001A/execution_20260912/installed_dependencies.json,Small historical report or structured evidence absent from GitHub.
DO_NOT_SHARE_CONTROL,research,/nvme2/user/qyy/SafeVLA/research/runs/EXP-B0-REPRO-001A/execution_20260912/launch_reference.sh,632,33e06fa482eb6d5d2ea96f20f3cc321428d9a0dac40a72172294b9853cad55d9,,"Runtime code/launcher, environment dump, or ephemeral process state; excluded from shared control plane."
DO_NOT_SHARE_CONTROL,research,/nvme2/user/qyy/SafeVLA/research/runs/EXP-B0-REPRO-001A/execution_20260912/launch_repeat.sh,626,f7b67f58f0d2f151312cc90ebb170a07abce535a24a62933ba65e36236c113ed,,"Runtime code/launcher, environment dump, or ephemeral process state; excluded from shared control plane."
MUST_GIT,research,/nvme2/user/qyy/SafeVLA/research/runs/EXP-B0-REPRO-001A/execution_20260912/observer_scope.md,278,22ba718fe2baeeafe3f63b8382256650dcbe82acf0452ee27926d8087985b294,research/history/evidence-alignment-20260919/legacy_development/research/runs/EXP-B0-REPRO-001A/execution_20260912/observer_scope.md,Small historical report or structured evidence absent from GitHub.
MUST_GIT,research,/nvme2/user/qyy/SafeVLA/research/runs/EXP-B0-REPRO-001A/execution_20260912/preservation_check.json,239,ad628ca1719a9eaad18e5df90a363298aa6896365bd48c425a99a3cd0a975b78,research/history/evidence-alignment-20260919/legacy_development/research/runs/EXP-B0-REPRO-001A/execution_20260912/preservation_check.json,Small historical report or structured evidence absent from GitHub.
DO_NOT_SHARE_CONTROL,research,/nvme2/user/qyy/SafeVLA/research/runs/EXP-B0-REPRO-001A/execution_20260912/reference/command.sh,632,33e06fa482eb6d5d2ea96f20f3cc321428d9a0dac40a72172294b9853cad55d9,,"Runtime code/launcher, environment dump, or ephemeral process state; excluded from shared control plane."
MUST_GIT,research,/nvme2/user/qyy/SafeVLA/research/runs/EXP-B0-REPRO-001A/execution_20260912/reference/dino_source_sha256.json,17530,938adc4db85a4e967f14479d62713c5495cc6cee01947413f9b5f89c085613b8,research/history/evidence-alignment-20260919/legacy_development/research/runs/EXP-B0-REPRO-001A/execution_20260912/reference/dino_source_sha256.json,Small historical report or structured evidence absent from GitHub.
PATH_HASH_ONLY,research,/nvme2/user/qyy/SafeVLA/research/runs/EXP-B0-REPRO-001A/execution_20260912/reference/dino_source_snapshot.tar.gz,167020,241cd7c299734e6ef7805ec7c2a2392fdd899a6e84043d67995fa22c22c00ec9,,"Raw runtime artifact, patch, binary, or log; retain original server bytes."
MUST_GIT,research,/nvme2/user/qyy/SafeVLA/research/runs/EXP-B0-REPRO-001A/execution_20260912/reference/episode_manifest.json,4388,acc9ae333f89cf5c0d82fb181b1cc15092bb2499d32f02499dee98fd0aacb322,research/history/evidence-alignment-20260919/legacy_development/research/runs/EXP-B0-REPRO-001A/execution_20260912/reference/episode_manifest.json,Small historical report or structured evidence absent from GitHub.
MUST_GIT,research,/nvme2/user/qyy/SafeVLA/research/runs/EXP-B0-REPRO-001A/execution_20260912/reference/episode_started.jsonl,738,c4b30963c6c8885a81ed325165c7817a0ec0938654cbb0b9c6652d8575f0e303,research/history/evidence-alignment-20260919/legacy_development/research/runs/EXP-B0-REPRO-001A/execution_20260912/reference/episode_started.jsonl,Small historical report or structured evidence absent from GitHub.
PATH_HASH_ONLY,research,/nvme2/user/qyy/SafeVLA/research/runs/EXP-B0-REPRO-001A/execution_20260912/reference/exit_code.txt,2,9a271f2a916b0b6ee6cecb2426f0b3206ef074578be55d9bc94f6f3fe3ab86aa,,"Raw runtime artifact, patch, binary, or log; retain original server bytes."
PATH_HASH_ONLY,research,/nvme2/user/qyy/SafeVLA/research/runs/EXP-B0-REPRO-001A/execution_20260912/reference/git_HEAD.txt,41,bca438f41e001848b9d8628078fb753e9ad2db1e411106abf0aeda9c73d9e7c5,,"Raw runtime artifact, patch, binary, or log; retain original server bytes."
PATH_HASH_ONLY,research,/nvme2/user/qyy/SafeVLA/research/runs/EXP-B0-REPRO-001A/execution_20260912/reference/git_diff.patch,1922,c4a8194d337c37a7a8765a01a11175778301b284211b3b32cd87de55088d3816,,"Raw runtime artifact, patch, binary, or log; retain original server bytes."
PATH_HASH_ONLY,research,/nvme2/user/qyy/SafeVLA/research/runs/EXP-B0-REPRO-001A/execution_20260912/reference/git_status.txt,92,6e5957bb6491c2ea3f8024379d62c5522dddb2c7fef10901dda6fed2e5c126d1,,"Raw runtime artifact, patch, binary, or log; retain original server bytes."
MUST_GIT,research,/nvme2/user/qyy/SafeVLA/research/runs/EXP-B0-REPRO-001A/execution_20260912/reference/installed_dependencies.json,16598,60ebd6f3b662475efb629fd9e3521eb3ff6da7bd01a1342f6d02673e0c3dd3fa,research/history/evidence-alignment-20260919/legacy_development/research/runs/EXP-B0-REPRO-001A/execution_20260912/reference/installed_dependencies.json,Small historical report or structured evidence absent from GitHub.
MUST_GIT,research,/nvme2/user/qyy/SafeVLA/research/runs/EXP-B0-REPRO-001A/execution_20260912/reference/observed_loader_paths.json,166,69ade25f455cc1875075af359ab5e90dac417651d375f2a7391836f6cbb7dc0e,research/history/evidence-alignment-20260919/legacy_development/research/runs/EXP-B0-REPRO-001A/execution_20260912/reference/observed_loader_paths.json,Small historical report or structured evidence absent from GitHub.
DO_NOT_SHARE_CONTROL,research,/nvme2/user/qyy/SafeVLA/research/runs/EXP-B0-REPRO-001A/execution_20260912/reference/observer.py,10865,495cf37aa552db9aaec6dcf333e18b78395eb5b2170149b5c1b67a567f876f02,,"Runtime code/launcher, environment dump, or ephemeral process state; excluded from shared control plane."
MUST_GIT,research,/nvme2/user/qyy/SafeVLA/research/runs/EXP-B0-REPRO-001A/execution_20260912/reference/observer_errors.json,2,4f53cda18c2baa0c0354bb5f9a3ecbe5ed12ab4d8e11ba873c2f11161202b945,research/history/evidence-alignment-20260919/legacy_development/research/runs/EXP-B0-REPRO-001A/execution_20260912/reference/observer_errors.json,Small historical report or structured evidence absent from GitHub.
PATH_HASH_ONLY,research,"/nvme2/user/qyy/SafeVLA/research/runs/EXP-B0-REPRO-001A/execution_20260912/reference/official_output/001A-20260912-reference/09_12_2026_17_54_35_908440/0_0_0_0_0_Success_task=ObjectNavType,house=13125,sub_house_id=103_find-a-bowl.mp4",368359,b6715db48956fddf1dbceed77d49f6a889d88ee9bd3ed45cb4b7468a01db4549,,"Raw runtime artifact, patch, binary, or log; retain original server bytes."
PATH_HASH_ONLY,research,"/nvme2/user/qyy/SafeVLA/research/runs/EXP-B0-REPRO-001A/execution_20260912/reference/official_output/001A-20260912-reference/09_12_2026_17_54_35_908440/0_0_0_0_0_Success_task=ObjectNavType,house=13125,sub_house_id=103_find-a-bowl.mp4_topdown.png",48037,a280febd48f22b3f7538ccaf448df80dd35ebe58b58f4babaaaf2da27f8dc4b0,,"Raw runtime artifact, patch, binary, or log; retain original server bytes."
PATH_HASH_ONLY,research,"/nvme2/user/qyy/SafeVLA/research/runs/EXP-B0-REPRO-001A/execution_20260912/reference/official_output/001A-20260912-reference/09_12_2026_17_54_35_908440/0_0_0_0_0_Success_task=ObjectNavType,house=13653,sub_house_id=127_go-to-an-alarm-clock.mp4",270456,ca5bd037789d951565361549689f0c0417965f06db0283f36c0675d9396a2da1,,"Raw runtime artifact, patch, binary, or log; retain original server bytes."
PATH_HASH_ONLY,research,"/nvme2/user/qyy/SafeVLA/research/runs/EXP-B0-REPRO-001A/execution_20260912/reference/official_output/001A-20260912-reference/09_12_2026_17_54_35_908440/0_0_0_0_0_Success_task=ObjectNavType,house=13653,sub_house_id=127_go-to-an-alarm-clock.mp4_topdown.png",38114,a541da86ed54daba2d481953188e7b385523d84bb1b5760f8b59c8d05aa56147,,"Raw runtime artifact, patch, binary, or log; retain original server bytes."
MUST_GIT,research,/nvme2/user/qyy/SafeVLA/research/runs/EXP-B0-REPRO-001A/execution_20260912/reference/official_output/001A-20260912-reference/09_12_2026_17_54_35_908440/wandb/wandb/offline-run-20260912_175436-3eyzbjnf/files/media/table/AggregatedResults/ObjectNavType_5_34f3569d33f72742942d.table.json,413,34f3569d33f72742942d1f79f8095fc5c90dad2c9c2ab3e03ac172de0050ebf3,research/history/evidence-alignment-20260919/legacy_development/research/runs/EXP-B0-REPRO-001A/execution_20260912/reference/official_output/001A-20260912-reference/09_12_2026_17_54_35_908440/wandb/wandb/offline-run-20260912_175436-3eyzbjnf/files/media/table/AggregatedResults/ObjectNavType_5_34f3569d33f72742942d.table.json,Small historical report or structured evidence absent from GitHub.
MUST_GIT,research,/nvme2/user/qyy/SafeVLA/research/runs/EXP-B0-REPRO-001A/execution_20260912/reference/official_output/001A-20260912-reference/09_12_2026_17_54_35_908440/wandb/wandb/offline-run-20260912_175436-3eyzbjnf/files/media/table/DataStat/ObjectNavType/broad_synset_to_object_ids_1_2ffd139858a716fab288.table.json,82,2ffd139858a716fab288c913a46a99c9d7cf16cd75358a33cb4bb09c5d7f599c,research/history/evidence-alignment-20260919/legacy_development/research/runs/EXP-B0-REPRO-001A/execution_20260912/reference/official_output/001A-20260912-reference/09_12_2026_17_54_35_908440/wandb/wandb/offline-run-20260912_175436-3eyzbjnf/files/media/table/DataStat/ObjectNavType/broad_synset_to_object_ids_1_2ffd139858a716fab288.table.json,Small historical report or structured evidence absent from GitHub.
MUST_GIT,research,/nvme2/user/qyy/SafeVLA/research/runs/EXP-B0-REPRO-001A/execution_20260912/reference/official_output/001A-20260912-reference/09_12_2026_17_54_35_908440/wandb/wandb/offline-run-20260912_175436-3eyzbjnf/files/media/table/DataStat/ObjectNavType/synsets_0_2ffd139858a716fab288.table.json,82,2ffd139858a716fab288c913a46a99c9d7cf16cd75358a33cb4bb09c5d7f599c,research/history/evidence-alignment-20260919/legacy_development/research/runs/EXP-B0-REPRO-001A/execution_20260912/reference/official_output/001A-20260912-reference/09_12_2026_17_54_35_908440/wandb/wandb/offline-run-20260912_175436-3eyzbjnf/files/media/table/DataStat/ObjectNavType/synsets_0_2ffd139858a716fab288.table.json,Small historical report or structured evidence absent from GitHub.
MUST_GIT,research,/nvme2/user/qyy/SafeVLA/research/runs/EXP-B0-REPRO-001A/execution_20260912/reference/official_output/001A-20260912-reference/09_12_2026_17_54_35_908440/wandb/wandb/offline-run-20260912_175436-3eyzbjnf/files/media/table/FullAggregatedResults_6_b3c67853e75b3a315e5d.table.json,460,b3c67853e75b3a315e5d508125ad7dab26a6760b000caa1a5460328ad5cbbb47,research/history/evidence-alignment-20260919/legacy_development/research/runs/EXP-B0-REPRO-001A/execution_20260912/reference/official_output/001A-20260912-reference/09_12_2026_17_54_35_908440/wandb/wandb/offline-run-20260912_175436-3eyzbjnf/files/media/table/FullAggregatedResults_6_b3c67853e75b3a315e5d.table.json,Small historical report or structured evidence absent from GitHub.
MUST_GIT,research,/nvme2/user/qyy/SafeVLA/research/runs/EXP-B0-REPRO-001A/execution_20260912/reference/official_output/001A-20260912-reference/09_12_2026_17_54_35_908440/wandb/wandb/offline-run-20260912_175436-3eyzbjnf/files/media/table/PerObjectType/ObjectNavType_4_a6e861ce44413dd30ba7.table.json,224,a6e861ce44413dd30ba739d351313f4b7c4ef4e04eeb0d35c891bb948534a7bf,research/history/evidence-alignment-20260919/legacy_development/research/runs/EXP-B0-REPRO-001A/execution_20260912/reference/official_output/001A-20260912-reference/09_12_2026_17_54_35_908440/wandb/wandb/offline-run-20260912_175436-3eyzbjnf/files/media/table/PerObjectType/ObjectNavType_4_a6e861ce44413dd30ba7.table.json,Small historical report or structured evidence absent from GitHub.
MUST_GIT,research,/nvme2/user/qyy/SafeVLA/research/runs/EXP-B0-REPRO-001A/execution_20260912/reference/official_output/001A-20260912-reference/09_12_2026_17_54_35_908440/wandb/wandb/offline-run-20260912_175436-3eyzbjnf/files/media/table/VideoTable/ObjectNavType_3_2f1cd7ef3c56165a8c44.table.json,1707,2f1cd7ef3c56165a8c44811f35f0c822666bab5f8f4fd7967afd3eea9e9886cc,research/history/evidence-alignment-20260919/legacy_development/research/runs/EXP-B0-REPRO-001A/execution_20260912/reference/official_output/001A-20260912-reference/09_12_2026_17_54_35_908440/wandb/wandb/offline-run-20260912_175436-3eyzbjnf/files/media/table/VideoTable/ObjectNavType_3_2f1cd7ef3c56165a8c44.table.json,Small historical report or structured evidence absent from GitHub.
MUST_GIT,research,/nvme2/user/qyy/SafeVLA/research/runs/EXP-B0-REPRO-001A/execution_20260912/reference/official_output/001A-20260912-reference/09_12_2026_17_54_35_908440/wandb/wandb/offline-run-20260912_175436-3eyzbjnf/files/media/table/metrics_2_31d119e6254fe0705a3d.table.json,255,31d119e6254fe0705a3d28e1b857d76ffc0149ad6683f4032b390a0174b0933f,research/history/evidence-alignment-20260919/legacy_development/research/runs/EXP-B0-REPRO-001A/execution_20260912/reference/official_output/001A-20260912-reference/09_12_2026_17_54_35_908440/wandb/wandb/offline-run-20260912_175436-3eyzbjnf/files/media/table/metrics_2_31d119e6254fe0705a3d.table.json,Small historical report or structured evidence absent from GitHub.
PATH_HASH_ONLY,research,/nvme2/user/qyy/SafeVLA/research/runs/EXP-B0-REPRO-001A/execution_20260912/reference/official_output/001A-20260912-reference/09_12_2026_17_54_35_908440/wandb/wandb/offline-run-20260912_175436-3eyzbjnf/files/requirements.txt,4736,7f19831befc5e06c78cbe512d9dc528ed8f0653afed69f196fb6e259ac0aaeab,,"Raw runtime artifact, patch, binary, or log; retain original server bytes."
PATH_HASH_ONLY,research,/nvme2/user/qyy/SafeVLA/research/runs/EXP-B0-REPRO-001A/execution_20260912/reference/official_output/001A-20260912-reference/09_12_2026_17_54_35_908440/wandb/wandb/offline-run-20260912_175436-3eyzbjnf/logs/debug-internal.log,1391,e1956e4cc399a2d03bc0a939cc543e97dee8a28981af76a23292495c45fbedac,,"Raw runtime artifact, patch, binary, or log; retain original server bytes."
PATH_HASH_ONLY,research,/nvme2/user/qyy/SafeVLA/research/runs/EXP-B0-REPRO-001A/execution_20260912/reference/official_output/001A-20260912-reference/09_12_2026_17_54_35_908440/wandb/wandb/offline-run-20260912_175436-3eyzbjnf/logs/debug.log,2999,5665d7307e1121ba0be4a31e9887105f4d2e3a9676ba11d81a1f848fb3602356,,"Raw runtime artifact, patch, binary, or log; retain original server bytes."
PATH_HASH_ONLY,research,/nvme2/user/qyy/SafeVLA/research/runs/EXP-B0-REPRO-001A/execution_20260912/reference/official_output/001A-20260912-reference/09_12_2026_17_54_35_908440/wandb/wandb/offline-run-20260912_175436-3eyzbjnf/run-3eyzbjnf.wandb,126882,ffc39f146aad54eff947c8a23ac3b51b27e3828ebfa39030364ba9d6a18dc336,,"Raw runtime artifact, patch, binary, or log; retain original server bytes."
MUST_GIT,research,/nvme2/user/qyy/SafeVLA/research/runs/EXP-B0-REPRO-001A/execution_20260912/reference/per_episode_results.jsonl,400249,9a8b402577e322ad8395b46899a235ef0f6f1320d29fceb0d3f4e28de2be26af,research/history/evidence-alignment-20260919/legacy_development/research/runs/EXP-B0-REPRO-001A/execution_20260912/reference/per_episode_results.jsonl,Small historical report or structured evidence absent from GitHub.
MUST_GIT,research,/nvme2/user/qyy/SafeVLA/research/runs/EXP-B0-REPRO-001A/execution_20260912/reference/pre_repeat_validation.json,132,b460d5dae2898a2f188be85d5af058ace97498d135b4ddd22072880b83c3c400,research/history/evidence-alignment-20260919/legacy_development/research/runs/EXP-B0-REPRO-001A/execution_20260912/reference/pre_repeat_validation.json,Small historical report or structured evidence absent from GitHub.
PATH_HASH_ONLY,research,/nvme2/user/qyy/SafeVLA/research/runs/EXP-B0-REPRO-001A/execution_20260912/reference/raw.log,55915,529a579003c8fd68676d7641725bb971d5eb2904f69d0ddc4e4cd99247bd5933,,"Raw runtime artifact, patch, binary, or log; retain original server bytes."
MUST_GIT,research,/nvme2/user/qyy/SafeVLA/research/runs/EXP-B0-REPRO-001A/execution_20260912/reference/selected_tasks.json,2520,2a7c8876aae63b16661eed7206657448495de1847649dcb7cf21bccd2748cca2,research/history/evidence-alignment-20260919/legacy_development/research/runs/EXP-B0-REPRO-001A/execution_20260912/reference/selected_tasks.json,Small historical report or structured evidence absent from GitHub.
MUST_GIT,research,/nvme2/user/qyy/SafeVLA/research/runs/EXP-B0-REPRO-001A/execution_20260912/reference/source_sha256.json,11938,554433207830f181b8f7d8f8d1191eca8451bdd4a66e55d4ffbd2e60bb0c9843,research/history/evidence-alignment-20260919/legacy_development/research/runs/EXP-B0-REPRO-001A/execution_20260912/reference/source_sha256.json,Small historical report or structured evidence absent from GitHub.
PATH_HASH_ONLY,research,/nvme2/user/qyy/SafeVLA/research/runs/EXP-B0-REPRO-001A/execution_20260912/reference/source_snapshot.tar.gz,52435836,a2e62b55584f5496ac9af6ebb8c400a3e87ec34735d0b483d793c9cbcc0a244c,,"Raw runtime artifact, patch, binary, or log; retain original server bytes."
PATH_HASH_ONLY,research,/nvme2/user/qyy/SafeVLA/research/runs/EXP-B0-REPRO-001A/execution_20260912/reference.raw.log,55915,529a579003c8fd68676d7641725bb971d5eb2904f69d0ddc4e4cd99247bd5933,,"Raw runtime artifact, patch, binary, or log; retain original server bytes."
DO_NOT_SHARE_CONTROL,research,/nvme2/user/qyy/SafeVLA/research/runs/EXP-B0-REPRO-001A/execution_20260912/repeat/command.sh,626,f7b67f58f0d2f151312cc90ebb170a07abce535a24a62933ba65e36236c113ed,,"Runtime code/launcher, environment dump, or ephemeral process state; excluded from shared control plane."
MUST_GIT,research,/nvme2/user/qyy/SafeVLA/research/runs/EXP-B0-REPRO-001A/execution_20260912/repeat/dino_source_sha256.json,17530,938adc4db85a4e967f14479d62713c5495cc6cee01947413f9b5f89c085613b8,research/history/evidence-alignment-20260919/legacy_development/research/runs/EXP-B0-REPRO-001A/execution_20260912/repeat/dino_source_sha256.json,Small historical report or structured evidence absent from GitHub.
PATH_HASH_ONLY,research,/nvme2/user/qyy/SafeVLA/research/runs/EXP-B0-REPRO-001A/execution_20260912/repeat/dino_source_snapshot.tar.gz,167020,cc2db9a641ca2bf5b7258e70eaa8bac5a2ef0538247bf90894caa5e6efa24511,,"Raw runtime artifact, patch, binary, or log; retain original server bytes."
MUST_GIT,research,/nvme2/user/qyy/SafeVLA/research/runs/EXP-B0-REPRO-001A/execution_20260912/repeat/episode_manifest.json,4388,c471d282ee675930cee857f8500d47d6cdb42ae5cb3fb93f089bb29db6d31e81,research/history/evidence-alignment-20260919/legacy_development/research/runs/EXP-B0-REPRO-001A/execution_20260912/repeat/episode_manifest.json,Small historical report or structured evidence absent from GitHub.
MUST_GIT,research,/nvme2/user/qyy/SafeVLA/research/runs/EXP-B0-REPRO-001A/execution_20260912/repeat/episode_started.jsonl,738,cb10aec1d885e7a32f824b538bd13a43abf2faa37f634dba09341a1305f027a2,research/history/evidence-alignment-20260919/legacy_development/research/runs/EXP-B0-REPRO-001A/execution_20260912/repeat/episode_started.jsonl,Small historical report or structured evidence absent from GitHub.
PATH_HASH_ONLY,research,/nvme2/user/qyy/SafeVLA/research/runs/EXP-B0-REPRO-001A/execution_20260912/repeat/exit_code.txt,2,9a271f2a916b0b6ee6cecb2426f0b3206ef074578be55d9bc94f6f3fe3ab86aa,,"Raw runtime artifact, patch, binary, or log; retain original server bytes."
PATH_HASH_ONLY,research,/nvme2/user/qyy/SafeVLA/research/runs/EXP-B0-REPRO-001A/execution_20260912/repeat/git_HEAD.txt,41,bca438f41e001848b9d8628078fb753e9ad2db1e411106abf0aeda9c73d9e7c5,,"Raw runtime artifact, patch, binary, or log; retain original server bytes."
PATH_HASH_ONLY,research,/nvme2/user/qyy/SafeVLA/research/runs/EXP-B0-REPRO-001A/execution_20260912/repeat/git_diff.patch,1922,c4a8194d337c37a7a8765a01a11175778301b284211b3b32cd87de55088d3816,,"Raw runtime artifact, patch, binary, or log; retain original server bytes."
PATH_HASH_ONLY,research,/nvme2/user/qyy/SafeVLA/research/runs/EXP-B0-REPRO-001A/execution_20260912/repeat/git_status.txt,92,6e5957bb6491c2ea3f8024379d62c5522dddb2c7fef10901dda6fed2e5c126d1,,"Raw runtime artifact, patch, binary, or log; retain original server bytes."
MUST_GIT,research,/nvme2/user/qyy/SafeVLA/research/runs/EXP-B0-REPRO-001A/execution_20260912/repeat/installed_dependencies.json,16598,60ebd6f3b662475efb629fd9e3521eb3ff6da7bd01a1342f6d02673e0c3dd3fa,research/history/evidence-alignment-20260919/legacy_development/research/runs/EXP-B0-REPRO-001A/execution_20260912/repeat/installed_dependencies.json,Small historical report or structured evidence absent from GitHub.
MUST_GIT,research,/nvme2/user/qyy/SafeVLA/research/runs/EXP-B0-REPRO-001A/execution_20260912/repeat/observed_loader_paths.json,166,69ade25f455cc1875075af359ab5e90dac417651d375f2a7391836f6cbb7dc0e,research/history/evidence-alignment-20260919/legacy_development/research/runs/EXP-B0-REPRO-001A/execution_20260912/repeat/observed_loader_paths.json,Small historical report or structured evidence absent from GitHub.
DO_NOT_SHARE_CONTROL,research,/nvme2/user/qyy/SafeVLA/research/runs/EXP-B0-REPRO-001A/execution_20260912/repeat/observer.py,10865,495cf37aa552db9aaec6dcf333e18b78395eb5b2170149b5c1b67a567f876f02,,"Runtime code/launcher, environment dump, or ephemeral process state; excluded from shared control plane."
MUST_GIT,research,/nvme2/user/qyy/SafeVLA/research/runs/EXP-B0-REPRO-001A/execution_20260912/repeat/observer_errors.json,2,4f53cda18c2baa0c0354bb5f9a3ecbe5ed12ab4d8e11ba873c2f11161202b945,research/history/evidence-alignment-20260919/legacy_development/research/runs/EXP-B0-REPRO-001A/execution_20260912/repeat/observer_errors.json,Small historical report or structured evidence absent from GitHub.
PATH_HASH_ONLY,research,"/nvme2/user/qyy/SafeVLA/research/runs/EXP-B0-REPRO-001A/execution_20260912/repeat/official_output/001A-20260912-repeat/09_12_2026_17_59_52_977976/0_0_0_0_0_Success_task=ObjectNavType,house=13125,sub_house_id=103_find-a-bowl.mp4",419779,0acf5de977be692e7dab97dfe21dd4d9420e220bbe60a7c6f164313f04d84fd3,,"Raw runtime artifact, patch, binary, or log; retain original server bytes."
PATH_HASH_ONLY,research,"/nvme2/user/qyy/SafeVLA/research/runs/EXP-B0-REPRO-001A/execution_20260912/repeat/official_output/001A-20260912-repeat/09_12_2026_17_59_52_977976/0_0_0_0_0_Success_task=ObjectNavType,house=13125,sub_house_id=103_find-a-bowl.mp4_topdown.png",47988,a8137d4fe8cf4a2d68f810c5d1ffc027f952f8755613d4c994f93d84455f6609,,"Raw runtime artifact, patch, binary, or log; retain original server bytes."
PATH_HASH_ONLY,research,"/nvme2/user/qyy/SafeVLA/research/runs/EXP-B0-REPRO-001A/execution_20260912/repeat/official_output/001A-20260912-repeat/09_12_2026_17_59_52_977976/0_0_0_0_0_Success_task=ObjectNavType,house=13653,sub_house_id=127_go-to-an-alarm-clock.mp4",262110,82f389ebc97fc716c29b6d88b2da9b35a11d0f8e0eb93f276d6aef27914c4919,,"Raw runtime artifact, patch, binary, or log; retain original server bytes."
PATH_HASH_ONLY,research,"/nvme2/user/qyy/SafeVLA/research/runs/EXP-B0-REPRO-001A/execution_20260912/repeat/official_output/001A-20260912-repeat/09_12_2026_17_59_52_977976/0_0_0_0_0_Success_task=ObjectNavType,house=13653,sub_house_id=127_go-to-an-alarm-clock.mp4_topdown.png",38105,c0203a074524beff08ef1070108c73bf03049eb7a52908be01df064ae0650fff,,"Raw runtime artifact, patch, binary, or log; retain original server bytes."
MUST_GIT,research,/nvme2/user/qyy/SafeVLA/research/runs/EXP-B0-REPRO-001A/execution_20260912/repeat/official_output/001A-20260912-repeat/09_12_2026_17_59_52_977976/wandb/wandb/offline-run-20260912_175953-50zv0pzh/files/media/table/AggregatedResults/ObjectNavType_5_c4415a12c37256a07786.table.json,422,c4415a12c37256a077864ca00f61aa8b711d509a607ebeb973b3a4c6fc3093ce,research/history/evidence-alignment-20260919/legacy_development/research/runs/EXP-B0-REPRO-001A/execution_20260912/repeat/official_output/001A-20260912-repeat/09_12_2026_17_59_52_977976/wandb/wandb/offline-run-20260912_175953-50zv0pzh/files/media/table/AggregatedResults/ObjectNavType_5_c4415a12c37256a07786.table.json,Small historical report or structured evidence absent from GitHub.
MUST_GIT,research,/nvme2/user/qyy/SafeVLA/research/runs/EXP-B0-REPRO-001A/execution_20260912/repeat/official_output/001A-20260912-repeat/09_12_2026_17_59_52_977976/wandb/wandb/offline-run-20260912_175953-50zv0pzh/files/media/table/DataStat/ObjectNavType/broad_synset_to_object_ids_1_2ffd139858a716fab288.table.json,82,2ffd139858a716fab288c913a46a99c9d7cf16cd75358a33cb4bb09c5d7f599c,research/history/evidence-alignment-20260919/legacy_development/research/runs/EXP-B0-REPRO-001A/execution_20260912/repeat/official_output/001A-20260912-repeat/09_12_2026_17_59_52_977976/wandb/wandb/offline-run-20260912_175953-50zv0pzh/files/media/table/DataStat/ObjectNavType/broad_synset_to_object_ids_1_2ffd139858a716fab288.table.json,Small historical report or structured evidence absent from GitHub.
MUST_GIT,research,/nvme2/user/qyy/SafeVLA/research/runs/EXP-B0-REPRO-001A/execution_20260912/repeat/official_output/001A-20260912-repeat/09_12_2026_17_59_52_977976/wandb/wandb/offline-run-20260912_175953-50zv0pzh/files/media/table/DataStat/ObjectNavType/synsets_0_2ffd139858a716fab288.table.json,82,2ffd139858a716fab288c913a46a99c9d7cf16cd75358a33cb4bb09c5d7f599c,research/history/evidence-alignment-20260919/legacy_development/research/runs/EXP-B0-REPRO-001A/execution_20260912/repeat/official_output/001A-20260912-repeat/09_12_2026_17_59_52_977976/wandb/wandb/offline-run-20260912_175953-50zv0pzh/files/media/table/DataStat/ObjectNavType/synsets_0_2ffd139858a716fab288.table.json,Small historical report or structured evidence absent from GitHub.
MUST_GIT,research,/nvme2/user/qyy/SafeVLA/research/runs/EXP-B0-REPRO-001A/execution_20260912/repeat/official_output/001A-20260912-repeat/09_12_2026_17_59_52_977976/wandb/wandb/offline-run-20260912_175953-50zv0pzh/files/media/table/FullAggregatedResults_6_f207e633ce584fd45ebd.table.json,469,f207e633ce584fd45ebd6121facb9868b33f897ac733e47deff2cd75f7c9131c,research/history/evidence-alignment-20260919/legacy_development/research/runs/EXP-B0-REPRO-001A/execution_20260912/repeat/official_output/001A-20260912-repeat/09_12_2026_17_59_52_977976/wandb/wandb/offline-run-20260912_175953-50zv0pzh/files/media/table/FullAggregatedResults_6_f207e633ce584fd45ebd.table.json,Small historical report or structured evidence absent from GitHub.
MUST_GIT,research,/nvme2/user/qyy/SafeVLA/research/runs/EXP-B0-REPRO-001A/execution_20260912/repeat/official_output/001A-20260912-repeat/09_12_2026_17_59_52_977976/wandb/wandb/offline-run-20260912_175953-50zv0pzh/files/media/table/PerObjectType/ObjectNavType_4_afcdb7db0ab323c52a18.table.json,224,afcdb7db0ab323c52a180e2e4ec0d3740d1f6e47a475ce46cd42f4eaf9ff74a8,research/history/evidence-alignment-20260919/legacy_development/research/runs/EXP-B0-REPRO-001A/execution_20260912/repeat/official_output/001A-20260912-repeat/09_12_2026_17_59_52_977976/wandb/wandb/offline-run-20260912_175953-50zv0pzh/files/media/table/PerObjectType/ObjectNavType_4_afcdb7db0ab323c52a18.table.json,Small historical report or structured evidence absent from GitHub.
MUST_GIT,research,/nvme2/user/qyy/SafeVLA/research/runs/EXP-B0-REPRO-001A/execution_20260912/repeat/official_output/001A-20260912-repeat/09_12_2026_17_59_52_977976/wandb/wandb/offline-run-20260912_175953-50zv0pzh/files/media/table/VideoTable/ObjectNavType_3_d7a32663cc00ba4ee216.table.json,1683,d7a32663cc00ba4ee2169dd23053b09db9cf253db46de83f26cc413af5f7a020,research/history/evidence-alignment-20260919/legacy_development/research/runs/EXP-B0-REPRO-001A/execution_20260912/repeat/official_output/001A-20260912-repeat/09_12_2026_17_59_52_977976/wandb/wandb/offline-run-20260912_175953-50zv0pzh/files/media/table/VideoTable/ObjectNavType_3_d7a32663cc00ba4ee216.table.json,Small historical report or structured evidence absent from GitHub.
MUST_GIT,research,/nvme2/user/qyy/SafeVLA/research/runs/EXP-B0-REPRO-001A/execution_20260912/repeat/official_output/001A-20260912-repeat/09_12_2026_17_59_52_977976/wandb/wandb/offline-run-20260912_175953-50zv0pzh/files/media/table/metrics_2_31d119e6254fe0705a3d.table.json,255,31d119e6254fe0705a3d28e1b857d76ffc0149ad6683f4032b390a0174b0933f,research/history/evidence-alignment-20260919/legacy_development/research/runs/EXP-B0-REPRO-001A/execution_20260912/repeat/official_output/001A-20260912-repeat/09_12_2026_17_59_52_977976/wandb/wandb/offline-run-20260912_175953-50zv0pzh/files/media/table/metrics_2_31d119e6254fe0705a3d.table.json,Small historical report or structured evidence absent from GitHub.
PATH_HASH_ONLY,research,/nvme2/user/qyy/SafeVLA/research/runs/EXP-B0-REPRO-001A/execution_20260912/repeat/official_output/001A-20260912-repeat/09_12_2026_17_59_52_977976/wandb/wandb/offline-run-20260912_175953-50zv0pzh/files/requirements.txt,4736,7f19831befc5e06c78cbe512d9dc528ed8f0653afed69f196fb6e259ac0aaeab,,"Raw runtime artifact, patch, binary, or log; retain original server bytes."
PATH_HASH_ONLY,research,/nvme2/user/qyy/SafeVLA/research/runs/EXP-B0-REPRO-001A/execution_20260912/repeat/official_output/001A-20260912-repeat/09_12_2026_17_59_52_977976/wandb/wandb/offline-run-20260912_175953-50zv0pzh/logs/debug-internal.log,1393,e11cb42b70fb22c1dd8bc6637816647b2b44bfce10eac705714d2bba79a7e39f,,"Raw runtime artifact, patch, binary, or log; retain original server bytes."
PATH_HASH_ONLY,research,/nvme2/user/qyy/SafeVLA/research/runs/EXP-B0-REPRO-001A/execution_20260912/repeat/official_output/001A-20260912-repeat/09_12_2026_17_59_52_977976/wandb/wandb/offline-run-20260912_175953-50zv0pzh/logs/debug.log,2987,e6209da210807494b33e675b57c465fe3ed724fe4b3fb41f965f21f17677a755,,"Raw runtime artifact, patch, binary, or log; retain original server bytes."
PATH_HASH_ONLY,research,/nvme2/user/qyy/SafeVLA/research/runs/EXP-B0-REPRO-001A/execution_20260912/repeat/official_output/001A-20260912-repeat/09_12_2026_17_59_52_977976/wandb/wandb/offline-run-20260912_175953-50zv0pzh/run-50zv0pzh.wandb,127021,3132808482115c217e95932889f968383371561bcbd67aba2330ba774257b3e3,,"Raw runtime artifact, patch, binary, or log; retain original server bytes."
MUST_GIT,research,/nvme2/user/qyy/SafeVLA/research/runs/EXP-B0-REPRO-001A/execution_20260912/repeat/per_episode_results.jsonl,423161,f8bbf15cb92f863877cfe04beba756442ba9b780c31e419618bad2f6bcea6ae0,research/history/evidence-alignment-20260919/legacy_development/research/runs/EXP-B0-REPRO-001A/execution_20260912/repeat/per_episode_results.jsonl,Small historical report or structured evidence absent from GitHub.
PATH_HASH_ONLY,research,/nvme2/user/qyy/SafeVLA/research/runs/EXP-B0-REPRO-001A/execution_20260912/repeat/raw.log,55896,3d60a530093629b89f05083d296641053895a466a62f9b9a780fc3ae9b1700f8,,"Raw runtime artifact, patch, binary, or log; retain original server bytes."
MUST_GIT,research,/nvme2/user/qyy/SafeVLA/research/runs/EXP-B0-REPRO-001A/execution_20260912/repeat/selected_tasks.json,2520,2a7c8876aae63b16661eed7206657448495de1847649dcb7cf21bccd2748cca2,research/history/evidence-alignment-20260919/legacy_development/research/runs/EXP-B0-REPRO-001A/execution_20260912/repeat/selected_tasks.json,Small historical report or structured evidence absent from GitHub.
MUST_GIT,research,/nvme2/user/qyy/SafeVLA/research/runs/EXP-B0-REPRO-001A/execution_20260912/repeat/source_sha256.json,11938,554433207830f181b8f7d8f8d1191eca8451bdd4a66e55d4ffbd2e60bb0c9843,research/history/evidence-alignment-20260919/legacy_development/research/runs/EXP-B0-REPRO-001A/execution_20260912/repeat/source_sha256.json,Small historical report or structured evidence absent from GitHub.
PATH_HASH_ONLY,research,/nvme2/user/qyy/SafeVLA/research/runs/EXP-B0-REPRO-001A/execution_20260912/repeat/source_snapshot.tar.gz,52435836,c5f037e0a5dd0325f0f0433ffaa98846debe188a67bc0ba0de1b0fcce3309a05,,"Raw runtime artifact, patch, binary, or log; retain original server bytes."
PATH_HASH_ONLY,research,/nvme2/user/qyy/SafeVLA/research/runs/EXP-B0-REPRO-001A/execution_20260912/repeat.raw.log,55896,3d60a530093629b89f05083d296641053895a466a62f9b9a780fc3ae9b1700f8,,"Raw runtime artifact, patch, binary, or log; retain original server bytes."
DO_NOT_SHARE_CONTROL,research,/nvme2/user/qyy/SafeVLA/research/runs/EXP-B0-REPRO-001A/execution_20260912/run_smoke.py,10865,495cf37aa552db9aaec6dcf333e18b78395eb5b2170149b5c1b67a567f876f02,,"Runtime code/launcher, environment dump, or ephemeral process state; excluded from shared control plane."
DO_NOT_SHARE_CONTROL,research,/nvme2/user/qyy/SafeVLA/research/runs/EXP-B0-REPRO-001A/execution_20260912/validate_smoke.py,6450,3fdb438cc5ec76e5a47f24e3e2789135dd4e0adc2f983eefe275e97eebd81fc5,,"Runtime code/launcher, environment dump, or ephemeral process state; excluded from shared control plane."
MUST_GIT,research,/nvme2/user/qyy/SafeVLA/research/runs/EXP-B0-REPRO-001A/preflight/BEHAVIOR_AUDIT.md,3137,f189793b84b5191e8eac9e5328f415929f6fe3e36e7a56be6058c8e92c6467de,research/history/evidence-alignment-20260919/legacy_development/research/runs/EXP-B0-REPRO-001A/preflight/BEHAVIOR_AUDIT.md,Small historical report or structured evidence absent from GitHub.
MUST_GIT,research,/nvme2/user/qyy/SafeVLA/research/runs/EXP-B0-REPRO-001A/preflight/before_CURRENT_STATE.md,3441,7d930cf229ac95a841335f29449f66b842caf235001d2b3b5d1077d5af4ba6a3,research/history/evidence-alignment-20260919/legacy_development/research/runs/EXP-B0-REPRO-001A/preflight/before_CURRENT_STATE.md,Small historical report or structured evidence absent from GitHub.
MUST_GIT,research,/nvme2/user/qyy/SafeVLA/research/runs/EXP-B0-REPRO-001A/preflight/before_DECISION_LOG.md,1678,fd182aca600a8ef0a76fe71c1a0c74d34517c8c8d8fe4522bc1528a862bcc2e5,research/history/evidence-alignment-20260919/legacy_development/research/runs/EXP-B0-REPRO-001A/preflight/before_DECISION_LOG.md,Small historical report or structured evidence absent from GitHub.
MUST_GIT,research,/nvme2/user/qyy/SafeVLA/research/runs/EXP-B0-REPRO-001A/preflight/before_EXPERIMENT_REGISTER.md,1249,8a2a3eba351ea7e4351ee2105a2928e0ef6ad52a07a6fe29446c446e380fc993,research/history/evidence-alignment-20260919/legacy_development/research/runs/EXP-B0-REPRO-001A/preflight/before_EXPERIMENT_REGISTER.md,Small historical report or structured evidence absent from GitHub.
MUST_GIT,research,/nvme2/user/qyy/SafeVLA/research/runs/EXP-B0-REPRO-001A/preflight/candidate_commands_NOT_EXECUTED.json,1498,140205e71a887235f87915dba88dcfb4198e9af6771c8af6dd6756ec1b60fc2d,research/history/evidence-alignment-20260919/legacy_development/research/runs/EXP-B0-REPRO-001A/preflight/candidate_commands_NOT_EXECUTED.json,Small historical report or structured evidence absent from GitHub.
MUST_GIT,research,/nvme2/user/qyy/SafeVLA/research/runs/EXP-B0-REPRO-001A/preflight/dino_source_sha256.json,17530,938adc4db85a4e967f14479d62713c5495cc6cee01947413f9b5f89c085613b8,research/history/evidence-alignment-20260919/legacy_development/research/runs/EXP-B0-REPRO-001A/preflight/dino_source_sha256.json,Small historical report or structured evidence absent from GitHub.
PATH_HASH_ONLY,research,/nvme2/user/qyy/SafeVLA/research/runs/EXP-B0-REPRO-001A/preflight/dino_source_snapshot.tar.gz,167020,f563bc3077b4c397e43bc9bbe2975c6cd1d45b70fecd65dfc4be432e190a2f99,,"Raw runtime artifact, patch, binary, or log; retain original server bytes."
MUST_GIT,research,/nvme2/user/qyy/SafeVLA/research/runs/EXP-B0-REPRO-001A/preflight/final_validation.json,549,958527e84f1e4a211b90df0a1c0384cf2f69a40996de8d3e29e497491188eea4,research/history/evidence-alignment-20260919/legacy_development/research/runs/EXP-B0-REPRO-001A/preflight/final_validation.json,Small historical report or structured evidence absent from GitHub.
PATH_HASH_ONLY,research,/nvme2/user/qyy/SafeVLA/research/runs/EXP-B0-REPRO-001A/preflight/git_diff.patch,19363,f69354e479fdc1f7ad78ab0f30f5ee57e5b4b50a3cbfff2c53e5f69792d7599b,,"Raw runtime artifact, patch, binary, or log; retain original server bytes."
PATH_HASH_ONLY,research,/nvme2/user/qyy/SafeVLA/research/runs/EXP-B0-REPRO-001A/preflight/git_head.txt,41,123cd5355d066d90f4722ba9c5f07ea548f4357fd6adb4e1660f90cc8abf1873,,"Raw runtime artifact, patch, binary, or log; retain original server bytes."
PATH_HASH_ONLY,research,/nvme2/user/qyy/SafeVLA/research/runs/EXP-B0-REPRO-001A/preflight/git_status.final.txt,335,85e81f88b548b7ef74899ea5723948b97c5d0112ecf9ed3449e53288d4284ad4,,"Raw runtime artifact, patch, binary, or log; retain original server bytes."
PATH_HASH_ONLY,research,/nvme2/user/qyy/SafeVLA/research/runs/EXP-B0-REPRO-001A/preflight/git_status.preflight.txt,335,85e81f88b548b7ef74899ea5723948b97c5d0112ecf9ed3449e53288d4284ad4,,"Raw runtime artifact, patch, binary, or log; retain original server bytes."
PATH_HASH_ONLY,research,/nvme2/user/qyy/SafeVLA/research/runs/EXP-B0-REPRO-001A/preflight/official_reference.txt,41,bca438f41e001848b9d8628078fb753e9ad2db1e411106abf0aeda9c73d9e7c5,,"Raw runtime artifact, patch, binary, or log; retain original server bytes."
PATH_HASH_ONLY,research,/nvme2/user/qyy/SafeVLA/research/runs/EXP-B0-REPRO-001A/preflight/official_reference_to_worktree.patch,85103,7076ba90d731079fee19c374c191b0eb72b07447672134b0af55596a702f3ebe,,"Raw runtime artifact, patch, binary, or log; retain original server bytes."
MUST_GIT,research,/nvme2/user/qyy/SafeVLA/research/runs/EXP-B0-REPRO-001A/preflight/preflight_manifest.json,1902,48bd9bf24079f53f69a0e5c06004c4ac4440120f12a91cfc30ae740af6df36e5,research/history/evidence-alignment-20260919/legacy_development/research/runs/EXP-B0-REPRO-001A/preflight/preflight_manifest.json,Small historical report or structured evidence absent from GitHub.
MUST_GIT,research,/nvme2/user/qyy/SafeVLA/research/runs/EXP-B0-REPRO-001A/preflight/previous_NEXT_EXPERIMENT.md,3183,86ba235335f70ea09038ed46cc0157ebe4da9463f38060e5e15c310f31ecd20e,research/history/evidence-alignment-20260919/legacy_development/research/runs/EXP-B0-REPRO-001A/preflight/previous_NEXT_EXPERIMENT.md,Small historical report or structured evidence absent from GitHub.
MUST_GIT,research,/nvme2/user/qyy/SafeVLA/research/runs/EXP-B0-REPRO-001A/preflight/registered_design.md,3826,4d28d1958796ac01625315ee0aaeab77760dfa0842385984b16049675fdcc566,research/history/evidence-alignment-20260919/legacy_development/research/runs/EXP-B0-REPRO-001A/preflight/registered_design.md,Small historical report or structured evidence absent from GitHub.
PATH_HASH_ONLY,research,/nvme2/user/qyy/SafeVLA/research/runs/EXP-B0-REPRO-001A/preflight/runtime_source_snapshot.tar.gz,180437,104df81a96bca1f0bea801d165902064edce82e81f07f25be1b005c918615ba4,,"Raw runtime artifact, patch, binary, or log; retain original server bytes."
MUST_GIT,research,/nvme2/user/qyy/SafeVLA/research/runs/EXP-B0-REPRO-001A/preflight/source_sha256.json,10789,65c9aabec0a4b7a3c8ad644d8bfd63dd1b36383352a54e3efb431a4ebb89737d,research/history/evidence-alignment-20260919/legacy_development/research/runs/EXP-B0-REPRO-001A/preflight/source_sha256.json,Small historical report or structured evidence absent from GitHub.
MUST_GIT,full200,/nvme2/user/qyy/SafeVLA/eval/objectnav-full-minival-200-20260803-gpu0-w4/ObjectNavType/safevla-objectnav-full-minival-200-20260803-gpu0-w4/08_03_2026_01_16_39_731179/wandb/wandb/run-20260803_011640-z9jilvit/files/wandb-summary.json,5024,8d5b536a182ea43665bda06721c0506ed357b62cc6e2e7b1d41d6b5d56a27005,research/history/evidence-alignment-20260919/full200/wandb-summary.json,Original final table pointers and source hashes.
MUST_GIT,full200,/nvme2/user/qyy/SafeVLA/eval/objectnav-full-minival-200-20260803-gpu0-w4/ObjectNavType/safevla-objectnav-full-minival-200-20260803-gpu0-w4/08_03_2026_01_16_39_731179/wandb/wandb/run-20260803_011640-z9jilvit/files/media/table/PerObjectType/ObjectNavType_150_34ab763c7c37bcc33264.table.json,2128,34ab763c7c37bcc33264c8b0b80bc8f9fc58dee2be1a0357ecc05149b28935f0,research/history/evidence-alignment-20260919/full200/media/table/PerObjectType/ObjectNavType_150_34ab763c7c37bcc33264.table.json,Final W&B table explicitly referenced by the historical run summary.
MUST_GIT,full200,/nvme2/user/qyy/SafeVLA/eval/objectnav-full-minival-200-20260803-gpu0-w4/ObjectNavType/safevla-objectnav-full-minival-200-20260803-gpu0-w4/08_03_2026_01_16_39_731179/wandb/wandb/run-20260803_011640-z9jilvit/files/media/table/VideoTable/ObjectNavType_149_8c935d47dee2ab2e2441.table.json,130846,8c935d47dee2ab2e244146506fff9a9cbbbc45b75e662e2ef2c77a84f2226771,research/history/evidence-alignment-20260919/full200/media/table/VideoTable/ObjectNavType_149_8c935d47dee2ab2e2441.table.json,Final W&B table explicitly referenced by the historical run summary.
MUST_GIT,full200,/nvme2/user/qyy/SafeVLA/eval/objectnav-full-minival-200-20260803-gpu0-w4/ObjectNavType/safevla-objectnav-full-minival-200-20260803-gpu0-w4/08_03_2026_01_16_39_731179/wandb/wandb/run-20260803_011640-z9jilvit/files/media/table/DataStat/ObjectNavType/synsets_0_ee18f400c7332bc37421.table.json,376,ee18f400c7332bc3742140bca5f1b4f77f6a83e5394983cf6d21e3d2d2088378,research/history/evidence-alignment-20260919/full200/media/table/DataStat/ObjectNavType/synsets_0_ee18f400c7332bc37421.table.json,Final W&B table explicitly referenced by the historical run summary.
MUST_GIT,full200,/nvme2/user/qyy/SafeVLA/eval/objectnav-full-minival-200-20260803-gpu0-w4/ObjectNavType/safevla-objectnav-full-minival-200-20260803-gpu0-w4/08_03_2026_01_16_39_731179/wandb/wandb/run-20260803_011640-z9jilvit/files/media/table/FullAggregatedResults_152_dfc978c4d00a5b3e8bc9.table.json,611,dfc978c4d00a5b3e8bc9feec0fe8fc61404458cbf85baaddf9c882119d0f7147,research/history/evidence-alignment-20260919/full200/media/table/FullAggregatedResults_152_dfc978c4d00a5b3e8bc9.table.json,Final W&B table explicitly referenced by the historical run summary.
MUST_GIT,full200,/nvme2/user/qyy/SafeVLA/eval/objectnav-full-minival-200-20260803-gpu0-w4/ObjectNavType/safevla-objectnav-full-minival-200-20260803-gpu0-w4/08_03_2026_01_16_39_731179/wandb/wandb/run-20260803_011640-z9jilvit/files/media/table/AggregatedResults/ObjectNavType_151_c3e796267b99e46fb9b7.table.json,564,c3e796267b99e46fb9b71fad97a989fadb197fbe3b44ae74ba20a2ee33e32760,research/history/evidence-alignment-20260919/full200/media/table/AggregatedResults/ObjectNavType_151_c3e796267b99e46fb9b7.table.json,Final W&B table explicitly referenced by the historical run summary.
MUST_GIT,full200,/nvme2/user/qyy/SafeVLA/eval/objectnav-full-minival-200-20260803-gpu0-w4/ObjectNavType/safevla-objectnav-full-minival-200-20260803-gpu0-w4/08_03_2026_01_16_39_731179/wandb/wandb/run-20260803_011640-z9jilvit/files/media/table/DataStat/ObjectNavType/broad_synset_to_object_ids_1_ee18f400c7332bc37421.table.json,376,ee18f400c7332bc3742140bca5f1b4f77f6a83e5394983cf6d21e3d2d2088378,research/history/evidence-alignment-20260919/full200/media/table/DataStat/ObjectNavType/broad_synset_to_object_ids_1_ee18f400c7332bc37421.table.json,Final W&B table explicitly referenced by the historical run summary.
MUST_GIT,full200,/nvme2/user/qyy/SafeVLA/eval/objectnav-full-minival-200-20260803-gpu0-w4/ObjectNavType/safevla-objectnav-full-minival-200-20260803-gpu0-w4/08_03_2026_01_16_39_731179/wandb/wandb/run-20260803_011640-z9jilvit/files/media/table/metrics_148_515a6739806aeefa1604.table.json,14785,515a6739806aeefa16043d1e6aa7fbc1b48526a5c8690462e87a3817dc9cc8b5,research/history/evidence-alignment-20260919/full200/media/table/metrics_148_515a6739806aeefa1604.table.json,Final W&B table explicitly referenced by the historical run summary.
MUST_GIT,full200,/nvme2/user/qyy/SafeVLA/eval/objectnav-full-minival-200-20260803-gpu0-w4/ObjectNavType/safevla-objectnav-full-minival-200-20260803-gpu0-w4/08_03_2026_01_16_39_731179/wandb/wandb/run-20260803_011640-z9jilvit/files/分析output.md,23670,36ae39b5698cc33f825aeff85cfd28bfa474f726fc0fae32edd749b98d381512,research/history/evidence-alignment-20260919/full200/legacy_analysis/分析output.md,Historical analysis artifact; archived claims/recommendations are not current authority.
MUST_GIT,full200,/nvme2/user/qyy/SafeVLA/eval/objectnav-full-minival-200-20260803-gpu0-w4/ObjectNavType/safevla-objectnav-full-minival-200-20260803-gpu0-w4/08_03_2026_01_16_39_731179/wandb/wandb/run-20260803_011640-z9jilvit/files/RECOVERY_AUDIT.md,6390,cdf7eb54dedb949a4741bc1bea07c2b44c052676ae346cf3e3569601d562beba,research/history/evidence-alignment-20260919/full200/legacy_analysis/RECOVERY_AUDIT.md,Historical analysis artifact; archived claims/recommendations are not current authority.
MUST_GIT,full200,/nvme2/user/qyy/SafeVLA/eval/objectnav-full-minival-200-20260803-gpu0-w4/ObjectNavType/safevla-objectnav-full-minival-200-20260803-gpu0-w4/08_03_2026_01_16_39_731179/wandb/wandb/run-20260803_011640-z9jilvit/files/narrow_broad_reanalysis.csv,1842,85557c32988015c50dbb8d74a3a98a175e085b5d4ed6df75e1458bbc36a8f7c4,research/history/evidence-alignment-20260919/full200/legacy_analysis/narrow_broad_reanalysis.csv,Historical analysis artifact; archived claims/recommendations are not current authority.
MUST_GIT,full200,/nvme2/user/qyy/SafeVLA/eval/objectnav-full-minival-200-20260803-gpu0-w4/ObjectNavType/safevla-objectnav-full-minival-200-20260803-gpu0-w4/08_03_2026_01_16_39_731179/wandb/wandb/run-20260803_011640-z9jilvit/files/narrow_broad_reanalysis.py,2658,0c15b85d503ca257691c514fdffba54e9eb5491fce0b1751ce2fee3c9117e589,research/history/evidence-alignment-20260919/full200/legacy_analysis/narrow_broad_reanalysis.py,Historical analysis artifact; archived claims/recommendations are not current authority.
PATH_HASH_ONLY,full200,/nvme2/user/qyy/SafeVLA/eval/objectnav-full-minival-200-20260803-gpu0-w4/ObjectNavType/safevla-objectnav-full-minival-200-20260803-gpu0-w4/08_03_2026_01_16_39_731179/wandb/wandb/run-20260803_011640-z9jilvit/files/output.log,45409,1cb5600ff02306f1f3edd481f28e68b41473b03317174b652464ae75db917daf,,Complete runtime log/config metadata stays on server; selected non-sensitive identity is shared separately.
PATH_HASH_ONLY,full200,/nvme2/user/qyy/SafeVLA/eval/objectnav-full-minival-200-20260803-gpu0-w4/ObjectNavType/safevla-objectnav-full-minival-200-20260803-gpu0-w4/08_03_2026_01_16_39_731179/wandb/wandb/run-20260803_011640-z9jilvit/files/wandb-metadata.json,2407,20fdcea4ea14ede77037ee488e2926d0325ac047e18bd8c900fb6e8139c78467,,Complete runtime log/config metadata stays on server; selected non-sensitive identity is shared separately.
PATH_HASH_ONLY,full200,/nvme2/user/qyy/SafeVLA/eval/objectnav-full-minival-200-20260803-gpu0-w4/ObjectNavType/safevla-objectnav-full-minival-200-20260803-gpu0-w4/08_03_2026_01_16_39_731179/wandb/wandb/run-20260803_011640-z9jilvit/files/requirements.txt,4736,7f19831befc5e06c78cbe512d9dc528ed8f0653afed69f196fb6e259ac0aaeab,,Complete runtime log/config metadata stays on server; selected non-sensitive identity is shared separately.
PATH_HASH_ONLY,full200,/nvme2/user/qyy/SafeVLA/eval/objectnav-full-minival-200-20260803-gpu0-w4/ObjectNavType/safevla-objectnav-full-minival-200-20260803-gpu0-w4/08_03_2026_01_16_39_731179/wandb/wandb/run-20260803_011640-z9jilvit/files/config.yaml,3779,377f5825c6778f1d61ef4567aa8634bad9557bc800f86e795d2a2baad2282f91,,Complete runtime log/config metadata stays on server; selected non-sensitive identity is shared separately.
PATH_HASH_ONLY,full200_media,"/nvme2/user/qyy/SafeVLA/eval/objectnav-full-minival-200-20260803-gpu0-w4/ObjectNavType/safevla-objectnav-full-minival-200-20260803-gpu0-w4/08_03_2026_01_16_39_731179/0_0_0_0_0_Failed_task=ObjectNavType,house=10248,sub_house_id=24_locate-a-vase.mp4",2790431,12fd766f54c1dbb65db7054acb30ed8a5d3a12eb9f8f80b72496c04a7dc62207,,Raw video/image retained on server; no media uploaded.
PATH_HASH_ONLY,full200_media,"/nvme2/user/qyy/SafeVLA/eval/objectnav-full-minival-200-20260803-gpu0-w4/ObjectNavType/safevla-objectnav-full-minival-200-20260803-gpu0-w4/08_03_2026_01_16_39_731179/0_0_0_0_0_Failed_task=ObjectNavType,house=10248,sub_house_id=24_locate-a-vase.mp4_topdown.png",34840,55f218ed27ee653fdca64efb5b76d68ce68d4df0d8a16659f599cf399952b0ed,,Raw video/image retained on server; no media uploaded.
PATH_HASH_ONLY,full200_media,"/nvme2/user/qyy/SafeVLA/eval/objectnav-full-minival-200-20260803-gpu0-w4/ObjectNavType/safevla-objectnav-full-minival-200-20260803-gpu0-w4/08_03_2026_01_16_39_731179/0_0_0_0_0_Failed_task=ObjectNavType,house=11295,sub_house_id=55_navigate-to-a-sofa.mp4",18770,0082858986d73a848b0d566da2ff755555d152bb52ca8729a7223c2b9c62a8cb,,Raw video/image retained on server; no media uploaded.
PATH_HASH_ONLY,full200_media,"/nvme2/user/qyy/SafeVLA/eval/objectnav-full-minival-200-20260803-gpu0-w4/ObjectNavType/safevla-objectnav-full-minival-200-20260803-gpu0-w4/08_03_2026_01_16_39_731179/0_0_0_0_0_Failed_task=ObjectNavType,house=11295,sub_house_id=55_navigate-to-a-sofa.mp4_topdown.png",48081,c2eb2e948472e440f17ae9c40eb94ad15acb376bfe0afd14f009f48fe0af0f19,,Raw video/image retained on server; no media uploaded.
PATH_HASH_ONLY,full200_media,"/nvme2/user/qyy/SafeVLA/eval/objectnav-full-minival-200-20260803-gpu0-w4/ObjectNavType/safevla-objectnav-full-minival-200-20260803-gpu0-w4/08_03_2026_01_16_39_731179/0_0_0_0_0_Failed_task=ObjectNavType,house=12479,sub_house_id=68_locate-a-spray-bottle.mp4",130811,bbc231219b57e4f08bf434ade9f95a095490f25a340498d16497435196662ba5,,Raw video/image retained on server; no media uploaded.
PATH_HASH_ONLY,full200_media,"/nvme2/user/qyy/SafeVLA/eval/objectnav-full-minival-200-20260803-gpu0-w4/ObjectNavType/safevla-objectnav-full-minival-200-20260803-gpu0-w4/08_03_2026_01_16_39_731179/0_0_0_0_0_Failed_task=ObjectNavType,house=12479,sub_house_id=68_locate-a-spray-bottle.mp4_topdown.png",37876,e5cb07d05990378d360382216f3930ef0f9984a086f9c11a9e7e97ca02fac4e7,,Raw video/image retained on server; no media uploaded.
PATH_HASH_ONLY,full200_media,"/nvme2/user/qyy/SafeVLA/eval/objectnav-full-minival-200-20260803-gpu0-w4/ObjectNavType/safevla-objectnav-full-minival-200-20260803-gpu0-w4/08_03_2026_01_16_39_731179/0_0_0_0_0_Failed_task=ObjectNavType,house=12500,sub_house_id=100_navigate-to-a-television.mp4",3662835,1a888264f83e3423feab792b8a29fb655b468dea81297de35f159e048f75e1af,,Raw video/image retained on server; no media uploaded.
PATH_HASH_ONLY,full200_media,"/nvme2/user/qyy/SafeVLA/eval/objectnav-full-minival-200-20260803-gpu0-w4/ObjectNavType/safevla-objectnav-full-minival-200-20260803-gpu0-w4/08_03_2026_01_16_39_731179/0_0_0_0_0_Failed_task=ObjectNavType,house=12500,sub_house_id=100_navigate-to-a-television.mp4_topdown.png",23681,a9e1988dd474ef2f28c6748eb6215d9b0647d867b08d219a6feb77f0ca4f5673,,Raw video/image retained on server; no media uploaded.
PATH_HASH_ONLY,full200_media,"/nvme2/user/qyy/SafeVLA/eval/objectnav-full-minival-200-20260803-gpu0-w4/ObjectNavType/safevla-objectnav-full-minival-200-20260803-gpu0-w4/08_03_2026_01_16_39_731179/0_0_0_0_0_Failed_task=ObjectNavType,house=13265,sub_house_id=65_find-a-bowl.mp4",5436824,6d8afef8c20c2890e2d6fbad9df8b1848176f8fc1cd3b2dbea7eacbc5f51f7b9,,Raw video/image retained on server; no media uploaded.
PATH_HASH_ONLY,full200_media,"/nvme2/user/qyy/SafeVLA/eval/objectnav-full-minival-200-20260803-gpu0-w4/ObjectNavType/safevla-objectnav-full-minival-200-20260803-gpu0-w4/08_03_2026_01_16_39_731179/0_0_0_0_0_Failed_task=ObjectNavType,house=13265,sub_house_id=65_find-a-bowl.mp4_topdown.png",42287,bcf0b46c1cedded60253e463797f21895da7c0ed5560eaff46c7edda30eaf7c2,,Raw video/image retained on server; no media uploaded.
PATH_HASH_ONLY,full200_media,"/nvme2/user/qyy/SafeVLA/eval/objectnav-full-minival-200-20260803-gpu0-w4/ObjectNavType/safevla-objectnav-full-minival-200-20260803-gpu0-w4/08_03_2026_01_16_39_731179/0_0_0_0_0_Failed_task=ObjectNavType,house=13419,sub_house_id=120_go-to-a-trash-can.mp4",4482546,400cbc5d8b6dcc57f01561eece4657a090fc0ca2227d5435382ff0d21d7d06e4,,Raw video/image retained on server; no media uploaded.
PATH_HASH_ONLY,full200_media,"/nvme2/user/qyy/SafeVLA/eval/objectnav-full-minival-200-20260803-gpu0-w4/ObjectNavType/safevla-objectnav-full-minival-200-20260803-gpu0-w4/08_03_2026_01_16_39_731179/0_0_0_0_0_Failed_task=ObjectNavType,house=13419,sub_house_id=120_go-to-a-trash-can.mp4_topdown.png",54528,d2a00a7a4e24198d3d93a3af5756a5642b7ac955e99dddfc8b7133cf391ecd9f,,Raw video/image retained on server; no media uploaded.
PATH_HASH_ONLY,full200_media,"/nvme2/user/qyy/SafeVLA/eval/objectnav-full-minival-200-20260803-gpu0-w4/ObjectNavType/safevla-objectnav-full-minival-200-20260803-gpu0-w4/08_03_2026_01_16_39_731179/0_0_0_0_0_Failed_task=ObjectNavType,house=13422,sub_house_id=62_find-an-alarm-clock.mp4",5285845,498de41d5fe9f11049ba7f4b17d5a95707b096fab12c706f5201d065114c443b,,Raw video/image retained on server; no media uploaded.
PATH_HASH_ONLY,full200_media,"/nvme2/user/qyy/SafeVLA/eval/objectnav-full-minival-200-20260803-gpu0-w4/ObjectNavType/safevla-objectnav-full-minival-200-20260803-gpu0-w4/08_03_2026_01_16_39_731179/0_0_0_0_0_Failed_task=ObjectNavType,house=13422,sub_house_id=62_find-an-alarm-clock.mp4_topdown.png",43678,6bd3d7fc39847e544bdc4f5150bccd7e2cedd39a67b990c4d64cfe1856ebb348,,Raw video/image retained on server; no media uploaded.
PATH_HASH_ONLY,full200_media,"/nvme2/user/qyy/SafeVLA/eval/objectnav-full-minival-200-20260803-gpu0-w4/ObjectNavType/safevla-objectnav-full-minival-200-20260803-gpu0-w4/08_03_2026_01_16_39_731179/0_0_0_0_0_Failed_task=ObjectNavType,house=13458,sub_house_id=110_search-for-a-laptop.mp4",560800,fc2d84d8ec109038250ca5807680ec5172446a2889b1747d3726eccc9f9a7fa2,,Raw video/image retained on server; no media uploaded.
PATH_HASH_ONLY,full200_media,"/nvme2/user/qyy/SafeVLA/eval/objectnav-full-minival-200-20260803-gpu0-w4/ObjectNavType/safevla-objectnav-full-minival-200-20260803-gpu0-w4/08_03_2026_01_16_39_731179/0_0_0_0_0_Failed_task=ObjectNavType,house=13458,sub_house_id=110_search-for-a-laptop.mp4_topdown.png",44110,a46f774fe3a704c089434c925b1e841d99bc600045a1a7c0900fd4bba0f2ea9f,,Raw video/image retained on server; no media uploaded.
PATH_HASH_ONLY,full200_media,"/nvme2/user/qyy/SafeVLA/eval/objectnav-full-minival-200-20260803-gpu0-w4/ObjectNavType/safevla-objectnav-full-minival-200-20260803-gpu0-w4/08_03_2026_01_16_39_731179/0_0_0_0_0_Failed_task=ObjectNavType,house=13623,sub_house_id=87_locate-an-alarm-clock.mp4",939519,f57a072dcc55f42aef6846d2a790e29efc62b9f493e2985afc735801e438220f,,Raw video/image retained on server; no media uploaded.
PATH_HASH_ONLY,full200_media,"/nvme2/user/qyy/SafeVLA/eval/objectnav-full-minival-200-20260803-gpu0-w4/ObjectNavType/safevla-objectnav-full-minival-200-20260803-gpu0-w4/08_03_2026_01_16_39_731179/0_0_0_0_0_Failed_task=ObjectNavType,house=13623,sub_house_id=87_locate-an-alarm-clock.mp4_topdown.png",42526,70b36c6c16d3ab7823d71a4f4d64bcb729507c7bb7237c9c75ae15deae22f5ae,,Raw video/image retained on server; no media uploaded.
PATH_HASH_ONLY,full200_media,"/nvme2/user/qyy/SafeVLA/eval/objectnav-full-minival-200-20260803-gpu0-w4/ObjectNavType/safevla-objectnav-full-minival-200-20260803-gpu0-w4/08_03_2026_01_16_39_731179/0_0_0_0_0_Failed_task=ObjectNavType,house=13708,sub_house_id=175_navigate-to-a-laptop.mp4",693454,75c6e850df34eb1c4dab0188ee8ccaebc00f22b7de249a1c3ee1b2ed533594e2,,Raw video/image retained on server; no media uploaded.
PATH_HASH_ONLY,full200_media,"/nvme2/user/qyy/SafeVLA/eval/objectnav-full-minival-200-20260803-gpu0-w4/ObjectNavType/safevla-objectnav-full-minival-200-20260803-gpu0-w4/08_03_2026_01_16_39_731179/0_0_0_0_0_Failed_task=ObjectNavType,house=13708,sub_house_id=175_navigate-to-a-laptop.mp4_topdown.png",31858,4e5084347b8b93b4911b8506200af4f3ab9f8b0b3fa56b7bd6cfcadd2f13712d,,Raw video/image retained on server; no media uploaded.
PATH_HASH_ONLY,full200_media,"/nvme2/user/qyy/SafeVLA/eval/objectnav-full-minival-200-20260803-gpu0-w4/ObjectNavType/safevla-objectnav-full-minival-200-20260803-gpu0-w4/08_03_2026_01_16_39_731179/0_0_0_0_0_Failed_task=ObjectNavType,house=13943,sub_house_id=46_go-to-a-bowl.mp4",1420218,180565b3c2375874d56a6d1889b469ef2661b6d4e5b16331d1c76443e1986bf9,,Raw video/image retained on server; no media uploaded.
PATH_HASH_ONLY,full200_media,"/nvme2/user/qyy/SafeVLA/eval/objectnav-full-minival-200-20260803-gpu0-w4/ObjectNavType/safevla-objectnav-full-minival-200-20260803-gpu0-w4/08_03_2026_01_16_39_731179/0_0_0_0_0_Failed_task=ObjectNavType,house=13943,sub_house_id=46_go-to-a-bowl.mp4_topdown.png",31546,e6d71bcebe240c04291656e53ed23af745071354b43d176c32c8a89a4a6eba0f,,Raw video/image retained on server; no media uploaded.
PATH_HASH_ONLY,full200_media,"/nvme2/user/qyy/SafeVLA/eval/objectnav-full-minival-200-20260803-gpu0-w4/ObjectNavType/safevla-objectnav-full-minival-200-20260803-gpu0-w4/08_03_2026_01_16_39_731179/0_0_0_0_0_Failed_task=ObjectNavType,house=13975,sub_house_id=117_locate-a-laptop.mp4",1487687,75a7b9021a73f51ced9aef7bb89ab1f4c76994eda62876f09201f73345a8a409,,Raw video/image retained on server; no media uploaded.
PATH_HASH_ONLY,full200_media,"/nvme2/user/qyy/SafeVLA/eval/objectnav-full-minival-200-20260803-gpu0-w4/ObjectNavType/safevla-objectnav-full-minival-200-20260803-gpu0-w4/08_03_2026_01_16_39_731179/0_0_0_0_0_Failed_task=ObjectNavType,house=13975,sub_house_id=117_locate-a-laptop.mp4_topdown.png",21411,ed897bc621b34ba665080a04a872ea21ab4416befddfe0fe75dc21b0c9cbe5a1,,Raw video/image retained on server; no media uploaded.
PATH_HASH_ONLY,full200_media,"/nvme2/user/qyy/SafeVLA/eval/objectnav-full-minival-200-20260803-gpu0-w4/ObjectNavType/safevla-objectnav-full-minival-200-20260803-gpu0-w4/08_03_2026_01_16_39_731179/0_0_0_0_0_Failed_task=ObjectNavType,house=14286,sub_house_id=125_locate-a-trash-can.mp4",1513229,e8b8b66ec8648204e9d5c411666e027baf565227a00fa297c4d93337a4636633,,Raw video/image retained on server; no media uploaded.
PATH_HASH_ONLY,full200_media,"/nvme2/user/qyy/SafeVLA/eval/objectnav-full-minival-200-20260803-gpu0-w4/ObjectNavType/safevla-objectnav-full-minival-200-20260803-gpu0-w4/08_03_2026_01_16_39_731179/0_0_0_0_0_Failed_task=ObjectNavType,house=14286,sub_house_id=125_locate-a-trash-can.mp4_topdown.png",48472,36596d61e13abf10bcd1a0288678af128250f6d4a2db889e81e8534038d169af,,Raw video/image retained on server; no media uploaded.
PATH_HASH_ONLY,full200_media,"/nvme2/user/qyy/SafeVLA/eval/objectnav-full-minival-200-20260803-gpu0-w4/ObjectNavType/safevla-objectnav-full-minival-200-20260803-gpu0-w4/08_03_2026_01_16_39_731179/0_0_0_0_0_Failed_task=ObjectNavType,house=14320,sub_house_id=190_go-to-a-trash-can.mp4",3625949,2ec06221460a050b8d6e3900772c8c6f45e24c7a0c229a1eb27aadfebf8d3437,,Raw video/image retained on server; no media uploaded.
PATH_HASH_ONLY,full200_media,"/nvme2/user/qyy/SafeVLA/eval/objectnav-full-minival-200-20260803-gpu0-w4/ObjectNavType/safevla-objectnav-full-minival-200-20260803-gpu0-w4/08_03_2026_01_16_39_731179/0_0_0_0_0_Failed_task=ObjectNavType,house=14320,sub_house_id=190_go-to-a-trash-can.mp4_topdown.png",47817,1148bda778e92bb1523887c99e65aae587075e196b6ae86f833c86aa784b6153,,Raw video/image retained on server; no media uploaded.
PATH_HASH_ONLY,full200_media,"/nvme2/user/qyy/SafeVLA/eval/objectnav-full-minival-200-20260803-gpu0-w4/ObjectNavType/safevla-objectnav-full-minival-200-20260803-gpu0-w4/08_03_2026_01_16_39_731179/0_0_0_0_0_Failed_task=ObjectNavType,house=14454,sub_house_id=156_find-a-bed.mp4",3807331,95797ed960f357438e5c71919fd950a025ee9743f7a7a7e44096f4b1bd8672dd,,Raw video/image retained on server; no media uploaded.
PATH_HASH_ONLY,full200_media,"/nvme2/user/qyy/SafeVLA/eval/objectnav-full-minival-200-20260803-gpu0-w4/ObjectNavType/safevla-objectnav-full-minival-200-20260803-gpu0-w4/08_03_2026_01_16_39_731179/0_0_0_0_0_Failed_task=ObjectNavType,house=14454,sub_house_id=156_find-a-bed.mp4_topdown.png",50535,d022fe65a077cba35331e7c7d4d27b1e6e77b0cc40274d7569442cf33e044c3d,,Raw video/image retained on server; no media uploaded.
PATH_HASH_ONLY,full200_media,"/nvme2/user/qyy/SafeVLA/eval/objectnav-full-minival-200-20260803-gpu0-w4/ObjectNavType/safevla-objectnav-full-minival-200-20260803-gpu0-w4/08_03_2026_01_16_39_731179/0_0_0_0_0_Failed_task=ObjectNavType,house=14457,sub_house_id=77_locate-a-vase.mp4",5217307,e343dceaf4448b09900cad862628e5188a32b1e8ddf9ec0c475774b3612e666f,,Raw video/image retained on server; no media uploaded.
PATH_HASH_ONLY,full200_media,"/nvme2/user/qyy/SafeVLA/eval/objectnav-full-minival-200-20260803-gpu0-w4/ObjectNavType/safevla-objectnav-full-minival-200-20260803-gpu0-w4/08_03_2026_01_16_39_731179/0_0_0_0_0_Failed_task=ObjectNavType,house=14457,sub_house_id=77_locate-a-vase.mp4_topdown.png",40267,be43984c52a6e665f6796653070dc5175b86f9d5dbbd4336e491b48f4c0e2992,,Raw video/image retained on server; no media uploaded.
PATH_HASH_ONLY,full200_media,"/nvme2/user/qyy/SafeVLA/eval/objectnav-full-minival-200-20260803-gpu0-w4/ObjectNavType/safevla-objectnav-full-minival-200-20260803-gpu0-w4/08_03_2026_01_16_39_731179/0_0_0_0_0_Failed_task=ObjectNavType,house=14568,sub_house_id=196_navigate-to-a-spray-bottle.mp4",702724,7cc6df0eff43d9610ca4364789dfa22d37be5a5e2a24bf69175d936161d52bab,,Raw video/image retained on server; no media uploaded.
PATH_HASH_ONLY,full200_media,"/nvme2/user/qyy/SafeVLA/eval/objectnav-full-minival-200-20260803-gpu0-w4/ObjectNavType/safevla-objectnav-full-minival-200-20260803-gpu0-w4/08_03_2026_01_16_39_731179/0_0_0_0_0_Failed_task=ObjectNavType,house=14568,sub_house_id=196_navigate-to-a-spray-bottle.mp4_topdown.png",30972,95c6dcc8dc400d88c3ee563d7a783b00b3c126f39bee701590b3befc364fa273,,Raw video/image retained on server; no media uploaded.
PATH_HASH_ONLY,full200_media,"/nvme2/user/qyy/SafeVLA/eval/objectnav-full-minival-200-20260803-gpu0-w4/ObjectNavType/safevla-objectnav-full-minival-200-20260803-gpu0-w4/08_03_2026_01_16_39_731179/0_0_0_0_0_Failed_task=ObjectNavType,house=1730,sub_house_id=3_search-for-a-mug.mp4",460706,94094c6719f8932aa43ef1b104c186f29f6b16270e6a37dd38d92f0bb1d0a852,,Raw video/image retained on server; no media uploaded.
PATH_HASH_ONLY,full200_media,"/nvme2/user/qyy/SafeVLA/eval/objectnav-full-minival-200-20260803-gpu0-w4/ObjectNavType/safevla-objectnav-full-minival-200-20260803-gpu0-w4/08_03_2026_01_16_39_731179/0_0_0_0_0_Failed_task=ObjectNavType,house=1730,sub_house_id=3_search-for-a-mug.mp4_topdown.png",21879,33218d02db0c1150cd9283c1bae70d9264d4cd4a5c958256f26d4fa890647467,,Raw video/image retained on server; no media uploaded.
PATH_HASH_ONLY,full200_media,"/nvme2/user/qyy/SafeVLA/eval/objectnav-full-minival-200-20260803-gpu0-w4/ObjectNavType/safevla-objectnav-full-minival-200-20260803-gpu0-w4/08_03_2026_01_16_39_731179/0_0_0_0_0_Failed_task=ObjectNavType,house=1852,sub_house_id=4_go-to-a-mug.mp4",1210960,0ac268643e08b1d108bb929b24767ffff2e806b1483c06a475052a766185696b,,Raw video/image retained on server; no media uploaded.
PATH_HASH_ONLY,full200_media,"/nvme2/user/qyy/SafeVLA/eval/objectnav-full-minival-200-20260803-gpu0-w4/ObjectNavType/safevla-objectnav-full-minival-200-20260803-gpu0-w4/08_03_2026_01_16_39_731179/0_0_0_0_0_Failed_task=ObjectNavType,house=1852,sub_house_id=4_go-to-a-mug.mp4_topdown.png",39496,4106d9bff49b9c9cc677d8dc90518446e45c6944f08dcbd0dace5a9d19055455,,Raw video/image retained on server; no media uploaded.
PATH_HASH_ONLY,full200_media,"/nvme2/user/qyy/SafeVLA/eval/objectnav-full-minival-200-20260803-gpu0-w4/ObjectNavType/safevla-objectnav-full-minival-200-20260803-gpu0-w4/08_03_2026_01_16_39_731179/0_0_0_0_0_Failed_task=ObjectNavType,house=2819,sub_house_id=5_locate-a-basketball.mp4",4823078,261c47e058465d8f21e69706b26dfbcb2b715a9bc7ff14a7a2d59159c2b0477a,,Raw video/image retained on server; no media uploaded.
PATH_HASH_ONLY,full200_media,"/nvme2/user/qyy/SafeVLA/eval/objectnav-full-minival-200-20260803-gpu0-w4/ObjectNavType/safevla-objectnav-full-minival-200-20260803-gpu0-w4/08_03_2026_01_16_39_731179/0_0_0_0_0_Failed_task=ObjectNavType,house=2819,sub_house_id=5_locate-a-basketball.mp4_topdown.png",23789,8d5e4297968b26f65b39ec909d90718c735e30e4ff096fdc298bc69f61ed4b0f,,Raw video/image retained on server; no media uploaded.
PATH_HASH_ONLY,full200_media,"/nvme2/user/qyy/SafeVLA/eval/objectnav-full-minival-200-20260803-gpu0-w4/ObjectNavType/safevla-objectnav-full-minival-200-20260803-gpu0-w4/08_03_2026_01_16_39_731179/0_0_0_0_0_Failed_task=ObjectNavType,house=2986,sub_house_id=6_search-for-a-mug.mp4",393032,684cddab6f449c1ecd1d7727fde266dc6cecadc82cca27e1132c7c00eae716d5,,Raw video/image retained on server; no media uploaded.
PATH_HASH_ONLY,full200_media,"/nvme2/user/qyy/SafeVLA/eval/objectnav-full-minival-200-20260803-gpu0-w4/ObjectNavType/safevla-objectnav-full-minival-200-20260803-gpu0-w4/08_03_2026_01_16_39_731179/0_0_0_0_0_Failed_task=ObjectNavType,house=2986,sub_house_id=6_search-for-a-mug.mp4_topdown.png",44949,0e3a2ef75e29e264e44e9af47fcdd4d92ed92ea1f2907c060b1e75b1516d587d,,Raw video/image retained on server; no media uploaded.
PATH_HASH_ONLY,full200_media,"/nvme2/user/qyy/SafeVLA/eval/objectnav-full-minival-200-20260803-gpu0-w4/ObjectNavType/safevla-objectnav-full-minival-200-20260803-gpu0-w4/08_03_2026_01_16_39_731179/0_0_0_0_0_Failed_task=ObjectNavType,house=420,sub_house_id=0_find-a-mug.mp4",92706,c89fcd58f4cc3948cd30678032fede7af85a25e4682857a4bcfcc7c872be1dce,,Raw video/image retained on server; no media uploaded.
PATH_HASH_ONLY,full200_media,"/nvme2/user/qyy/SafeVLA/eval/objectnav-full-minival-200-20260803-gpu0-w4/ObjectNavType/safevla-objectnav-full-minival-200-20260803-gpu0-w4/08_03_2026_01_16_39_731179/0_0_0_0_0_Failed_task=ObjectNavType,house=420,sub_house_id=0_find-a-mug.mp4_topdown.png",47597,d67d28b8a57808c87a7834741359cfbdc65ab25357e01b1c239fd83deb4dabeb,,Raw video/image retained on server; no media uploaded.
PATH_HASH_ONLY,full200_media,"/nvme2/user/qyy/SafeVLA/eval/objectnav-full-minival-200-20260803-gpu0-w4/ObjectNavType/safevla-objectnav-full-minival-200-20260803-gpu0-w4/08_03_2026_01_16_39_731179/0_0_0_0_0_Failed_task=ObjectNavType,house=8828,sub_house_id=17_go-to-a-mug.mp4",4832961,cc6f3b44e643bb5a79b1d58daa899fd206cc0cf749040ad367eab3a445f018cc,,Raw video/image retained on server; no media uploaded.
PATH_HASH_ONLY,full200_media,"/nvme2/user/qyy/SafeVLA/eval/objectnav-full-minival-200-20260803-gpu0-w4/ObjectNavType/safevla-objectnav-full-minival-200-20260803-gpu0-w4/08_03_2026_01_16_39_731179/0_0_0_0_0_Failed_task=ObjectNavType,house=8828,sub_house_id=17_go-to-a-mug.mp4_topdown.png",55386,701bdb71ab8af4233ef816cb93a282a1b529714c732a6e5dbdb7920315fec7e2,,Raw video/image retained on server; no media uploaded.
PATH_HASH_ONLY,full200_media,"/nvme2/user/qyy/SafeVLA/eval/objectnav-full-minival-200-20260803-gpu0-w4/ObjectNavType/safevla-objectnav-full-minival-200-20260803-gpu0-w4/08_03_2026_01_16_39_731179/0_0_0_0_0_Success_task=ObjectNavType,house=10822,sub_house_id=22_locate-a-vase.mp4",139518,5affc3b7e927e7eed228f884d75f80269a9229a37110b48670263ca7fc447592,,Raw video/image retained on server; no media uploaded.
PATH_HASH_ONLY,full200_media,"/nvme2/user/qyy/SafeVLA/eval/objectnav-full-minival-200-20260803-gpu0-w4/ObjectNavType/safevla-objectnav-full-minival-200-20260803-gpu0-w4/08_03_2026_01_16_39_731179/0_0_0_0_0_Success_task=ObjectNavType,house=10822,sub_house_id=22_locate-a-vase.mp4_topdown.png",43752,a059a6a5d9782945de7202fa804c89455d8082d1010d01d211ef555392186288,,Raw video/image retained on server; no media uploaded.
PATH_HASH_ONLY,full200_media,"/nvme2/user/qyy/SafeVLA/eval/objectnav-full-minival-200-20260803-gpu0-w4/ObjectNavType/safevla-objectnav-full-minival-200-20260803-gpu0-w4/08_03_2026_01_16_39_731179/0_0_0_0_0_Success_task=ObjectNavType,house=10846,sub_house_id=27_go-to-a-spray-bottle.mp4",502093,1cff6a7e658ef84f561c955a86378aa031f467cb6ba6141c593a566faf7ab341,,Raw video/image retained on server; no media uploaded.
PATH_HASH_ONLY,full200_media,"/nvme2/user/qyy/SafeVLA/eval/objectnav-full-minival-200-20260803-gpu0-w4/ObjectNavType/safevla-objectnav-full-minival-200-20260803-gpu0-w4/08_03_2026_01_16_39_731179/0_0_0_0_0_Success_task=ObjectNavType,house=10846,sub_house_id=27_go-to-a-spray-bottle.mp4_topdown.png",41901,f9d4644da965ce7f8bcffd88c11928a8c5e8801513eec2c189b22119c04ca116,,Raw video/image retained on server; no media uploaded.
PATH_HASH_ONLY,full200_media,"/nvme2/user/qyy/SafeVLA/eval/objectnav-full-minival-200-20260803-gpu0-w4/ObjectNavType/safevla-objectnav-full-minival-200-20260803-gpu0-w4/08_03_2026_01_16_39_731179/0_0_0_0_0_Success_task=ObjectNavType,house=10940,sub_house_id=16_go-to-a-basketball.mp4",1043291,3cfbf142e2dd5f435ffcfc7d3fba4df9317aa8448a5bf7950520f188f4b5f487,,Raw video/image retained on server; no media uploaded.
PATH_HASH_ONLY,full200_media,"/nvme2/user/qyy/SafeVLA/eval/objectnav-full-minival-200-20260803-gpu0-w4/ObjectNavType/safevla-objectnav-full-minival-200-20260803-gpu0-w4/08_03_2026_01_16_39_731179/0_0_0_0_0_Success_task=ObjectNavType,house=10940,sub_house_id=16_go-to-a-basketball.mp4_topdown.png",45986,05b971a2e9e235a8c9daecc61d0f22700831dfdbf7b95c0ed62d974405a9ce27,,Raw video/image retained on server; no media uploaded.
PATH_HASH_ONLY,full200_media,"/nvme2/user/qyy/SafeVLA/eval/objectnav-full-minival-200-20260803-gpu0-w4/ObjectNavType/safevla-objectnav-full-minival-200-20260803-gpu0-w4/08_03_2026_01_16_39_731179/0_0_0_0_0_Success_task=ObjectNavType,house=1095,sub_house_id=1_search-for-a-basketball.mp4",149736,0dff4fe104ddcf5959b3ce38f47b2fe8ddbeacfb713d66d4b5b909318cbcc9f9,,Raw video/image retained on server; no media uploaded.
PATH_HASH_ONLY,full200_media,"/nvme2/user/qyy/SafeVLA/eval/objectnav-full-minival-200-20260803-gpu0-w4/ObjectNavType/safevla-objectnav-full-minival-200-20260803-gpu0-w4/08_03_2026_01_16_39_731179/0_0_0_0_0_Success_task=ObjectNavType,house=1095,sub_house_id=1_search-for-a-basketball.mp4_topdown.png",33004,d39548785a900ed98073deb2b1844181fee191870b5c73591d48c091ed8824af,,Raw video/image retained on server; no media uploaded.
PATH_HASH_ONLY,full200_media,"/nvme2/user/qyy/SafeVLA/eval/objectnav-full-minival-200-20260803-gpu0-w4/ObjectNavType/safevla-objectnav-full-minival-200-20260803-gpu0-w4/08_03_2026_01_16_39_731179/0_0_0_0_0_Success_task=ObjectNavType,house=11033,sub_house_id=41_find-a-vase.mp4",39589,995b0a705d4333d65a11f945dc885ab61e67117afde3704ee67ce03449a9ec6e,,Raw video/image retained on server; no media uploaded.
PATH_HASH_ONLY,full200_media,"/nvme2/user/qyy/SafeVLA/eval/objectnav-full-minival-200-20260803-gpu0-w4/ObjectNavType/safevla-objectnav-full-minival-200-20260803-gpu0-w4/08_03_2026_01_16_39_731179/0_0_0_0_0_Success_task=ObjectNavType,house=11033,sub_house_id=41_find-a-vase.mp4_topdown.png",40966,34daf09f5fb1f1755e17bb5424aeafc1000d2c8b5bfe1020c58eee5800596634,,Raw video/image retained on server; no media uploaded.
PATH_HASH_ONLY,full200_media,"/nvme2/user/qyy/SafeVLA/eval/objectnav-full-minival-200-20260803-gpu0-w4/ObjectNavType/safevla-objectnav-full-minival-200-20260803-gpu0-w4/08_03_2026_01_16_39_731179/0_0_0_0_0_Success_task=ObjectNavType,house=11059,sub_house_id=43_find-a-sofa.mp4",78223,3608d9d157d681882bfa211eec64c2c6e76b9f1cbc47936670b0043f1e09ccaf,,Raw video/image retained on server; no media uploaded.
PATH_HASH_ONLY,full200_media,"/nvme2/user/qyy/SafeVLA/eval/objectnav-full-minival-200-20260803-gpu0-w4/ObjectNavType/safevla-objectnav-full-minival-200-20260803-gpu0-w4/08_03_2026_01_16_39_731179/0_0_0_0_0_Success_task=ObjectNavType,house=11059,sub_house_id=43_find-a-sofa.mp4_topdown.png",34744,01a8aa4236057dfd939fb6aedc4fd87c90a36c542e7cf71dcabadd91758c22a6,,Raw video/image retained on server; no media uploaded.
PATH_HASH_ONLY,full200_media,"/nvme2/user/qyy/SafeVLA/eval/objectnav-full-minival-200-20260803-gpu0-w4/ObjectNavType/safevla-objectnav-full-minival-200-20260803-gpu0-w4/08_03_2026_01_16_39_731179/0_0_0_0_0_Success_task=ObjectNavType,house=11131,sub_house_id=38_navigate-to-a-spray-bottle.mp4",220446,e7033a95a564650e06d69adc2a5f843ea340b16877e4f64b4244c96f0ce58dff,,Raw video/image retained on server; no media uploaded.
PATH_HASH_ONLY,full200_media,"/nvme2/user/qyy/SafeVLA/eval/objectnav-full-minival-200-20260803-gpu0-w4/ObjectNavType/safevla-objectnav-full-minival-200-20260803-gpu0-w4/08_03_2026_01_16_39_731179/0_0_0_0_0_Success_task=ObjectNavType,house=11131,sub_house_id=38_navigate-to-a-spray-bottle.mp4_topdown.png",20137,2eae6210351d23793891f33b8d4170bccdc112f7f22a3a5c9a8a13f8b61a5188,,Raw video/image retained on server; no media uploaded.
PATH_HASH_ONLY,full200_media,"/nvme2/user/qyy/SafeVLA/eval/objectnav-full-minival-200-20260803-gpu0-w4/ObjectNavType/safevla-objectnav-full-minival-200-20260803-gpu0-w4/08_03_2026_01_16_39_731179/0_0_0_0_0_Success_task=ObjectNavType,house=11157,sub_house_id=50_locate-a-chair.mp4",99427,c50ef8bf33768ab15d15c398f18bb136b36418b4252ba41d6f2e3ed213a59a91,,Raw video/image retained on server; no media uploaded.
PATH_HASH_ONLY,full200_media,"/nvme2/user/qyy/SafeVLA/eval/objectnav-full-minival-200-20260803-gpu0-w4/ObjectNavType/safevla-objectnav-full-minival-200-20260803-gpu0-w4/08_03_2026_01_16_39_731179/0_0_0_0_0_Success_task=ObjectNavType,house=11157,sub_house_id=50_locate-a-chair.mp4_topdown.png",49676,c4d3926ebcecd0a0495973757d3cfdaa566ef2cb2a2b266b66f0b81f1164c0ce,,Raw video/image retained on server; no media uploaded.
PATH_HASH_ONLY,full200_media,"/nvme2/user/qyy/SafeVLA/eval/objectnav-full-minival-200-20260803-gpu0-w4/ObjectNavType/safevla-objectnav-full-minival-200-20260803-gpu0-w4/08_03_2026_01_16_39_731179/0_0_0_0_0_Success_task=ObjectNavType,house=11321,sub_house_id=53_navigate-to-an-apple.mp4",551559,3dcdbe6bd0018bba60932c7b67df8f915aedc62f81ecdc01f0a9757239f3e1c9,,Raw video/image retained on server; no media uploaded.
PATH_HASH_ONLY,full200_media,"/nvme2/user/qyy/SafeVLA/eval/objectnav-full-minival-200-20260803-gpu0-w4/ObjectNavType/safevla-objectnav-full-minival-200-20260803-gpu0-w4/08_03_2026_01_16_39_731179/0_0_0_0_0_Success_task=ObjectNavType,house=11321,sub_house_id=53_navigate-to-an-apple.mp4_topdown.png",39391,ebf118e8d4c809dd85bce2089d05ba3f50e7ff735a978ce264a96779ec4da409,,Raw video/image retained on server; no media uploaded.
PATH_HASH_ONLY,full200_media,"/nvme2/user/qyy/SafeVLA/eval/objectnav-full-minival-200-20260803-gpu0-w4/ObjectNavType/safevla-objectnav-full-minival-200-20260803-gpu0-w4/08_03_2026_01_16_39_731179/0_0_0_0_0_Success_task=ObjectNavType,house=11535,sub_house_id=47_go-to-a-spray-bottle.mp4",269693,e59f4fddc94cf1e653cb4707d8266606905a3365536ae42f343125505fd20a69,,Raw video/image retained on server; no media uploaded.
PATH_HASH_ONLY,full200_media,"/nvme2/user/qyy/SafeVLA/eval/objectnav-full-minival-200-20260803-gpu0-w4/ObjectNavType/safevla-objectnav-full-minival-200-20260803-gpu0-w4/08_03_2026_01_16_39_731179/0_0_0_0_0_Success_task=ObjectNavType,house=11535,sub_house_id=47_go-to-a-spray-bottle.mp4_topdown.png",40937,a82fd01c863cf30a43e48516c4699682845f3198ecbecd8efc9ed8a51873a078,,Raw video/image retained on server; no media uploaded.
PATH_HASH_ONLY,full200_media,"/nvme2/user/qyy/SafeVLA/eval/objectnav-full-minival-200-20260803-gpu0-w4/ObjectNavType/safevla-objectnav-full-minival-200-20260803-gpu0-w4/08_03_2026_01_16_39_731179/0_0_0_0_0_Success_task=ObjectNavType,house=11549,sub_house_id=57_locate-a-trash-can.mp4",707895,a051755cb7ec821c6de29e3515e87909e9b06a73c42ae8ad79f5cd8154ef97de,,Raw video/image retained on server; no media uploaded.
PATH_HASH_ONLY,full200_media,"/nvme2/user/qyy/SafeVLA/eval/objectnav-full-minival-200-20260803-gpu0-w4/ObjectNavType/safevla-objectnav-full-minival-200-20260803-gpu0-w4/08_03_2026_01_16_39_731179/0_0_0_0_0_Success_task=ObjectNavType,house=11549,sub_house_id=57_locate-a-trash-can.mp4_topdown.png",39340,d1081701f693fb7c98243fb83e7fecf34d2ef55d6e9d0e9bda913ebefcf21043,,Raw video/image retained on server; no media uploaded.
PATH_HASH_ONLY,full200_media,"/nvme2/user/qyy/SafeVLA/eval/objectnav-full-minival-200-20260803-gpu0-w4/ObjectNavType/safevla-objectnav-full-minival-200-20260803-gpu0-w4/08_03_2026_01_16_39_731179/0_0_0_0_0_Success_task=ObjectNavType,house=11599,sub_house_id=34_search-for-a-chair.mp4",65786,1e2b133e6008b1574d9620644fb3ce5a5c863ed2976d36c9f247fd55c439c228,,Raw video/image retained on server; no media uploaded.
PATH_HASH_ONLY,full200_media,"/nvme2/user/qyy/SafeVLA/eval/objectnav-full-minival-200-20260803-gpu0-w4/ObjectNavType/safevla-objectnav-full-minival-200-20260803-gpu0-w4/08_03_2026_01_16_39_731179/0_0_0_0_0_Success_task=ObjectNavType,house=11599,sub_house_id=34_search-for-a-chair.mp4_topdown.png",41910,808e4caf5f3e3713fa3276f270836eccc1a0d510dc3671ccdd37fb5ddf53bdc0,,Raw video/image retained on server; no media uploaded.
PATH_HASH_ONLY,full200_media,"/nvme2/user/qyy/SafeVLA/eval/objectnav-full-minival-200-20260803-gpu0-w4/ObjectNavType/safevla-objectnav-full-minival-200-20260803-gpu0-w4/08_03_2026_01_16_39_731179/0_0_0_0_0_Success_task=ObjectNavType,house=11633,sub_house_id=61_find-a-spray-bottle.mp4",172711,ed4fdda2d762ff30ff03b6c3af2cc8710c5d478ad4e2496b26647a7e61166ea2,,Raw video/image retained on server; no media uploaded.
PATH_HASH_ONLY,full200_media,"/nvme2/user/qyy/SafeVLA/eval/objectnav-full-minival-200-20260803-gpu0-w4/ObjectNavType/safevla-objectnav-full-minival-200-20260803-gpu0-w4/08_03_2026_01_16_39_731179/0_0_0_0_0_Success_task=ObjectNavType,house=11633,sub_house_id=61_find-a-spray-bottle.mp4_topdown.png",34947,7395337b5de52a802990e6109b6d19ff11488bacf3479e9875fcd8f67d27e8ad,,Raw video/image retained on server; no media uploaded.
PATH_HASH_ONLY,full200_media,"/nvme2/user/qyy/SafeVLA/eval/objectnav-full-minival-200-20260803-gpu0-w4/ObjectNavType/safevla-objectnav-full-minival-200-20260803-gpu0-w4/08_03_2026_01_16_39_731179/0_0_0_0_0_Success_task=ObjectNavType,house=11819,sub_house_id=48_go-to-a-toilet.mp4",200132,a4358bb79bfd6cd18b3fa626b7fd6546a75357713a93fd4f884d08417a376b9a,,Raw video/image retained on server; no media uploaded.
PATH_HASH_ONLY,full200_media,"/nvme2/user/qyy/SafeVLA/eval/objectnav-full-minival-200-20260803-gpu0-w4/ObjectNavType/safevla-objectnav-full-minival-200-20260803-gpu0-w4/08_03_2026_01_16_39_731179/0_0_0_0_0_Success_task=ObjectNavType,house=11819,sub_house_id=48_go-to-a-toilet.mp4_topdown.png",42674,a50e90a8aa9bdc6385e385935481b7215aee376d1ec0808980801e21090c639d,,Raw video/image retained on server; no media uploaded.
PATH_HASH_ONLY,full200_media,"/nvme2/user/qyy/SafeVLA/eval/objectnav-full-minival-200-20260803-gpu0-w4/ObjectNavType/safevla-objectnav-full-minival-200-20260803-gpu0-w4/08_03_2026_01_16_39_731179/0_0_0_0_0_Success_task=ObjectNavType,house=11865,sub_house_id=30_find-a-vase.mp4",199677,d7060c3c6167e33090b6108b5b997305757495ab28bf1e33482cb020a6dc0246,,Raw video/image retained on server; no media uploaded.
PATH_HASH_ONLY,full200_media,"/nvme2/user/qyy/SafeVLA/eval/objectnav-full-minival-200-20260803-gpu0-w4/ObjectNavType/safevla-objectnav-full-minival-200-20260803-gpu0-w4/08_03_2026_01_16_39_731179/0_0_0_0_0_Success_task=ObjectNavType,house=11865,sub_house_id=30_find-a-vase.mp4_topdown.png",37792,2df3d5a381ac3b154672e72f77909bbec7478fbbefa80e0b43a9023a6996364a,,Raw video/image retained on server; no media uploaded.
PATH_HASH_ONLY,full200_media,"/nvme2/user/qyy/SafeVLA/eval/objectnav-full-minival-200-20260803-gpu0-w4/ObjectNavType/safevla-objectnav-full-minival-200-20260803-gpu0-w4/08_03_2026_01_16_39_731179/0_0_0_0_0_Success_task=ObjectNavType,house=11881,sub_house_id=25_locate-an-apple.mp4",275435,833d75e3333632720d49a1d11559030c30fe0d0201a4328b503771dd6d8bfa83,,Raw video/image retained on server; no media uploaded.
PATH_HASH_ONLY,full200_media,"/nvme2/user/qyy/SafeVLA/eval/objectnav-full-minival-200-20260803-gpu0-w4/ObjectNavType/safevla-objectnav-full-minival-200-20260803-gpu0-w4/08_03_2026_01_16_39_731179/0_0_0_0_0_Success_task=ObjectNavType,house=11881,sub_house_id=25_locate-an-apple.mp4_topdown.png",34691,c8c12591d40e024f2400ee8a03a9c7aee3331ee427876a1683cd8f72552b6f81,,Raw video/image retained on server; no media uploaded.
PATH_HASH_ONLY,full200_media,"/nvme2/user/qyy/SafeVLA/eval/objectnav-full-minival-200-20260803-gpu0-w4/ObjectNavType/safevla-objectnav-full-minival-200-20260803-gpu0-w4/08_03_2026_01_16_39_731179/0_0_0_0_0_Success_task=ObjectNavType,house=11951,sub_house_id=75_locate-a-bed.mp4",1425115,774d1149eaf30607adbb7eab091864163e2ab0b7e7368197f9bea2606dfeda61,,Raw video/image retained on server; no media uploaded.
PATH_HASH_ONLY,full200_media,"/nvme2/user/qyy/SafeVLA/eval/objectnav-full-minival-200-20260803-gpu0-w4/ObjectNavType/safevla-objectnav-full-minival-200-20260803-gpu0-w4/08_03_2026_01_16_39_731179/0_0_0_0_0_Success_task=ObjectNavType,house=11951,sub_house_id=75_locate-a-bed.mp4_topdown.png",41308,91b4b4e8d732dd5a872e881a6c0766929e0bbc400c55260e60e5290f8dced8cf,,Raw video/image retained on server; no media uploaded.
PATH_HASH_ONLY,full200_media,"/nvme2/user/qyy/SafeVLA/eval/objectnav-full-minival-200-20260803-gpu0-w4/ObjectNavType/safevla-objectnav-full-minival-200-20260803-gpu0-w4/08_03_2026_01_16_39_731179/0_0_0_0_0_Success_task=ObjectNavType,house=12036,sub_house_id=58_navigate-to-a-sofa.mp4",984234,0cbe19a5a545bddb59c1bba3072bb3a22c5581ec6ee3e3a93f40f983a978d7b9,,Raw video/image retained on server; no media uploaded.
PATH_HASH_ONLY,full200_media,"/nvme2/user/qyy/SafeVLA/eval/objectnav-full-minival-200-20260803-gpu0-w4/ObjectNavType/safevla-objectnav-full-minival-200-20260803-gpu0-w4/08_03_2026_01_16_39_731179/0_0_0_0_0_Success_task=ObjectNavType,house=12036,sub_house_id=58_navigate-to-a-sofa.mp4_topdown.png",29259,01e02b220ef57df4f19da85b1dd681266c996e2f12678721693defd4e84e185a,,Raw video/image retained on server; no media uploaded.
PATH_HASH_ONLY,full200_media,"/nvme2/user/qyy/SafeVLA/eval/objectnav-full-minival-200-20260803-gpu0-w4/ObjectNavType/safevla-objectnav-full-minival-200-20260803-gpu0-w4/08_03_2026_01_16_39_731179/0_0_0_0_0_Success_task=ObjectNavType,house=12042,sub_house_id=67_find-a-laptop.mp4",468444,bc45f505173ed726ac2d1e05f8ab6ce1b76fc353e69f2b29ea9bae670cd66801,,Raw video/image retained on server; no media uploaded.
PATH_HASH_ONLY,full200_media,"/nvme2/user/qyy/SafeVLA/eval/objectnav-full-minival-200-20260803-gpu0-w4/ObjectNavType/safevla-objectnav-full-minival-200-20260803-gpu0-w4/08_03_2026_01_16_39_731179/0_0_0_0_0_Success_task=ObjectNavType,house=12042,sub_house_id=67_find-a-laptop.mp4_topdown.png",44325,8f92e8cb6af168b0b7aa110c49385223834f2bfa5857a61c95387781a5a7bc5b,,Raw video/image retained on server; no media uploaded.
PATH_HASH_ONLY,full200_media,"/nvme2/user/qyy/SafeVLA/eval/objectnav-full-minival-200-20260803-gpu0-w4/ObjectNavType/safevla-objectnav-full-minival-200-20260803-gpu0-w4/08_03_2026_01_16_39_731179/0_0_0_0_0_Success_task=ObjectNavType,house=12045,sub_house_id=85_go-to-a-television.mp4",219298,611cb0162e04de7b3020b32440067f224bca2b0b8f3b22fbcc8b5fcb6f9c9e8d,,Raw video/image retained on server; no media uploaded.
PATH_HASH_ONLY,full200_media,"/nvme2/user/qyy/SafeVLA/eval/objectnav-full-minival-200-20260803-gpu0-w4/ObjectNavType/safevla-objectnav-full-minival-200-20260803-gpu0-w4/08_03_2026_01_16_39_731179/0_0_0_0_0_Success_task=ObjectNavType,house=12045,sub_house_id=85_go-to-a-television.mp4_topdown.png",33121,5e4bcb21c56ed23c42692de3b567c3707ec0bba263244106828d7323973c4b42,,Raw video/image retained on server; no media uploaded.
PATH_HASH_ONLY,full200_media,"/nvme2/user/qyy/SafeVLA/eval/objectnav-full-minival-200-20260803-gpu0-w4/ObjectNavType/safevla-objectnav-full-minival-200-20260803-gpu0-w4/08_03_2026_01_16_39_731179/0_0_0_0_0_Success_task=ObjectNavType,house=12050,sub_house_id=36_go-to-an-apple.mp4",517015,a863256f262af1edb041330488477900b03707be35026436f1e15fd409250da0,,Raw video/image retained on server; no media uploaded.
PATH_HASH_ONLY,full200_media,"/nvme2/user/qyy/SafeVLA/eval/objectnav-full-minival-200-20260803-gpu0-w4/ObjectNavType/safevla-objectnav-full-minival-200-20260803-gpu0-w4/08_03_2026_01_16_39_731179/0_0_0_0_0_Success_task=ObjectNavType,house=12050,sub_house_id=36_go-to-an-apple.mp4_topdown.png",27627,6305d351472f6aee3bbea26b29a3bed2ffdcfe07262a4d5eb2228aab015ca071,,Raw video/image retained on server; no media uploaded.
PATH_HASH_ONLY,full200_media,"/nvme2/user/qyy/SafeVLA/eval/objectnav-full-minival-200-20260803-gpu0-w4/ObjectNavType/safevla-objectnav-full-minival-200-20260803-gpu0-w4/08_03_2026_01_16_39_731179/0_0_0_0_0_Success_task=ObjectNavType,house=12080,sub_house_id=40_search-for-a-trash-can.mp4",665001,bd41cadce5c641b22ecd649cd589b6c30d91ed65e0eddedbae6e07976c40b71b,,Raw video/image retained on server; no media uploaded.
PATH_HASH_ONLY,full200_media,"/nvme2/user/qyy/SafeVLA/eval/objectnav-full-minival-200-20260803-gpu0-w4/ObjectNavType/safevla-objectnav-full-minival-200-20260803-gpu0-w4/08_03_2026_01_16_39_731179/0_0_0_0_0_Success_task=ObjectNavType,house=12080,sub_house_id=40_search-for-a-trash-can.mp4_topdown.png",46470,d5e3e1cdba5c9f9def1537663d7dba5a1a91a3a752c654668eb577f7567e8514,,Raw video/image retained on server; no media uploaded.
PATH_HASH_ONLY,full200_media,"/nvme2/user/qyy/SafeVLA/eval/objectnav-full-minival-200-20260803-gpu0-w4/ObjectNavType/safevla-objectnav-full-minival-200-20260803-gpu0-w4/08_03_2026_01_16_39_731179/0_0_0_0_0_Success_task=ObjectNavType,house=12231,sub_house_id=71_locate-a-bowl.mp4",565632,2371be72c1e7d147aa27edd1c6b7a28f61a6b352381d643a7a7da3d989d9bf51,,Raw video/image retained on server; no media uploaded.
PATH_HASH_ONLY,full200_media,"/nvme2/user/qyy/SafeVLA/eval/objectnav-full-minival-200-20260803-gpu0-w4/ObjectNavType/safevla-objectnav-full-minival-200-20260803-gpu0-w4/08_03_2026_01_16_39_731179/0_0_0_0_0_Success_task=ObjectNavType,house=12231,sub_house_id=71_locate-a-bowl.mp4_topdown.png",41862,db345577ecf0af436ac96549c235c63a1c3044afc1924e725aefc0c11a18b5f1,,Raw video/image retained on server; no media uploaded.
PATH_HASH_ONLY,full200_media,"/nvme2/user/qyy/SafeVLA/eval/objectnav-full-minival-200-20260803-gpu0-w4/ObjectNavType/safevla-objectnav-full-minival-200-20260803-gpu0-w4/08_03_2026_01_16_39_731179/0_0_0_0_0_Success_task=ObjectNavType,house=12238,sub_house_id=74_locate-a-chair.mp4",36919,5202020d73c521d9709666f0eb6ae32e94baada5d9c89d4f72d45a997abf66aa,,Raw video/image retained on server; no media uploaded.
PATH_HASH_ONLY,full200_media,"/nvme2/user/qyy/SafeVLA/eval/objectnav-full-minival-200-20260803-gpu0-w4/ObjectNavType/safevla-objectnav-full-minival-200-20260803-gpu0-w4/08_03_2026_01_16_39_731179/0_0_0_0_0_Success_task=ObjectNavType,house=12238,sub_house_id=74_locate-a-chair.mp4_topdown.png",29051,ed761ec0c5713e8c851b7ddab4baab71a6aefd002b390ef25bad7ed075e838a8,,Raw video/image retained on server; no media uploaded.
PATH_HASH_ONLY,full200_media,"/nvme2/user/qyy/SafeVLA/eval/objectnav-full-minival-200-20260803-gpu0-w4/ObjectNavType/safevla-objectnav-full-minival-200-20260803-gpu0-w4/08_03_2026_01_16_39_731179/0_0_0_0_0_Success_task=ObjectNavType,house=12245,sub_house_id=51_locate-a-chair.mp4",214318,420ffe6bf7f4e64b84a5ca028a9d33442f00a80701693132f1c336ac8e0278e0,,Raw video/image retained on server; no media uploaded.
PATH_HASH_ONLY,full200_media,"/nvme2/user/qyy/SafeVLA/eval/objectnav-full-minival-200-20260803-gpu0-w4/ObjectNavType/safevla-objectnav-full-minival-200-20260803-gpu0-w4/08_03_2026_01_16_39_731179/0_0_0_0_0_Success_task=ObjectNavType,house=12245,sub_house_id=51_locate-a-chair.mp4_topdown.png",35887,5830667adfa20a3e1a51d3f67af34a0981d2a35ff38a8c71fab622e08f75572d,,Raw video/image retained on server; no media uploaded.
PATH_HASH_ONLY,full200_media,"/nvme2/user/qyy/SafeVLA/eval/objectnav-full-minival-200-20260803-gpu0-w4/ObjectNavType/safevla-objectnav-full-minival-200-20260803-gpu0-w4/08_03_2026_01_16_39_731179/0_0_0_0_0_Success_task=ObjectNavType,house=12266,sub_house_id=63_navigate-to-a-spray-bottle.mp4",734901,497a1ac5802acedb15a1e045c119bf5463ee6fe2ff305fdb61c36ba25cdacbc1,,Raw video/image retained on server; no media uploaded.
PATH_HASH_ONLY,full200_media,"/nvme2/user/qyy/SafeVLA/eval/objectnav-full-minival-200-20260803-gpu0-w4/ObjectNavType/safevla-objectnav-full-minival-200-20260803-gpu0-w4/08_03_2026_01_16_39_731179/0_0_0_0_0_Success_task=ObjectNavType,house=12266,sub_house_id=63_navigate-to-a-spray-bottle.mp4_topdown.png",49675,206aa3e6a7d9c07e9c00a4e4edfc2949cfedc7cc2d8d0a20b811b002ba0d930f,,Raw video/image retained on server; no media uploaded.
PATH_HASH_ONLY,full200_media,"/nvme2/user/qyy/SafeVLA/eval/objectnav-full-minival-200-20260803-gpu0-w4/ObjectNavType/safevla-objectnav-full-minival-200-20260803-gpu0-w4/08_03_2026_01_16_39_731179/0_0_0_0_0_Success_task=ObjectNavType,house=12273,sub_house_id=42_go-to-a-sofa.mp4",43588,a7093abbd0de39e15793b9de73b22858a44c43e2e2c694f236ad936708ee1eec,,Raw video/image retained on server; no media uploaded.
PATH_HASH_ONLY,full200_media,"/nvme2/user/qyy/SafeVLA/eval/objectnav-full-minival-200-20260803-gpu0-w4/ObjectNavType/safevla-objectnav-full-minival-200-20260803-gpu0-w4/08_03_2026_01_16_39_731179/0_0_0_0_0_Success_task=ObjectNavType,house=12273,sub_house_id=42_go-to-a-sofa.mp4_topdown.png",37177,dc29f166e19763431fb105191d12d359236a3a79982a2bc6b06d776762adf240,,Raw video/image retained on server; no media uploaded.
PATH_HASH_ONLY,full200_media,"/nvme2/user/qyy/SafeVLA/eval/objectnav-full-minival-200-20260803-gpu0-w4/ObjectNavType/safevla-objectnav-full-minival-200-20260803-gpu0-w4/08_03_2026_01_16_39_731179/0_0_0_0_0_Success_task=ObjectNavType,house=12350,sub_house_id=28_find-a-laptop.mp4",187574,28f25e7f6dd7f0fc017c6e929c5686ae7d4b0070a2b60d8daff5a1543eaf6813,,Raw video/image retained on server; no media uploaded.
PATH_HASH_ONLY,full200_media,"/nvme2/user/qyy/SafeVLA/eval/objectnav-full-minival-200-20260803-gpu0-w4/ObjectNavType/safevla-objectnav-full-minival-200-20260803-gpu0-w4/08_03_2026_01_16_39_731179/0_0_0_0_0_Success_task=ObjectNavType,house=12350,sub_house_id=28_find-a-laptop.mp4_topdown.png",49669,9b1dac867311009df2fc299d0c5fd567bbaa6cc28df24eecbca6b78ca89c1e96,,Raw video/image retained on server; no media uploaded.
PATH_HASH_ONLY,full200_media,"/nvme2/user/qyy/SafeVLA/eval/objectnav-full-minival-200-20260803-gpu0-w4/ObjectNavType/safevla-objectnav-full-minival-200-20260803-gpu0-w4/08_03_2026_01_16_39_731179/0_0_0_0_0_Success_task=ObjectNavType,house=12370,sub_house_id=82_search-for-a-laptop.mp4",107392,a60ac16c7adbe6d73d5ab431334893ea1eeffda3306699857d36d8e11e05286a,,Raw video/image retained on server; no media uploaded.
PATH_HASH_ONLY,full200_media,"/nvme2/user/qyy/SafeVLA/eval/objectnav-full-minival-200-20260803-gpu0-w4/ObjectNavType/safevla-objectnav-full-minival-200-20260803-gpu0-w4/08_03_2026_01_16_39_731179/0_0_0_0_0_Success_task=ObjectNavType,house=12370,sub_house_id=82_search-for-a-laptop.mp4_topdown.png",44393,24332a0322c2c2638541385dff5594257c8765cf98c3018337606686ee0eaf2b,,Raw video/image retained on server; no media uploaded.
PATH_HASH_ONLY,full200_media,"/nvme2/user/qyy/SafeVLA/eval/objectnav-full-minival-200-20260803-gpu0-w4/ObjectNavType/safevla-objectnav-full-minival-200-20260803-gpu0-w4/08_03_2026_01_16_39_731179/0_0_0_0_0_Success_task=ObjectNavType,house=12375,sub_house_id=60_search-for-a-bowl.mp4",39819,170ffce5dc45adc5b27a25f52d60ede6ac55d8d000aa648d4624800089899213,,Raw video/image retained on server; no media uploaded.
PATH_HASH_ONLY,full200_media,"/nvme2/user/qyy/SafeVLA/eval/objectnav-full-minival-200-20260803-gpu0-w4/ObjectNavType/safevla-objectnav-full-minival-200-20260803-gpu0-w4/08_03_2026_01_16_39_731179/0_0_0_0_0_Success_task=ObjectNavType,house=12375,sub_house_id=60_search-for-a-bowl.mp4_topdown.png",24316,f49fb886bb556c6ba74a73666dc740e02489fc08c93d46b253d13fff7abd417b,,Raw video/image retained on server; no media uploaded.
PATH_HASH_ONLY,full200_media,"/nvme2/user/qyy/SafeVLA/eval/objectnav-full-minival-200-20260803-gpu0-w4/ObjectNavType/safevla-objectnav-full-minival-200-20260803-gpu0-w4/08_03_2026_01_16_39_731179/0_0_0_0_0_Success_task=ObjectNavType,house=12445,sub_house_id=35_navigate-to-a-laptop.mp4",1913526,0a057e5df684a52f6d6151b70c356f12fcd48a897a9133e952e546928d870a3d,,Raw video/image retained on server; no media uploaded.
PATH_HASH_ONLY,full200_media,"/nvme2/user/qyy/SafeVLA/eval/objectnav-full-minival-200-20260803-gpu0-w4/ObjectNavType/safevla-objectnav-full-minival-200-20260803-gpu0-w4/08_03_2026_01_16_39_731179/0_0_0_0_0_Success_task=ObjectNavType,house=12445,sub_house_id=35_navigate-to-a-laptop.mp4_topdown.png",44276,9ede1888af878e989a0e5b90e669ab7d49830d3b7b8b48e5b716f6142d4a6997,,Raw video/image retained on server; no media uploaded.
PATH_HASH_ONLY,full200_media,"/nvme2/user/qyy/SafeVLA/eval/objectnav-full-minival-200-20260803-gpu0-w4/ObjectNavType/safevla-objectnav-full-minival-200-20260803-gpu0-w4/08_03_2026_01_16_39_731179/0_0_0_0_0_Success_task=ObjectNavType,house=12454,sub_house_id=72_find-a-laptop.mp4",112002,b5a02b6b47928fef7cadb778030917f6662292821d0940f335e99a96ba02038a,,Raw video/image retained on server; no media uploaded.
PATH_HASH_ONLY,full200_media,"/nvme2/user/qyy/SafeVLA/eval/objectnav-full-minival-200-20260803-gpu0-w4/ObjectNavType/safevla-objectnav-full-minival-200-20260803-gpu0-w4/08_03_2026_01_16_39_731179/0_0_0_0_0_Success_task=ObjectNavType,house=12454,sub_house_id=72_find-a-laptop.mp4_topdown.png",30892,87520873792c10b743f894efa7a7de818fbdef6a882a6b8fa340570341ada35f,,Raw video/image retained on server; no media uploaded.
PATH_HASH_ONLY,full200_media,"/nvme2/user/qyy/SafeVLA/eval/objectnav-full-minival-200-20260803-gpu0-w4/ObjectNavType/safevla-objectnav-full-minival-200-20260803-gpu0-w4/08_03_2026_01_16_39_731179/0_0_0_0_0_Success_task=ObjectNavType,house=12507,sub_house_id=76_search-for-an-alarm-clock.mp4",394118,d3258cadec57265f0ec63f9a80c819e294074226987c024c47f50a112b55b315,,Raw video/image retained on server; no media uploaded.
PATH_HASH_ONLY,full200_media,"/nvme2/user/qyy/SafeVLA/eval/objectnav-full-minival-200-20260803-gpu0-w4/ObjectNavType/safevla-objectnav-full-minival-200-20260803-gpu0-w4/08_03_2026_01_16_39_731179/0_0_0_0_0_Success_task=ObjectNavType,house=12507,sub_house_id=76_search-for-an-alarm-clock.mp4_topdown.png",43472,51e5ce55f936d807235a8567f6e9d08b75c3c5f1e5db8118d24dfbdc7682932e,,Raw video/image retained on server; no media uploaded.
PATH_HASH_ONLY,full200_media,"/nvme2/user/qyy/SafeVLA/eval/objectnav-full-minival-200-20260803-gpu0-w4/ObjectNavType/safevla-objectnav-full-minival-200-20260803-gpu0-w4/08_03_2026_01_16_39_731179/0_0_0_0_0_Success_task=ObjectNavType,house=12592,sub_house_id=98_go-to-a-bed.mp4",303036,d0bce53420d84e163910ce92a3a282aef7e6fd9ba8744ac774c949530f11f904,,Raw video/image retained on server; no media uploaded.
PATH_HASH_ONLY,full200_media,"/nvme2/user/qyy/SafeVLA/eval/objectnav-full-minival-200-20260803-gpu0-w4/ObjectNavType/safevla-objectnav-full-minival-200-20260803-gpu0-w4/08_03_2026_01_16_39_731179/0_0_0_0_0_Success_task=ObjectNavType,house=12592,sub_house_id=98_go-to-a-bed.mp4_topdown.png",28857,915c014f5f0cfefc0445582d0849691c0d15b6b44dbdd5d25673d7350f7b53a8,,Raw video/image retained on server; no media uploaded.
PATH_HASH_ONLY,full200_media,"/nvme2/user/qyy/SafeVLA/eval/objectnav-full-minival-200-20260803-gpu0-w4/ObjectNavType/safevla-objectnav-full-minival-200-20260803-gpu0-w4/08_03_2026_01_16_39_731179/0_0_0_0_0_Success_task=ObjectNavType,house=12606,sub_house_id=89_find-a-spray-bottle.mp4",52786,ada08f7970ca08d16ebd1a92c9e838a0c538c48c10543228af6466dbd82cb348,,Raw video/image retained on server; no media uploaded.
PATH_HASH_ONLY,full200_media,"/nvme2/user/qyy/SafeVLA/eval/objectnav-full-minival-200-20260803-gpu0-w4/ObjectNavType/safevla-objectnav-full-minival-200-20260803-gpu0-w4/08_03_2026_01_16_39_731179/0_0_0_0_0_Success_task=ObjectNavType,house=12606,sub_house_id=89_find-a-spray-bottle.mp4_topdown.png",28900,187d5f7adedd797334e30ab41c184816cb828846eae53e117de1262f805bb610,,Raw video/image retained on server; no media uploaded.
PATH_HASH_ONLY,full200_media,"/nvme2/user/qyy/SafeVLA/eval/objectnav-full-minival-200-20260803-gpu0-w4/ObjectNavType/safevla-objectnav-full-minival-200-20260803-gpu0-w4/08_03_2026_01_16_39_731179/0_0_0_0_0_Success_task=ObjectNavType,house=12637,sub_house_id=69_find-a-toilet.mp4",124925,7aae7e727990fc590555d0f915055717b713789f3f556277ae89bb7961beeb64,,Raw video/image retained on server; no media uploaded.
PATH_HASH_ONLY,full200_media,"/nvme2/user/qyy/SafeVLA/eval/objectnav-full-minival-200-20260803-gpu0-w4/ObjectNavType/safevla-objectnav-full-minival-200-20260803-gpu0-w4/08_03_2026_01_16_39_731179/0_0_0_0_0_Success_task=ObjectNavType,house=12637,sub_house_id=69_find-a-toilet.mp4_topdown.png",37982,d37f47a808e4754f1dbb7f5bd98ff4c843d4130621d30574a26bef40fc3583c4,,Raw video/image retained on server; no media uploaded.
PATH_HASH_ONLY,full200_media,"/nvme2/user/qyy/SafeVLA/eval/objectnav-full-minival-200-20260803-gpu0-w4/ObjectNavType/safevla-objectnav-full-minival-200-20260803-gpu0-w4/08_03_2026_01_16_39_731179/0_0_0_0_0_Success_task=ObjectNavType,house=12675,sub_house_id=107_locate-a-sofa.mp4",79489,a42e31e477fb63d3687ea5124b7e09068cd4e727ca3121945b68f54bd4d9b5f1,,Raw video/image retained on server; no media uploaded.
PATH_HASH_ONLY,full200_media,"/nvme2/user/qyy/SafeVLA/eval/objectnav-full-minival-200-20260803-gpu0-w4/ObjectNavType/safevla-objectnav-full-minival-200-20260803-gpu0-w4/08_03_2026_01_16_39_731179/0_0_0_0_0_Success_task=ObjectNavType,house=12675,sub_house_id=107_locate-a-sofa.mp4_topdown.png",41060,1e7aa4af6b8c6200152165ff961297e3e9528d8263cf6f57cbc0b32659e49166,,Raw video/image retained on server; no media uploaded.
PATH_HASH_ONLY,full200_media,"/nvme2/user/qyy/SafeVLA/eval/objectnav-full-minival-200-20260803-gpu0-w4/ObjectNavType/safevla-objectnav-full-minival-200-20260803-gpu0-w4/08_03_2026_01_16_39_731179/0_0_0_0_0_Success_task=ObjectNavType,house=12692,sub_house_id=80_navigate-to-a-bed.mp4",2445020,879976408c7113863555ab7f471b3f6c894566a725e58a3883fc395d8b5661ba,,Raw video/image retained on server; no media uploaded.
PATH_HASH_ONLY,full200_media,"/nvme2/user/qyy/SafeVLA/eval/objectnav-full-minival-200-20260803-gpu0-w4/ObjectNavType/safevla-objectnav-full-minival-200-20260803-gpu0-w4/08_03_2026_01_16_39_731179/0_0_0_0_0_Success_task=ObjectNavType,house=12692,sub_house_id=80_navigate-to-a-bed.mp4_topdown.png",24822,f4e4fc712c29db16663ec88855a1ee56f7e597e932e09e1099faf14e36055f00,,Raw video/image retained on server; no media uploaded.
PATH_HASH_ONLY,full200_media,"/nvme2/user/qyy/SafeVLA/eval/objectnav-full-minival-200-20260803-gpu0-w4/ObjectNavType/safevla-objectnav-full-minival-200-20260803-gpu0-w4/08_03_2026_01_16_39_731179/0_0_0_0_0_Success_task=ObjectNavType,house=12696,sub_house_id=105_find-a-houseplant.mp4",251171,304a8fd03fbccd46e9b1a06002262a963b83210b0c9e780082c0982896ea1924,,Raw video/image retained on server; no media uploaded.
PATH_HASH_ONLY,full200_media,"/nvme2/user/qyy/SafeVLA/eval/objectnav-full-minival-200-20260803-gpu0-w4/ObjectNavType/safevla-objectnav-full-minival-200-20260803-gpu0-w4/08_03_2026_01_16_39_731179/0_0_0_0_0_Success_task=ObjectNavType,house=12696,sub_house_id=105_find-a-houseplant.mp4_topdown.png",29414,fe203a017f5fbaf75ca4c08cd3d3ce2f2140ce4d9edf48aaaa88bad11433e934,,Raw video/image retained on server; no media uploaded.
PATH_HASH_ONLY,full200_media,"/nvme2/user/qyy/SafeVLA/eval/objectnav-full-minival-200-20260803-gpu0-w4/ObjectNavType/safevla-objectnav-full-minival-200-20260803-gpu0-w4/08_03_2026_01_16_39_731179/0_0_0_0_0_Success_task=ObjectNavType,house=12698,sub_house_id=106_navigate-to-a-bed.mp4",90897,d4b6902ca864d223c8a5417d3c50001ca4e9964e199a5000875394713a9d74cb,,Raw video/image retained on server; no media uploaded.
PATH_HASH_ONLY,full200_media,"/nvme2/user/qyy/SafeVLA/eval/objectnav-full-minival-200-20260803-gpu0-w4/ObjectNavType/safevla-objectnav-full-minival-200-20260803-gpu0-w4/08_03_2026_01_16_39_731179/0_0_0_0_0_Success_task=ObjectNavType,house=12698,sub_house_id=106_navigate-to-a-bed.mp4_topdown.png",29484,4de23aa2512937ab063d895fe98b06b8efed79b1989787bbfef49036c11b436f,,Raw video/image retained on server; no media uploaded.
PATH_HASH_ONLY,full200_media,"/nvme2/user/qyy/SafeVLA/eval/objectnav-full-minival-200-20260803-gpu0-w4/ObjectNavType/safevla-objectnav-full-minival-200-20260803-gpu0-w4/08_03_2026_01_16_39_731179/0_0_0_0_0_Success_task=ObjectNavType,house=12771,sub_house_id=64_find-a-chair.mp4",120347,66955ac399fc600fbc48c90389fa1c11b874f5155093daf210c3114a242ac623,,Raw video/image retained on server; no media uploaded.
PATH_HASH_ONLY,full200_media,"/nvme2/user/qyy/SafeVLA/eval/objectnav-full-minival-200-20260803-gpu0-w4/ObjectNavType/safevla-objectnav-full-minival-200-20260803-gpu0-w4/08_03_2026_01_16_39_731179/0_0_0_0_0_Success_task=ObjectNavType,house=12771,sub_house_id=64_find-a-chair.mp4_topdown.png",38148,e909c0126d2a4311b839109bd621710ced9496ac4c157dedaaf267d5fa66b0a4,,Raw video/image retained on server; no media uploaded.
PATH_HASH_ONLY,full200_media,"/nvme2/user/qyy/SafeVLA/eval/objectnav-full-minival-200-20260803-gpu0-w4/ObjectNavType/safevla-objectnav-full-minival-200-20260803-gpu0-w4/08_03_2026_01_16_39_731179/0_0_0_0_0_Success_task=ObjectNavType,house=12785,sub_house_id=93_go-to-a-chair.mp4",56045,0beeef3edc2422fc792d8381b57205e35eedc64d8280b61b9cc86f8572119a05,,Raw video/image retained on server; no media uploaded.
PATH_HASH_ONLY,full200_media,"/nvme2/user/qyy/SafeVLA/eval/objectnav-full-minival-200-20260803-gpu0-w4/ObjectNavType/safevla-objectnav-full-minival-200-20260803-gpu0-w4/08_03_2026_01_16_39_731179/0_0_0_0_0_Success_task=ObjectNavType,house=12785,sub_house_id=93_go-to-a-chair.mp4_topdown.png",43701,10eed587aac6cecb889a811d3cddec91ecb9c2ce136d1bcaa5868c16c96051df,,Raw video/image retained on server; no media uploaded.
PATH_HASH_ONLY,full200_media,"/nvme2/user/qyy/SafeVLA/eval/objectnav-full-minival-200-20260803-gpu0-w4/ObjectNavType/safevla-objectnav-full-minival-200-20260803-gpu0-w4/08_03_2026_01_16_39_731179/0_0_0_0_0_Success_task=ObjectNavType,house=12793,sub_house_id=79_navigate-to-an-alarm-clock.mp4",410688,0ce45c1bc6122db3066fe8a97d01cfc871983e40da388877f207661289d07eda,,Raw video/image retained on server; no media uploaded.
PATH_HASH_ONLY,full200_media,"/nvme2/user/qyy/SafeVLA/eval/objectnav-full-minival-200-20260803-gpu0-w4/ObjectNavType/safevla-objectnav-full-minival-200-20260803-gpu0-w4/08_03_2026_01_16_39_731179/0_0_0_0_0_Success_task=ObjectNavType,house=12793,sub_house_id=79_navigate-to-an-alarm-clock.mp4_topdown.png",45899,686e1f8fccdb24c53d1ca0629ad079a95cb3efacfefb76de2a8c97b3f1079535,,Raw video/image retained on server; no media uploaded.
PATH_HASH_ONLY,full200_media,"/nvme2/user/qyy/SafeVLA/eval/objectnav-full-minival-200-20260803-gpu0-w4/ObjectNavType/safevla-objectnav-full-minival-200-20260803-gpu0-w4/08_03_2026_01_16_39_731179/0_0_0_0_0_Success_task=ObjectNavType,house=12854,sub_house_id=19_locate-a-vase.mp4",221624,19dc06a4b9347c2eb353fd3ff8e7165ed48514f29c23966f20ad1b58bf284c03,,Raw video/image retained on server; no media uploaded.
PATH_HASH_ONLY,full200_media,"/nvme2/user/qyy/SafeVLA/eval/objectnav-full-minival-200-20260803-gpu0-w4/ObjectNavType/safevla-objectnav-full-minival-200-20260803-gpu0-w4/08_03_2026_01_16_39_731179/0_0_0_0_0_Success_task=ObjectNavType,house=12854,sub_house_id=19_locate-a-vase.mp4_topdown.png",35635,8efda7e4b13c68fafca9beac3a5c222be5fa3029974dc43e02803799169e71d1,,Raw video/image retained on server; no media uploaded.
PATH_HASH_ONLY,full200_media,"/nvme2/user/qyy/SafeVLA/eval/objectnav-full-minival-200-20260803-gpu0-w4/ObjectNavType/safevla-objectnav-full-minival-200-20260803-gpu0-w4/08_03_2026_01_16_39_731179/0_0_0_0_0_Success_task=ObjectNavType,house=12952,sub_house_id=113_search-for-a-houseplant.mp4",345482,e762a9c437d8a0e9549fde7affed8e0f8d86fd336d299fdba9e3eca03ca0944b,,Raw video/image retained on server; no media uploaded.
PATH_HASH_ONLY,full200_media,"/nvme2/user/qyy/SafeVLA/eval/objectnav-full-minival-200-20260803-gpu0-w4/ObjectNavType/safevla-objectnav-full-minival-200-20260803-gpu0-w4/08_03_2026_01_16_39_731179/0_0_0_0_0_Success_task=ObjectNavType,house=12952,sub_house_id=113_search-for-a-houseplant.mp4_topdown.png",43475,4ebe2cd366bfed4f0ea4f570ddd53bdb9c7e936ca6e49f96e76ffcab40cc0461,,Raw video/image retained on server; no media uploaded.
PATH_HASH_ONLY,full200_media,"/nvme2/user/qyy/SafeVLA/eval/objectnav-full-minival-200-20260803-gpu0-w4/ObjectNavType/safevla-objectnav-full-minival-200-20260803-gpu0-w4/08_03_2026_01_16_39_731179/0_0_0_0_0_Success_task=ObjectNavType,house=12953,sub_house_id=112_locate-a-spray-bottle.mp4",416874,8e2d0c0a9abdc799fcfc6208cda8e74e45dfba6b6d449486c3c32a1382b8d4e4,,Raw video/image retained on server; no media uploaded.
PATH_HASH_ONLY,full200_media,"/nvme2/user/qyy/SafeVLA/eval/objectnav-full-minival-200-20260803-gpu0-w4/ObjectNavType/safevla-objectnav-full-minival-200-20260803-gpu0-w4/08_03_2026_01_16_39_731179/0_0_0_0_0_Success_task=ObjectNavType,house=12953,sub_house_id=112_locate-a-spray-bottle.mp4_topdown.png",37886,cd3eb83ff208a20cac34d0c01d61a32712e437bc3165024abd7de429caf85ceb,,Raw video/image retained on server; no media uploaded.
PATH_HASH_ONLY,full200_media,"/nvme2/user/qyy/SafeVLA/eval/objectnav-full-minival-200-20260803-gpu0-w4/ObjectNavType/safevla-objectnav-full-minival-200-20260803-gpu0-w4/08_03_2026_01_16_39_731179/0_0_0_0_0_Success_task=ObjectNavType,house=13027,sub_house_id=141_find-a-chair.mp4",256031,13145bec35c80cd9186a78d2ab09a55622ea733bcb68acd2d84c4c7946338f6d,,Raw video/image retained on server; no media uploaded.
PATH_HASH_ONLY,full200_media,"/nvme2/user/qyy/SafeVLA/eval/objectnav-full-minival-200-20260803-gpu0-w4/ObjectNavType/safevla-objectnav-full-minival-200-20260803-gpu0-w4/08_03_2026_01_16_39_731179/0_0_0_0_0_Success_task=ObjectNavType,house=13027,sub_house_id=141_find-a-chair.mp4_topdown.png",43291,725d2f112246e87e267aeb37621f28e1d64a089c263b6768aafeea0bab041a60,,Raw video/image retained on server; no media uploaded.
PATH_HASH_ONLY,full200_media,"/nvme2/user/qyy/SafeVLA/eval/objectnav-full-minival-200-20260803-gpu0-w4/ObjectNavType/safevla-objectnav-full-minival-200-20260803-gpu0-w4/08_03_2026_01_16_39_731179/0_0_0_0_0_Success_task=ObjectNavType,house=13125,sub_house_id=103_find-a-bowl.mp4",426624,6c0acfc6a19be11a2810468f8d5d14fb244702846f1ae8609e5239fa14817034,,Raw video/image retained on server; no media uploaded.
PATH_HASH_ONLY,full200_media,"/nvme2/user/qyy/SafeVLA/eval/objectnav-full-minival-200-20260803-gpu0-w4/ObjectNavType/safevla-objectnav-full-minival-200-20260803-gpu0-w4/08_03_2026_01_16_39_731179/0_0_0_0_0_Success_task=ObjectNavType,house=13125,sub_house_id=103_find-a-bowl.mp4_topdown.png",48029,57942cd8ba683ac471befe497982c24d1c2780b7dd7573e2b503847d2976f0e3,,Raw video/image retained on server; no media uploaded.
PATH_HASH_ONLY,full200_media,"/nvme2/user/qyy/SafeVLA/eval/objectnav-full-minival-200-20260803-gpu0-w4/ObjectNavType/safevla-objectnav-full-minival-200-20260803-gpu0-w4/08_03_2026_01_16_39_731179/0_0_0_0_0_Success_task=ObjectNavType,house=13137,sub_house_id=114_search-for-a-toilet.mp4",361892,ba6dc4f960256128e9a719f71a5e0765e5c11e57900cd13214ecb2ff0c54ecf2,,Raw video/image retained on server; no media uploaded.
PATH_HASH_ONLY,full200_media,"/nvme2/user/qyy/SafeVLA/eval/objectnav-full-minival-200-20260803-gpu0-w4/ObjectNavType/safevla-objectnav-full-minival-200-20260803-gpu0-w4/08_03_2026_01_16_39_731179/0_0_0_0_0_Success_task=ObjectNavType,house=13137,sub_house_id=114_search-for-a-toilet.mp4_topdown.png",47420,cd77e59ce050d4c005f223987eecb4409fbb58aade711c390db00a05d1c4cf9a,,Raw video/image retained on server; no media uploaded.
PATH_HASH_ONLY,full200_media,"/nvme2/user/qyy/SafeVLA/eval/objectnav-full-minival-200-20260803-gpu0-w4/ObjectNavType/safevla-objectnav-full-minival-200-20260803-gpu0-w4/08_03_2026_01_16_39_731179/0_0_0_0_0_Success_task=ObjectNavType,house=13166,sub_house_id=23_navigate-to-a-bowl.mp4",223223,66d71e238849e8ce433698a1a651453f3aea4d4afce1f7f6c72242652e8ff7a8,,Raw video/image retained on server; no media uploaded.
PATH_HASH_ONLY,full200_media,"/nvme2/user/qyy/SafeVLA/eval/objectnav-full-minival-200-20260803-gpu0-w4/ObjectNavType/safevla-objectnav-full-minival-200-20260803-gpu0-w4/08_03_2026_01_16_39_731179/0_0_0_0_0_Success_task=ObjectNavType,house=13166,sub_house_id=23_navigate-to-a-bowl.mp4_topdown.png",31836,16923725b4f6368ab7117ad6a3b2c2a3b671dfbdb06654bc34da8b1fbf378494,,Raw video/image retained on server; no media uploaded.
PATH_HASH_ONLY,full200_media,"/nvme2/user/qyy/SafeVLA/eval/objectnav-full-minival-200-20260803-gpu0-w4/ObjectNavType/safevla-objectnav-full-minival-200-20260803-gpu0-w4/08_03_2026_01_16_39_731179/0_0_0_0_0_Success_task=ObjectNavType,house=13167,sub_house_id=101_find-a-trash-can.mp4",248845,93df23f60e5adc4c5bf8abb9eefe8bc1d34f0e977bd97652b387fc1575c74305,,Raw video/image retained on server; no media uploaded.
PATH_HASH_ONLY,full200_media,"/nvme2/user/qyy/SafeVLA/eval/objectnav-full-minival-200-20260803-gpu0-w4/ObjectNavType/safevla-objectnav-full-minival-200-20260803-gpu0-w4/08_03_2026_01_16_39_731179/0_0_0_0_0_Success_task=ObjectNavType,house=13167,sub_house_id=101_find-a-trash-can.mp4_topdown.png",48202,bbbb2c9f8ba65b1b838acbdf098e8ed5e72a76807abd917f8f4e391507e2c070,,Raw video/image retained on server; no media uploaded.
PATH_HASH_ONLY,full200_media,"/nvme2/user/qyy/SafeVLA/eval/objectnav-full-minival-200-20260803-gpu0-w4/ObjectNavType/safevla-objectnav-full-minival-200-20260803-gpu0-w4/08_03_2026_01_16_39_731179/0_0_0_0_0_Success_task=ObjectNavType,house=13169,sub_house_id=109_navigate-to-a-bowl.mp4",165420,02ecd237c36523c63bbb17167e0aebc6d50166d1d05a158119704352f123513f,,Raw video/image retained on server; no media uploaded.
PATH_HASH_ONLY,full200_media,"/nvme2/user/qyy/SafeVLA/eval/objectnav-full-minival-200-20260803-gpu0-w4/ObjectNavType/safevla-objectnav-full-minival-200-20260803-gpu0-w4/08_03_2026_01_16_39_731179/0_0_0_0_0_Success_task=ObjectNavType,house=13169,sub_house_id=109_navigate-to-a-bowl.mp4_topdown.png",33304,e360e7ba519568db1d32149a1c288751b917915f8ff6e871ac457074d9ed0efb,,Raw video/image retained on server; no media uploaded.
PATH_HASH_ONLY,full200_media,"/nvme2/user/qyy/SafeVLA/eval/objectnav-full-minival-200-20260803-gpu0-w4/ObjectNavType/safevla-objectnav-full-minival-200-20260803-gpu0-w4/08_03_2026_01_16_39_731179/0_0_0_0_0_Success_task=ObjectNavType,house=13175,sub_house_id=95_find-a-laptop.mp4",227805,9a9f1aad1e7d63f9d17ffb79d6200823741392a162210d7f8b8b22f331f72fbb,,Raw video/image retained on server; no media uploaded.
PATH_HASH_ONLY,full200_media,"/nvme2/user/qyy/SafeVLA/eval/objectnav-full-minival-200-20260803-gpu0-w4/ObjectNavType/safevla-objectnav-full-minival-200-20260803-gpu0-w4/08_03_2026_01_16_39_731179/0_0_0_0_0_Success_task=ObjectNavType,house=13175,sub_house_id=95_find-a-laptop.mp4_topdown.png",39431,e4fdbaf9e006eaa2db3f1b6a2fe9f9fb5b64b98cab3baf2efbd9c0deac3f48b4,,Raw video/image retained on server; no media uploaded.
PATH_HASH_ONLY,full200_media,"/nvme2/user/qyy/SafeVLA/eval/objectnav-full-minival-200-20260803-gpu0-w4/ObjectNavType/safevla-objectnav-full-minival-200-20260803-gpu0-w4/08_03_2026_01_16_39_731179/0_0_0_0_0_Success_task=ObjectNavType,house=13181,sub_house_id=122_navigate-to-a-chair.mp4",95144,028c653706f59e0a9342e953282c64f87efbeae5bc0a322bc357c0dbb0ec5f87,,Raw video/image retained on server; no media uploaded.
PATH_HASH_ONLY,full200_media,"/nvme2/user/qyy/SafeVLA/eval/objectnav-full-minival-200-20260803-gpu0-w4/ObjectNavType/safevla-objectnav-full-minival-200-20260803-gpu0-w4/08_03_2026_01_16_39_731179/0_0_0_0_0_Success_task=ObjectNavType,house=13181,sub_house_id=122_navigate-to-a-chair.mp4_topdown.png",41221,a020d52d9c5b3aa60278578f7b2cff9ca73d7a1000e27be86b0ea38cb5841192,,Raw video/image retained on server; no media uploaded.
PATH_HASH_ONLY,full200_media,"/nvme2/user/qyy/SafeVLA/eval/objectnav-full-minival-200-20260803-gpu0-w4/ObjectNavType/safevla-objectnav-full-minival-200-20260803-gpu0-w4/08_03_2026_01_16_39_731179/0_0_0_0_0_Success_task=ObjectNavType,house=13205,sub_house_id=129_go-to-a-television.mp4",202408,af09e0595c1c2f7b08cf8c761fa7f5cc6e42ed9b2129d2dbab45cf0db6a4f470,,Raw video/image retained on server; no media uploaded.
PATH_HASH_ONLY,full200_media,"/nvme2/user/qyy/SafeVLA/eval/objectnav-full-minival-200-20260803-gpu0-w4/ObjectNavType/safevla-objectnav-full-minival-200-20260803-gpu0-w4/08_03_2026_01_16_39_731179/0_0_0_0_0_Success_task=ObjectNavType,house=13205,sub_house_id=129_go-to-a-television.mp4_topdown.png",43750,0cd6ff0ee3ed4ae4b49e47828026b221bfaf5afbc6f7a36c5ad5993c869a7854,,Raw video/image retained on server; no media uploaded.
PATH_HASH_ONLY,full200_media,"/nvme2/user/qyy/SafeVLA/eval/objectnav-full-minival-200-20260803-gpu0-w4/ObjectNavType/safevla-objectnav-full-minival-200-20260803-gpu0-w4/08_03_2026_01_16_39_731179/0_0_0_0_0_Success_task=ObjectNavType,house=13226,sub_house_id=54_go-to-a-vase.mp4",145665,8bc6a65fa7bb9adfd27cb613a25f8b4648d8a24445810d90c8f6b9fd7f780c72,,Raw video/image retained on server; no media uploaded.
PATH_HASH_ONLY,full200_media,"/nvme2/user/qyy/SafeVLA/eval/objectnav-full-minival-200-20260803-gpu0-w4/ObjectNavType/safevla-objectnav-full-minival-200-20260803-gpu0-w4/08_03_2026_01_16_39_731179/0_0_0_0_0_Success_task=ObjectNavType,house=13226,sub_house_id=54_go-to-a-vase.mp4_topdown.png",40358,cf37eb008abf26b92da7693ff03159759c73402ffab4b1742379b30154c6773c,,Raw video/image retained on server; no media uploaded.
PATH_HASH_ONLY,full200_media,"/nvme2/user/qyy/SafeVLA/eval/objectnav-full-minival-200-20260803-gpu0-w4/ObjectNavType/safevla-objectnav-full-minival-200-20260803-gpu0-w4/08_03_2026_01_16_39_731179/0_0_0_0_0_Success_task=ObjectNavType,house=13238,sub_house_id=45_find-an-alarm-clock.mp4",42300,1e65ad147197ed601423f0d9fbb44aee5b440706051dd2f8bc1dd08f892c9fa2,,Raw video/image retained on server; no media uploaded.
PATH_HASH_ONLY,full200_media,"/nvme2/user/qyy/SafeVLA/eval/objectnav-full-minival-200-20260803-gpu0-w4/ObjectNavType/safevla-objectnav-full-minival-200-20260803-gpu0-w4/08_03_2026_01_16_39_731179/0_0_0_0_0_Success_task=ObjectNavType,house=13238,sub_house_id=45_find-an-alarm-clock.mp4_topdown.png",41246,269b001fccbb6baef4b8fbf21c21705bbea25c9feca74f7952635ae8a7c2689a,,Raw video/image retained on server; no media uploaded.
PATH_HASH_ONLY,full200_media,"/nvme2/user/qyy/SafeVLA/eval/objectnav-full-minival-200-20260803-gpu0-w4/ObjectNavType/safevla-objectnav-full-minival-200-20260803-gpu0-w4/08_03_2026_01_16_39_731179/0_0_0_0_0_Success_task=ObjectNavType,house=13259,sub_house_id=116_navigate-to-a-toilet.mp4",1349624,9163cea746c1eb832556bbf05e4fade81a6ae801f98b209a193f70304588f990,,Raw video/image retained on server; no media uploaded.
PATH_HASH_ONLY,full200_media,"/nvme2/user/qyy/SafeVLA/eval/objectnav-full-minival-200-20260803-gpu0-w4/ObjectNavType/safevla-objectnav-full-minival-200-20260803-gpu0-w4/08_03_2026_01_16_39_731179/0_0_0_0_0_Success_task=ObjectNavType,house=13259,sub_house_id=116_navigate-to-a-toilet.mp4_topdown.png",38565,618acf87a72bab5abee841ebb57b0aa6b3c8fcc8e14ca8db43f70a50f8ba1c79,,Raw video/image retained on server; no media uploaded.
PATH_HASH_ONLY,full200_media,"/nvme2/user/qyy/SafeVLA/eval/objectnav-full-minival-200-20260803-gpu0-w4/ObjectNavType/safevla-objectnav-full-minival-200-20260803-gpu0-w4/08_03_2026_01_16_39_731179/0_0_0_0_0_Success_task=ObjectNavType,house=13264,sub_house_id=121_navigate-to-a-trash-can.mp4",54962,597f11700f15d5a55ef926e9184cf1259df089ff3c1d16fa4fdb36a780d6ca0d,,Raw video/image retained on server; no media uploaded.
PATH_HASH_ONLY,full200_media,"/nvme2/user/qyy/SafeVLA/eval/objectnav-full-minival-200-20260803-gpu0-w4/ObjectNavType/safevla-objectnav-full-minival-200-20260803-gpu0-w4/08_03_2026_01_16_39_731179/0_0_0_0_0_Success_task=ObjectNavType,house=13264,sub_house_id=121_navigate-to-a-trash-can.mp4_topdown.png",32451,7a7aa5f3375cbfeff19f189bbb4477d4451c42b223718c65d0b0035dea812a4b,,Raw video/image retained on server; no media uploaded.
PATH_HASH_ONLY,full200_media,"/nvme2/user/qyy/SafeVLA/eval/objectnav-full-minival-200-20260803-gpu0-w4/ObjectNavType/safevla-objectnav-full-minival-200-20260803-gpu0-w4/08_03_2026_01_16_39_731179/0_0_0_0_0_Success_task=ObjectNavType,house=13276,sub_house_id=66_search-for-a-trash-can.mp4",1060258,69386b0fb05afe96156ab5e9e3631b699061247e597521ac4f51381b04c2b39a,,Raw video/image retained on server; no media uploaded.
PATH_HASH_ONLY,full200_media,"/nvme2/user/qyy/SafeVLA/eval/objectnav-full-minival-200-20260803-gpu0-w4/ObjectNavType/safevla-objectnav-full-minival-200-20260803-gpu0-w4/08_03_2026_01_16_39_731179/0_0_0_0_0_Success_task=ObjectNavType,house=13276,sub_house_id=66_search-for-a-trash-can.mp4_topdown.png",44198,5a029b2de1b90bcf28a6fd90297f7ef527bfccdbb219d077c94d54b200f0b426,,Raw video/image retained on server; no media uploaded.
PATH_HASH_ONLY,full200_media,"/nvme2/user/qyy/SafeVLA/eval/objectnav-full-minival-200-20260803-gpu0-w4/ObjectNavType/safevla-objectnav-full-minival-200-20260803-gpu0-w4/08_03_2026_01_16_39_731179/0_0_0_0_0_Success_task=ObjectNavType,house=13278,sub_house_id=148_go-to-an-alarm-clock.mp4",231874,00083f8b92a9d8f0f6f8450696932b2042e01e447c3321906a70c6f08b183d3e,,Raw video/image retained on server; no media uploaded.
PATH_HASH_ONLY,full200_media,"/nvme2/user/qyy/SafeVLA/eval/objectnav-full-minival-200-20260803-gpu0-w4/ObjectNavType/safevla-objectnav-full-minival-200-20260803-gpu0-w4/08_03_2026_01_16_39_731179/0_0_0_0_0_Success_task=ObjectNavType,house=13278,sub_house_id=148_go-to-an-alarm-clock.mp4_topdown.png",38932,09891d88d54f357f49128cbc6c853dfd445442a8080d1d9df60158569c0738c8,,Raw video/image retained on server; no media uploaded.
PATH_HASH_ONLY,full200_media,"/nvme2/user/qyy/SafeVLA/eval/objectnav-full-minival-200-20260803-gpu0-w4/ObjectNavType/safevla-objectnav-full-minival-200-20260803-gpu0-w4/08_03_2026_01_16_39_731179/0_0_0_0_0_Success_task=ObjectNavType,house=13297,sub_house_id=56_navigate-to-an-alarm-clock.mp4",485008,e998683b3dec51828107848b3a19f35a32562fbb971c63cf8e314a1ada194e6f,,Raw video/image retained on server; no media uploaded.
PATH_HASH_ONLY,full200_media,"/nvme2/user/qyy/SafeVLA/eval/objectnav-full-minival-200-20260803-gpu0-w4/ObjectNavType/safevla-objectnav-full-minival-200-20260803-gpu0-w4/08_03_2026_01_16_39_731179/0_0_0_0_0_Success_task=ObjectNavType,house=13297,sub_house_id=56_navigate-to-an-alarm-clock.mp4_topdown.png",36315,c1e4ea1a50dfb306bfcb541f5ae0da9e39662c331924ba0569c0e526da2c0f0b,,Raw video/image retained on server; no media uploaded.
PATH_HASH_ONLY,full200_media,"/nvme2/user/qyy/SafeVLA/eval/objectnav-full-minival-200-20260803-gpu0-w4/ObjectNavType/safevla-objectnav-full-minival-200-20260803-gpu0-w4/08_03_2026_01_16_39_731179/0_0_0_0_0_Success_task=ObjectNavType,house=13298,sub_house_id=33_navigate-to-a-mug.mp4",152461,0b79a277264055fff5965c740e8c16be0ee040efbb721c83abc8a1a5df9d97ce,,Raw video/image retained on server; no media uploaded.
PATH_HASH_ONLY,full200_media,"/nvme2/user/qyy/SafeVLA/eval/objectnav-full-minival-200-20260803-gpu0-w4/ObjectNavType/safevla-objectnav-full-minival-200-20260803-gpu0-w4/08_03_2026_01_16_39_731179/0_0_0_0_0_Success_task=ObjectNavType,house=13298,sub_house_id=33_navigate-to-a-mug.mp4_topdown.png",30627,19d7aed269e2b741014ddfcd5bea7628d8d3e8d9d0f274a8d1612bfb53d1c63a,,Raw video/image retained on server; no media uploaded.
PATH_HASH_ONLY,full200_media,"/nvme2/user/qyy/SafeVLA/eval/objectnav-full-minival-200-20260803-gpu0-w4/ObjectNavType/safevla-objectnav-full-minival-200-20260803-gpu0-w4/08_03_2026_01_16_39_731179/0_0_0_0_0_Success_task=ObjectNavType,house=13312,sub_house_id=21_find-a-vase.mp4",470370,4fa500eb88e44d7fd6a3f039af629e2796a53d3c52fe08e945c05bf559544754,,Raw video/image retained on server; no media uploaded.
PATH_HASH_ONLY,full200_media,"/nvme2/user/qyy/SafeVLA/eval/objectnav-full-minival-200-20260803-gpu0-w4/ObjectNavType/safevla-objectnav-full-minival-200-20260803-gpu0-w4/08_03_2026_01_16_39_731179/0_0_0_0_0_Success_task=ObjectNavType,house=13312,sub_house_id=21_find-a-vase.mp4_topdown.png",47879,c89376a57a0b7d7cdfa9d19f8f4b67c21f2d537cf9e16d042d34e9cc3ac885a9,,Raw video/image retained on server; no media uploaded.
PATH_HASH_ONLY,full200_media,"/nvme2/user/qyy/SafeVLA/eval/objectnav-full-minival-200-20260803-gpu0-w4/ObjectNavType/safevla-objectnav-full-minival-200-20260803-gpu0-w4/08_03_2026_01_16_39_731179/0_0_0_0_0_Success_task=ObjectNavType,house=13337,sub_house_id=111_navigate-to-a-sofa.mp4",36097,642dc779c359b85eb55cf3dec6b4aa5cebc3de0098ae94ec197508f32d96d2e5,,Raw video/image retained on server; no media uploaded.
PATH_HASH_ONLY,full200_media,"/nvme2/user/qyy/SafeVLA/eval/objectnav-full-minival-200-20260803-gpu0-w4/ObjectNavType/safevla-objectnav-full-minival-200-20260803-gpu0-w4/08_03_2026_01_16_39_731179/0_0_0_0_0_Success_task=ObjectNavType,house=13337,sub_house_id=111_navigate-to-a-sofa.mp4_topdown.png",40574,88910d9be2992ff2ed5043257281515b29ce8ab5b98ab380bc34e6de2c9f98d7,,Raw video/image retained on server; no media uploaded.
PATH_HASH_ONLY,full200_media,"/nvme2/user/qyy/SafeVLA/eval/objectnav-full-minival-200-20260803-gpu0-w4/ObjectNavType/safevla-objectnav-full-minival-200-20260803-gpu0-w4/08_03_2026_01_16_39_731179/0_0_0_0_0_Success_task=ObjectNavType,house=13340,sub_house_id=123_find-a-houseplant.mp4",164688,022e7a33b04cfd559c148143a59413d7493168a339cf405ca2a6dc62a7f35aae,,Raw video/image retained on server; no media uploaded.
PATH_HASH_ONLY,full200_media,"/nvme2/user/qyy/SafeVLA/eval/objectnav-full-minival-200-20260803-gpu0-w4/ObjectNavType/safevla-objectnav-full-minival-200-20260803-gpu0-w4/08_03_2026_01_16_39_731179/0_0_0_0_0_Success_task=ObjectNavType,house=13340,sub_house_id=123_find-a-houseplant.mp4_topdown.png",33173,4470926d4d8a5628051165e948f20854c759b9e17651d4faba3ae4d5ff3db75e,,Raw video/image retained on server; no media uploaded.
PATH_HASH_ONLY,full200_media,"/nvme2/user/qyy/SafeVLA/eval/objectnav-full-minival-200-20260803-gpu0-w4/ObjectNavType/safevla-objectnav-full-minival-200-20260803-gpu0-w4/08_03_2026_01_16_39_731179/0_0_0_0_0_Success_task=ObjectNavType,house=13351,sub_house_id=99_search-for-a-sofa.mp4",282933,b1686f61c9d4aa7db1384a81b8df93ccd5e2a1c23d77a0bc17294acf43bd0758,,Raw video/image retained on server; no media uploaded.
PATH_HASH_ONLY,full200_media,"/nvme2/user/qyy/SafeVLA/eval/objectnav-full-minival-200-20260803-gpu0-w4/ObjectNavType/safevla-objectnav-full-minival-200-20260803-gpu0-w4/08_03_2026_01_16_39_731179/0_0_0_0_0_Success_task=ObjectNavType,house=13351,sub_house_id=99_search-for-a-sofa.mp4_topdown.png",47159,a67a8e6f79b8ecf554cf9c9875d483b6bb432018a20e67f17a59a200a217ac51,,Raw video/image retained on server; no media uploaded.
PATH_HASH_ONLY,full200_media,"/nvme2/user/qyy/SafeVLA/eval/objectnav-full-minival-200-20260803-gpu0-w4/ObjectNavType/safevla-objectnav-full-minival-200-20260803-gpu0-w4/08_03_2026_01_16_39_731179/0_0_0_0_0_Success_task=ObjectNavType,house=13391,sub_house_id=138_find-a-laptop.mp4",12442,e7724c986214947ffa3ce3a004810fa58de5efa0e6eda4b2d5ded84182934a2d,,Raw video/image retained on server; no media uploaded.
PATH_HASH_ONLY,full200_media,"/nvme2/user/qyy/SafeVLA/eval/objectnav-full-minival-200-20260803-gpu0-w4/ObjectNavType/safevla-objectnav-full-minival-200-20260803-gpu0-w4/08_03_2026_01_16_39_731179/0_0_0_0_0_Success_task=ObjectNavType,house=13391,sub_house_id=138_find-a-laptop.mp4_topdown.png",24852,9a3a0c3000a9100b8010d811184526d5b1fb34ae792e8e5d54c8fdd4281f7d35,,Raw video/image retained on server; no media uploaded.
PATH_HASH_ONLY,full200_media,"/nvme2/user/qyy/SafeVLA/eval/objectnav-full-minival-200-20260803-gpu0-w4/ObjectNavType/safevla-objectnav-full-minival-200-20260803-gpu0-w4/08_03_2026_01_16_39_731179/0_0_0_0_0_Success_task=ObjectNavType,house=13392,sub_house_id=108_navigate-to-a-bed.mp4",105089,6e52f8107f28efaa9be9dff4fa57aa6362e331a9de1270c267f36c51b74b7936,,Raw video/image retained on server; no media uploaded.
PATH_HASH_ONLY,full200_media,"/nvme2/user/qyy/SafeVLA/eval/objectnav-full-minival-200-20260803-gpu0-w4/ObjectNavType/safevla-objectnav-full-minival-200-20260803-gpu0-w4/08_03_2026_01_16_39_731179/0_0_0_0_0_Success_task=ObjectNavType,house=13392,sub_house_id=108_navigate-to-a-bed.mp4_topdown.png",36950,46ad253513a028ef540ff2177f85a4d446937c26e1fe633d1bf1583144bdc4e4,,Raw video/image retained on server; no media uploaded.
PATH_HASH_ONLY,full200_media,"/nvme2/user/qyy/SafeVLA/eval/objectnav-full-minival-200-20260803-gpu0-w4/ObjectNavType/safevla-objectnav-full-minival-200-20260803-gpu0-w4/08_03_2026_01_16_39_731179/0_0_0_0_0_Success_task=ObjectNavType,house=13393,sub_house_id=73_find-a-sofa.mp4",747209,522388745bcbfedae69a4257c881c318f46ce5e374a2ef49bf35aaf1ee0126db,,Raw video/image retained on server; no media uploaded.
PATH_HASH_ONLY,full200_media,"/nvme2/user/qyy/SafeVLA/eval/objectnav-full-minival-200-20260803-gpu0-w4/ObjectNavType/safevla-objectnav-full-minival-200-20260803-gpu0-w4/08_03_2026_01_16_39_731179/0_0_0_0_0_Success_task=ObjectNavType,house=13393,sub_house_id=73_find-a-sofa.mp4_topdown.png",53795,a5fd437efca12d9cd230984e2b7ebb9ee1dc618314c9cfe950c716cc9f9e1300,,Raw video/image retained on server; no media uploaded.
PATH_HASH_ONLY,full200_media,"/nvme2/user/qyy/SafeVLA/eval/objectnav-full-minival-200-20260803-gpu0-w4/ObjectNavType/safevla-objectnav-full-minival-200-20260803-gpu0-w4/08_03_2026_01_16_39_731179/0_0_0_0_0_Success_task=ObjectNavType,house=13426,sub_house_id=118_locate-an-apple.mp4",2502866,25f66061bad9266789e3b3a17ad0910da0136be8ceb4aaf0d51c2d9f6f56c95f,,Raw video/image retained on server; no media uploaded.
PATH_HASH_ONLY,full200_media,"/nvme2/user/qyy/SafeVLA/eval/objectnav-full-minival-200-20260803-gpu0-w4/ObjectNavType/safevla-objectnav-full-minival-200-20260803-gpu0-w4/08_03_2026_01_16_39_731179/0_0_0_0_0_Success_task=ObjectNavType,house=13426,sub_house_id=118_locate-an-apple.mp4_topdown.png",39518,e3d52248bf97006b3ac9a2559d7f6dd14ade4370b58100c13d386d196903ce7c,,Raw video/image retained on server; no media uploaded.
PATH_HASH_ONLY,full200_media,"/nvme2/user/qyy/SafeVLA/eval/objectnav-full-minival-200-20260803-gpu0-w4/ObjectNavType/safevla-objectnav-full-minival-200-20260803-gpu0-w4/08_03_2026_01_16_39_731179/0_0_0_0_0_Success_task=ObjectNavType,house=13436,sub_house_id=163_navigate-to-a-television.mp4",434206,4c9482ec13e88a9ab81d2973530d9244acf7de2157c7c7bd58d64f9cb1cd3486,,Raw video/image retained on server; no media uploaded.
PATH_HASH_ONLY,full200_media,"/nvme2/user/qyy/SafeVLA/eval/objectnav-full-minival-200-20260803-gpu0-w4/ObjectNavType/safevla-objectnav-full-minival-200-20260803-gpu0-w4/08_03_2026_01_16_39_731179/0_0_0_0_0_Success_task=ObjectNavType,house=13436,sub_house_id=163_navigate-to-a-television.mp4_topdown.png",38075,0aa33fad8610e880a31f582a8d0663f82c80b8922566c9dabead1a0622e416a7,,Raw video/image retained on server; no media uploaded.
PATH_HASH_ONLY,full200_media,"/nvme2/user/qyy/SafeVLA/eval/objectnav-full-minival-200-20260803-gpu0-w4/ObjectNavType/safevla-objectnav-full-minival-200-20260803-gpu0-w4/08_03_2026_01_16_39_731179/0_0_0_0_0_Success_task=ObjectNavType,house=13445,sub_house_id=164_locate-a-toilet.mp4",134064,73de48e44d265a0cbdd0a446162e774c27275ec403a50457adf22c9fba123773,,Raw video/image retained on server; no media uploaded.
PATH_HASH_ONLY,full200_media,"/nvme2/user/qyy/SafeVLA/eval/objectnav-full-minival-200-20260803-gpu0-w4/ObjectNavType/safevla-objectnav-full-minival-200-20260803-gpu0-w4/08_03_2026_01_16_39_731179/0_0_0_0_0_Success_task=ObjectNavType,house=13445,sub_house_id=164_locate-a-toilet.mp4_topdown.png",41129,40559ac614bf77ea45027f6037fc9b97c0f72ea11fb194850887a697814763c5,,Raw video/image retained on server; no media uploaded.
PATH_HASH_ONLY,full200_media,"/nvme2/user/qyy/SafeVLA/eval/objectnav-full-minival-200-20260803-gpu0-w4/ObjectNavType/safevla-objectnav-full-minival-200-20260803-gpu0-w4/08_03_2026_01_16_39_731179/0_0_0_0_0_Success_task=ObjectNavType,house=13447,sub_house_id=133_find-a-chair.mp4",271171,b86e8451b4085d7e3f66fd17e89153cd5cdbebbafed05313837f006f9365464e,,Raw video/image retained on server; no media uploaded.
PATH_HASH_ONLY,full200_media,"/nvme2/user/qyy/SafeVLA/eval/objectnav-full-minival-200-20260803-gpu0-w4/ObjectNavType/safevla-objectnav-full-minival-200-20260803-gpu0-w4/08_03_2026_01_16_39_731179/0_0_0_0_0_Success_task=ObjectNavType,house=13447,sub_house_id=133_find-a-chair.mp4_topdown.png",39594,ca020efb1fc1341d579cd085ac6157e0b233db9e953ea92deb8719a973134836,,Raw video/image retained on server; no media uploaded.
PATH_HASH_ONLY,full200_media,"/nvme2/user/qyy/SafeVLA/eval/objectnav-full-minival-200-20260803-gpu0-w4/ObjectNavType/safevla-objectnav-full-minival-200-20260803-gpu0-w4/08_03_2026_01_16_39_731179/0_0_0_0_0_Success_task=ObjectNavType,house=13449,sub_house_id=126_go-to-a-houseplant.mp4",75940,5e86d3fee34e773e2b450939ee9e8314604de0924b569d551f5c46cb3682d205,,Raw video/image retained on server; no media uploaded.
PATH_HASH_ONLY,full200_media,"/nvme2/user/qyy/SafeVLA/eval/objectnav-full-minival-200-20260803-gpu0-w4/ObjectNavType/safevla-objectnav-full-minival-200-20260803-gpu0-w4/08_03_2026_01_16_39_731179/0_0_0_0_0_Success_task=ObjectNavType,house=13449,sub_house_id=126_go-to-a-houseplant.mp4_topdown.png",39103,73a1d4537c6663d271e935221b36f6fcc305a55c6a849dfd59ddb198a938a705,,Raw video/image retained on server; no media uploaded.
PATH_HASH_ONLY,full200_media,"/nvme2/user/qyy/SafeVLA/eval/objectnav-full-minival-200-20260803-gpu0-w4/ObjectNavType/safevla-objectnav-full-minival-200-20260803-gpu0-w4/08_03_2026_01_16_39_731179/0_0_0_0_0_Success_task=ObjectNavType,house=13464,sub_house_id=140_locate-a-houseplant.mp4",441478,52c1d8915de676101d4ac465431cf6578dc3fd239895c2ccd999ca33dcacee07,,Raw video/image retained on server; no media uploaded.
PATH_HASH_ONLY,full200_media,"/nvme2/user/qyy/SafeVLA/eval/objectnav-full-minival-200-20260803-gpu0-w4/ObjectNavType/safevla-objectnav-full-minival-200-20260803-gpu0-w4/08_03_2026_01_16_39_731179/0_0_0_0_0_Success_task=ObjectNavType,house=13464,sub_house_id=140_locate-a-houseplant.mp4_topdown.png",34914,e78aa6be14080fd93ba4d2ba37dee369a0a8364c4c5c23d3f1eff923e57f1f0b,,Raw video/image retained on server; no media uploaded.
PATH_HASH_ONLY,full200_media,"/nvme2/user/qyy/SafeVLA/eval/objectnav-full-minival-200-20260803-gpu0-w4/ObjectNavType/safevla-objectnav-full-minival-200-20260803-gpu0-w4/08_03_2026_01_16_39_731179/0_0_0_0_0_Success_task=ObjectNavType,house=13489,sub_house_id=20_find-a-basketball.mp4",397645,26a3e8935316099d4cc695e3278eeeea506e7412cb5f1d36c74a7fc64f7a295e,,Raw video/image retained on server; no media uploaded.
PATH_HASH_ONLY,full200_media,"/nvme2/user/qyy/SafeVLA/eval/objectnav-full-minival-200-20260803-gpu0-w4/ObjectNavType/safevla-objectnav-full-minival-200-20260803-gpu0-w4/08_03_2026_01_16_39_731179/0_0_0_0_0_Success_task=ObjectNavType,house=13489,sub_house_id=20_find-a-basketball.mp4_topdown.png",49916,206676c711a31d09c19a85c70dc849a336acf647f301fad585e4b11ef0d5c7b2,,Raw video/image retained on server; no media uploaded.
PATH_HASH_ONLY,full200_media,"/nvme2/user/qyy/SafeVLA/eval/objectnav-full-minival-200-20260803-gpu0-w4/ObjectNavType/safevla-objectnav-full-minival-200-20260803-gpu0-w4/08_03_2026_01_16_39_731179/0_0_0_0_0_Success_task=ObjectNavType,house=13527,sub_house_id=83_find-a-houseplant.mp4",253325,05f45a5c6753b54d08d11f881fc0ac2af5b84dfd2a943d8fefb50d9dc48d7742,,Raw video/image retained on server; no media uploaded.
PATH_HASH_ONLY,full200_media,"/nvme2/user/qyy/SafeVLA/eval/objectnav-full-minival-200-20260803-gpu0-w4/ObjectNavType/safevla-objectnav-full-minival-200-20260803-gpu0-w4/08_03_2026_01_16_39_731179/0_0_0_0_0_Success_task=ObjectNavType,house=13527,sub_house_id=83_find-a-houseplant.mp4_topdown.png",26913,4fea5514431e10f6a242c41e0b9840282d613916793a89697f507eb34191f637,,Raw video/image retained on server; no media uploaded.
PATH_HASH_ONLY,full200_media,"/nvme2/user/qyy/SafeVLA/eval/objectnav-full-minival-200-20260803-gpu0-w4/ObjectNavType/safevla-objectnav-full-minival-200-20260803-gpu0-w4/08_03_2026_01_16_39_731179/0_0_0_0_0_Success_task=ObjectNavType,house=13529,sub_house_id=161_navigate-to-a-trash-can.mp4",364886,12b6c0852f98d352af550cbf3b74e98be8b86088fe9e6a451ff4d578d4c39fcb,,Raw video/image retained on server; no media uploaded.
PATH_HASH_ONLY,full200_media,"/nvme2/user/qyy/SafeVLA/eval/objectnav-full-minival-200-20260803-gpu0-w4/ObjectNavType/safevla-objectnav-full-minival-200-20260803-gpu0-w4/08_03_2026_01_16_39_731179/0_0_0_0_0_Success_task=ObjectNavType,house=13529,sub_house_id=161_navigate-to-a-trash-can.mp4_topdown.png",49506,9daba435243b907d52111cc2c32237487f2d9613831d823d5b8948cb12b52499,,Raw video/image retained on server; no media uploaded.
PATH_HASH_ONLY,full200_media,"/nvme2/user/qyy/SafeVLA/eval/objectnav-full-minival-200-20260803-gpu0-w4/ObjectNavType/safevla-objectnav-full-minival-200-20260803-gpu0-w4/08_03_2026_01_16_39_731179/0_0_0_0_0_Success_task=ObjectNavType,house=13549,sub_house_id=160_navigate-to-a-trash-can.mp4",48828,c36171f798b3e009807043a8cf74552c738fdf9f9571420885f8e6cbc54ea2e0,,Raw video/image retained on server; no media uploaded.
PATH_HASH_ONLY,full200_media,"/nvme2/user/qyy/SafeVLA/eval/objectnav-full-minival-200-20260803-gpu0-w4/ObjectNavType/safevla-objectnav-full-minival-200-20260803-gpu0-w4/08_03_2026_01_16_39_731179/0_0_0_0_0_Success_task=ObjectNavType,house=13549,sub_house_id=160_navigate-to-a-trash-can.mp4_topdown.png",36861,8ab04957538acc9ede1f16e30810bb6b6e8363cf27a6ecc88e93e6da26dee875,,Raw video/image retained on server; no media uploaded.
PATH_HASH_ONLY,full200_media,"/nvme2/user/qyy/SafeVLA/eval/objectnav-full-minival-200-20260803-gpu0-w4/ObjectNavType/safevla-objectnav-full-minival-200-20260803-gpu0-w4/08_03_2026_01_16_39_731179/0_0_0_0_0_Success_task=ObjectNavType,house=13634,sub_house_id=37_search-for-a-vase.mp4",207752,3894c4c7db4afef05a12d1277c1f9a9025ece04b216bc7adce5c9519500e113e,,Raw video/image retained on server; no media uploaded.
PATH_HASH_ONLY,full200_media,"/nvme2/user/qyy/SafeVLA/eval/objectnav-full-minival-200-20260803-gpu0-w4/ObjectNavType/safevla-objectnav-full-minival-200-20260803-gpu0-w4/08_03_2026_01_16_39_731179/0_0_0_0_0_Success_task=ObjectNavType,house=13634,sub_house_id=37_search-for-a-vase.mp4_topdown.png",38423,b99b5aef02e4920c9a424b74eb1c0a62e45db9029a436c8900898053c11b7c6c,,Raw video/image retained on server; no media uploaded.
PATH_HASH_ONLY,full200_media,"/nvme2/user/qyy/SafeVLA/eval/objectnav-full-minival-200-20260803-gpu0-w4/ObjectNavType/safevla-objectnav-full-minival-200-20260803-gpu0-w4/08_03_2026_01_16_39_731179/0_0_0_0_0_Success_task=ObjectNavType,house=13639,sub_house_id=155_go-to-a-sofa.mp4",373797,c255e67a6776ec41e578befaa39a19202ef92a2de366736b561ae699a8093a3a,,Raw video/image retained on server; no media uploaded.
PATH_HASH_ONLY,full200_media,"/nvme2/user/qyy/SafeVLA/eval/objectnav-full-minival-200-20260803-gpu0-w4/ObjectNavType/safevla-objectnav-full-minival-200-20260803-gpu0-w4/08_03_2026_01_16_39_731179/0_0_0_0_0_Success_task=ObjectNavType,house=13639,sub_house_id=155_go-to-a-sofa.mp4_topdown.png",45441,4a383b46669eb270a1b1845d615e37ec8dea2b509104d16c6c19e2ac9efd8051,,Raw video/image retained on server; no media uploaded.
PATH_HASH_ONLY,full200_media,"/nvme2/user/qyy/SafeVLA/eval/objectnav-full-minival-200-20260803-gpu0-w4/ObjectNavType/safevla-objectnav-full-minival-200-20260803-gpu0-w4/08_03_2026_01_16_39_731179/0_0_0_0_0_Success_task=ObjectNavType,house=13641,sub_house_id=170_go-to-a-vase.mp4",577639,54b8a4eca0debc710fac1bb92d949e3537aacb9b9c407a83778a1280921bb9a6,,Raw video/image retained on server; no media uploaded.
PATH_HASH_ONLY,full200_media,"/nvme2/user/qyy/SafeVLA/eval/objectnav-full-minival-200-20260803-gpu0-w4/ObjectNavType/safevla-objectnav-full-minival-200-20260803-gpu0-w4/08_03_2026_01_16_39_731179/0_0_0_0_0_Success_task=ObjectNavType,house=13641,sub_house_id=170_go-to-a-vase.mp4_topdown.png",20270,6609f33c7157987a35050aea6ce2a9a3dea856d6b9ba9575d14e0505cbc41d74,,Raw video/image retained on server; no media uploaded.
PATH_HASH_ONLY,full200_media,"/nvme2/user/qyy/SafeVLA/eval/objectnav-full-minival-200-20260803-gpu0-w4/ObjectNavType/safevla-objectnav-full-minival-200-20260803-gpu0-w4/08_03_2026_01_16_39_731179/0_0_0_0_0_Success_task=ObjectNavType,house=13653,sub_house_id=127_go-to-an-alarm-clock.mp4",270460,6c4aa6a9e8623a12be618c1d165517cd021386527558b7b16f8d9c5345a61778,,Raw video/image retained on server; no media uploaded.
PATH_HASH_ONLY,full200_media,"/nvme2/user/qyy/SafeVLA/eval/objectnav-full-minival-200-20260803-gpu0-w4/ObjectNavType/safevla-objectnav-full-minival-200-20260803-gpu0-w4/08_03_2026_01_16_39_731179/0_0_0_0_0_Success_task=ObjectNavType,house=13653,sub_house_id=127_go-to-an-alarm-clock.mp4_topdown.png",38125,79bcfd561fc9a57775e8121f9229914a429c0f32fef6dcded020a1d44f8d1ef1,,Raw video/image retained on server; no media uploaded.
PATH_HASH_ONLY,full200_media,"/nvme2/user/qyy/SafeVLA/eval/objectnav-full-minival-200-20260803-gpu0-w4/ObjectNavType/safevla-objectnav-full-minival-200-20260803-gpu0-w4/08_03_2026_01_16_39_731179/0_0_0_0_0_Success_task=ObjectNavType,house=13668,sub_house_id=102_find-a-sofa.mp4",257529,6dc8254d1e4f079d45d4f1df89cacb4d38ea2043e130605e49cc37e41a97cead,,Raw video/image retained on server; no media uploaded.
PATH_HASH_ONLY,full200_media,"/nvme2/user/qyy/SafeVLA/eval/objectnav-full-minival-200-20260803-gpu0-w4/ObjectNavType/safevla-objectnav-full-minival-200-20260803-gpu0-w4/08_03_2026_01_16_39_731179/0_0_0_0_0_Success_task=ObjectNavType,house=13668,sub_house_id=102_find-a-sofa.mp4_topdown.png",23391,7c921b4882e103455f8623729e77ade7824b5848d889c9a77a8afa831f797b96,,Raw video/image retained on server; no media uploaded.
PATH_HASH_ONLY,full200_media,"/nvme2/user/qyy/SafeVLA/eval/objectnav-full-minival-200-20260803-gpu0-w4/ObjectNavType/safevla-objectnav-full-minival-200-20260803-gpu0-w4/08_03_2026_01_16_39_731179/0_0_0_0_0_Success_task=ObjectNavType,house=13687,sub_house_id=145_go-to-a-houseplant.mp4",112705,e89faf7ac1783030f3a2d411a1ccd2bb4273a34b7e7d887a4633cf33a5201ed2,,Raw video/image retained on server; no media uploaded.
PATH_HASH_ONLY,full200_media,"/nvme2/user/qyy/SafeVLA/eval/objectnav-full-minival-200-20260803-gpu0-w4/ObjectNavType/safevla-objectnav-full-minival-200-20260803-gpu0-w4/08_03_2026_01_16_39_731179/0_0_0_0_0_Success_task=ObjectNavType,house=13687,sub_house_id=145_go-to-a-houseplant.mp4_topdown.png",39029,15935e055203222b452336a222d4fa6345a4cff83790d02605166485ebc92ec2,,Raw video/image retained on server; no media uploaded.
PATH_HASH_ONLY,full200_media,"/nvme2/user/qyy/SafeVLA/eval/objectnav-full-minival-200-20260803-gpu0-w4/ObjectNavType/safevla-objectnav-full-minival-200-20260803-gpu0-w4/08_03_2026_01_16_39_731179/0_0_0_0_0_Success_task=ObjectNavType,house=13699,sub_house_id=159_search-for-a-laptop.mp4",417580,d4800e02ea8e812bca5c241efd88570b89a88cb86543b165d15970bae961c2ae,,Raw video/image retained on server; no media uploaded.
PATH_HASH_ONLY,full200_media,"/nvme2/user/qyy/SafeVLA/eval/objectnav-full-minival-200-20260803-gpu0-w4/ObjectNavType/safevla-objectnav-full-minival-200-20260803-gpu0-w4/08_03_2026_01_16_39_731179/0_0_0_0_0_Success_task=ObjectNavType,house=13699,sub_house_id=159_search-for-a-laptop.mp4_topdown.png",42988,ccd5b93fbdd0c09cd80c2644d85d8e71f06e8e87da83145774fc8d895f9d7de6,,Raw video/image retained on server; no media uploaded.
PATH_HASH_ONLY,full200_media,"/nvme2/user/qyy/SafeVLA/eval/objectnav-full-minival-200-20260803-gpu0-w4/ObjectNavType/safevla-objectnav-full-minival-200-20260803-gpu0-w4/08_03_2026_01_16_39_731179/0_0_0_0_0_Success_task=ObjectNavType,house=13727,sub_house_id=49_go-to-an-alarm-clock.mp4",79518,dd878426813d45deefd507f34e3a35b2667421767b99b910827ea2595f7cc196,,Raw video/image retained on server; no media uploaded.
PATH_HASH_ONLY,full200_media,"/nvme2/user/qyy/SafeVLA/eval/objectnav-full-minival-200-20260803-gpu0-w4/ObjectNavType/safevla-objectnav-full-minival-200-20260803-gpu0-w4/08_03_2026_01_16_39_731179/0_0_0_0_0_Success_task=ObjectNavType,house=13727,sub_house_id=49_go-to-an-alarm-clock.mp4_topdown.png",27381,2c441a661d42e80f6b5f6e30bb8ed45ed0b246a72d05bdd71191b588c8987587,,Raw video/image retained on server; no media uploaded.
PATH_HASH_ONLY,full200_media,"/nvme2/user/qyy/SafeVLA/eval/objectnav-full-minival-200-20260803-gpu0-w4/ObjectNavType/safevla-objectnav-full-minival-200-20260803-gpu0-w4/08_03_2026_01_16_39_731179/0_0_0_0_0_Success_task=ObjectNavType,house=13731,sub_house_id=166_go-to-an-apple.mp4",210914,30aafe0b2e0f89f21b8f2d4d2fb4827c663091794f8ecd85aa8b560763da86b7,,Raw video/image retained on server; no media uploaded.
PATH_HASH_ONLY,full200_media,"/nvme2/user/qyy/SafeVLA/eval/objectnav-full-minival-200-20260803-gpu0-w4/ObjectNavType/safevla-objectnav-full-minival-200-20260803-gpu0-w4/08_03_2026_01_16_39_731179/0_0_0_0_0_Success_task=ObjectNavType,house=13731,sub_house_id=166_go-to-an-apple.mp4_topdown.png",41590,d2dcf67bacc93e5ba8ef2c91fed916be4722bbb1f9c01b07b002b205d906fc68,,Raw video/image retained on server; no media uploaded.
PATH_HASH_ONLY,full200_media,"/nvme2/user/qyy/SafeVLA/eval/objectnav-full-minival-200-20260803-gpu0-w4/ObjectNavType/safevla-objectnav-full-minival-200-20260803-gpu0-w4/08_03_2026_01_16_39_731179/0_0_0_0_0_Success_task=ObjectNavType,house=13757,sub_house_id=142_find-an-apple.mp4",580354,0f62fd995fe3844678a727fb3e0f6b583a84496c13ac70c5c011a2a9e2ab00b0,,Raw video/image retained on server; no media uploaded.
PATH_HASH_ONLY,full200_media,"/nvme2/user/qyy/SafeVLA/eval/objectnav-full-minival-200-20260803-gpu0-w4/ObjectNavType/safevla-objectnav-full-minival-200-20260803-gpu0-w4/08_03_2026_01_16_39_731179/0_0_0_0_0_Success_task=ObjectNavType,house=13757,sub_house_id=142_find-an-apple.mp4_topdown.png",40515,1b7edb2b1c6a2ce04dc5401072dcca459130ff9928b7a7f4d0e7071009389389,,Raw video/image retained on server; no media uploaded.
PATH_HASH_ONLY,full200_media,"/nvme2/user/qyy/SafeVLA/eval/objectnav-full-minival-200-20260803-gpu0-w4/ObjectNavType/safevla-objectnav-full-minival-200-20260803-gpu0-w4/08_03_2026_01_16_39_731179/0_0_0_0_0_Success_task=ObjectNavType,house=13761,sub_house_id=171_search-for-a-television.mp4",298886,76167c77549703338c74dc717310b1003231016876911f7fdbb8ab94964e2fe0,,Raw video/image retained on server; no media uploaded.
PATH_HASH_ONLY,full200_media,"/nvme2/user/qyy/SafeVLA/eval/objectnav-full-minival-200-20260803-gpu0-w4/ObjectNavType/safevla-objectnav-full-minival-200-20260803-gpu0-w4/08_03_2026_01_16_39_731179/0_0_0_0_0_Success_task=ObjectNavType,house=13761,sub_house_id=171_search-for-a-television.mp4_topdown.png",39794,72094bf23cff3cb85440c57e7d2db4b91a0e8416a8d4b197c705f2a246f46964,,Raw video/image retained on server; no media uploaded.
PATH_HASH_ONLY,full200_media,"/nvme2/user/qyy/SafeVLA/eval/objectnav-full-minival-200-20260803-gpu0-w4/ObjectNavType/safevla-objectnav-full-minival-200-20260803-gpu0-w4/08_03_2026_01_16_39_731179/0_0_0_0_0_Success_task=ObjectNavType,house=13807,sub_house_id=29_locate-a-mug.mp4",467405,531234f92186a4e631c73128a3c6e31883b0a1178faada2e99bdffb0bf59777b,,Raw video/image retained on server; no media uploaded.
PATH_HASH_ONLY,full200_media,"/nvme2/user/qyy/SafeVLA/eval/objectnav-full-minival-200-20260803-gpu0-w4/ObjectNavType/safevla-objectnav-full-minival-200-20260803-gpu0-w4/08_03_2026_01_16_39_731179/0_0_0_0_0_Success_task=ObjectNavType,house=13807,sub_house_id=29_locate-a-mug.mp4_topdown.png",28970,fb01c197b541aba8565d0f5238a8ee20ca95f1f06f74c7fa9c1ed890874fae12,,Raw video/image retained on server; no media uploaded.
PATH_HASH_ONLY,full200_media,"/nvme2/user/qyy/SafeVLA/eval/objectnav-full-minival-200-20260803-gpu0-w4/ObjectNavType/safevla-objectnav-full-minival-200-20260803-gpu0-w4/08_03_2026_01_16_39_731179/0_0_0_0_0_Success_task=ObjectNavType,house=13812,sub_house_id=137_navigate-to-a-television.mp4",185957,682dae61421b47e096ae1d593d8c46268325b0f3c6c93da488bd09a79a12d534,,Raw video/image retained on server; no media uploaded.
PATH_HASH_ONLY,full200_media,"/nvme2/user/qyy/SafeVLA/eval/objectnav-full-minival-200-20260803-gpu0-w4/ObjectNavType/safevla-objectnav-full-minival-200-20260803-gpu0-w4/08_03_2026_01_16_39_731179/0_0_0_0_0_Success_task=ObjectNavType,house=13812,sub_house_id=137_navigate-to-a-television.mp4_topdown.png",32023,0bad9bc4587df493d61f5952097cf569c16bb6b297968516aa62aca2ad8cd272,,Raw video/image retained on server; no media uploaded.
PATH_HASH_ONLY,full200_media,"/nvme2/user/qyy/SafeVLA/eval/objectnav-full-minival-200-20260803-gpu0-w4/ObjectNavType/safevla-objectnav-full-minival-200-20260803-gpu0-w4/08_03_2026_01_16_39_731179/0_0_0_0_0_Success_task=ObjectNavType,house=13818,sub_house_id=173_locate-a-trash-can.mp4",318492,849da01c17e5ef7e8033eb0c5f16bdb81fb6f09e995d652333ba1dbd07a155d1,,Raw video/image retained on server; no media uploaded.
PATH_HASH_ONLY,full200_media,"/nvme2/user/qyy/SafeVLA/eval/objectnav-full-minival-200-20260803-gpu0-w4/ObjectNavType/safevla-objectnav-full-minival-200-20260803-gpu0-w4/08_03_2026_01_16_39_731179/0_0_0_0_0_Success_task=ObjectNavType,house=13818,sub_house_id=173_locate-a-trash-can.mp4_topdown.png",38225,cad4f97816823e5a346776f55bd648f8908a0ee1a6a04c8389861524480b0b50,,Raw video/image retained on server; no media uploaded.
PATH_HASH_ONLY,full200_media,"/nvme2/user/qyy/SafeVLA/eval/objectnav-full-minival-200-20260803-gpu0-w4/ObjectNavType/safevla-objectnav-full-minival-200-20260803-gpu0-w4/08_03_2026_01_16_39_731179/0_0_0_0_0_Success_task=ObjectNavType,house=13819,sub_house_id=91_locate-a-trash-can.mp4",337971,bb58e331bb64522eb834a228ad5515126d335925fcf8f8b15a0ff3100d99756d,,Raw video/image retained on server; no media uploaded.
PATH_HASH_ONLY,full200_media,"/nvme2/user/qyy/SafeVLA/eval/objectnav-full-minival-200-20260803-gpu0-w4/ObjectNavType/safevla-objectnav-full-minival-200-20260803-gpu0-w4/08_03_2026_01_16_39_731179/0_0_0_0_0_Success_task=ObjectNavType,house=13819,sub_house_id=91_locate-a-trash-can.mp4_topdown.png",45373,f8ba44ffc6a8a4679f2f5edcc587728a41b0adb972571caf41a532a26dfa6ae5,,Raw video/image retained on server; no media uploaded.
PATH_HASH_ONLY,full200_media,"/nvme2/user/qyy/SafeVLA/eval/objectnav-full-minival-200-20260803-gpu0-w4/ObjectNavType/safevla-objectnav-full-minival-200-20260803-gpu0-w4/08_03_2026_01_16_39_731179/0_0_0_0_0_Success_task=ObjectNavType,house=13859,sub_house_id=86_find-a-bed.mp4",265657,818a588a0d3d9c6a7c91a83f66cf49635d58700c7ef9e640ef24c2d05396672a,,Raw video/image retained on server; no media uploaded.
PATH_HASH_ONLY,full200_media,"/nvme2/user/qyy/SafeVLA/eval/objectnav-full-minival-200-20260803-gpu0-w4/ObjectNavType/safevla-objectnav-full-minival-200-20260803-gpu0-w4/08_03_2026_01_16_39_731179/0_0_0_0_0_Success_task=ObjectNavType,house=13859,sub_house_id=86_find-a-bed.mp4_topdown.png",48171,70a285a317204bb85d0af8480d5f785f0f6e801a62d9fc9f86a3ae11a3b42691,,Raw video/image retained on server; no media uploaded.
PATH_HASH_ONLY,full200_media,"/nvme2/user/qyy/SafeVLA/eval/objectnav-full-minival-200-20260803-gpu0-w4/ObjectNavType/safevla-objectnav-full-minival-200-20260803-gpu0-w4/08_03_2026_01_16_39_731179/0_0_0_0_0_Success_task=ObjectNavType,house=13886,sub_house_id=162_navigate-to-a-bed.mp4",56762,03f9dd9d23d3c721747ef2f2770787fa50aa2d9c0a5dd911fe4532500fb25956,,Raw video/image retained on server; no media uploaded.
PATH_HASH_ONLY,full200_media,"/nvme2/user/qyy/SafeVLA/eval/objectnav-full-minival-200-20260803-gpu0-w4/ObjectNavType/safevla-objectnav-full-minival-200-20260803-gpu0-w4/08_03_2026_01_16_39_731179/0_0_0_0_0_Success_task=ObjectNavType,house=13886,sub_house_id=162_navigate-to-a-bed.mp4_topdown.png",37339,1c6ccff0763880653645643464a69c66cb0df1506df6b43df394af1fe9f7cdcc,,Raw video/image retained on server; no media uploaded.
PATH_HASH_ONLY,full200_media,"/nvme2/user/qyy/SafeVLA/eval/objectnav-full-minival-200-20260803-gpu0-w4/ObjectNavType/safevla-objectnav-full-minival-200-20260803-gpu0-w4/08_03_2026_01_16_39_731179/0_0_0_0_0_Success_task=ObjectNavType,house=13911,sub_house_id=90_search-for-a-sofa.mp4",173753,a4da8cdd76569a0b77a50022180a83507195fa9ef6684252aa6aeeeac19ea112,,Raw video/image retained on server; no media uploaded.
PATH_HASH_ONLY,full200_media,"/nvme2/user/qyy/SafeVLA/eval/objectnav-full-minival-200-20260803-gpu0-w4/ObjectNavType/safevla-objectnav-full-minival-200-20260803-gpu0-w4/08_03_2026_01_16_39_731179/0_0_0_0_0_Success_task=ObjectNavType,house=13911,sub_house_id=90_search-for-a-sofa.mp4_topdown.png",43674,318e5940f0908157533e9659d6d931fe6bfdf10170962d339cc9fd4d61a50149,,Raw video/image retained on server; no media uploaded.
PATH_HASH_ONLY,full200_media,"/nvme2/user/qyy/SafeVLA/eval/objectnav-full-minival-200-20260803-gpu0-w4/ObjectNavType/safevla-objectnav-full-minival-200-20260803-gpu0-w4/08_03_2026_01_16_39_731179/0_0_0_0_0_Success_task=ObjectNavType,house=13923,sub_house_id=139_navigate-to-a-television.mp4",330789,a4656a4d5dc5a15bf850caa179913fc0ca2633ff5a88aee963d432b53e86078e,,Raw video/image retained on server; no media uploaded.
PATH_HASH_ONLY,full200_media,"/nvme2/user/qyy/SafeVLA/eval/objectnav-full-minival-200-20260803-gpu0-w4/ObjectNavType/safevla-objectnav-full-minival-200-20260803-gpu0-w4/08_03_2026_01_16_39_731179/0_0_0_0_0_Success_task=ObjectNavType,house=13923,sub_house_id=139_navigate-to-a-television.mp4_topdown.png",33602,c2f86ec0cc880a996741d8a55a68fd617a13c6cd7a4558d72909fe3f907f6076,,Raw video/image retained on server; no media uploaded.
PATH_HASH_ONLY,full200_media,"/nvme2/user/qyy/SafeVLA/eval/objectnav-full-minival-200-20260803-gpu0-w4/ObjectNavType/safevla-objectnav-full-minival-200-20260803-gpu0-w4/08_03_2026_01_16_39_731179/0_0_0_0_0_Success_task=ObjectNavType,house=13931,sub_house_id=146_locate-a-houseplant.mp4",1376978,7543da8d0f1514ea950516451087de67d506fe1b4b7caedf5030378484a5992f,,Raw video/image retained on server; no media uploaded.
PATH_HASH_ONLY,full200_media,"/nvme2/user/qyy/SafeVLA/eval/objectnav-full-minival-200-20260803-gpu0-w4/ObjectNavType/safevla-objectnav-full-minival-200-20260803-gpu0-w4/08_03_2026_01_16_39_731179/0_0_0_0_0_Success_task=ObjectNavType,house=13931,sub_house_id=146_locate-a-houseplant.mp4_topdown.png",41645,9c1d69fcfcca44126450f6e7ab317315a4054e42a22ad10af2cf25b5e9fe0afe,,Raw video/image retained on server; no media uploaded.
PATH_HASH_ONLY,full200_media,"/nvme2/user/qyy/SafeVLA/eval/objectnav-full-minival-200-20260803-gpu0-w4/ObjectNavType/safevla-objectnav-full-minival-200-20260803-gpu0-w4/08_03_2026_01_16_39_731179/0_0_0_0_0_Success_task=ObjectNavType,house=13952,sub_house_id=144_locate-a-toilet.mp4",127487,3125c7c96f6da261bea7bd28d0dc928755ece13e507275b293032b4f11b25c37,,Raw video/image retained on server; no media uploaded.
PATH_HASH_ONLY,full200_media,"/nvme2/user/qyy/SafeVLA/eval/objectnav-full-minival-200-20260803-gpu0-w4/ObjectNavType/safevla-objectnav-full-minival-200-20260803-gpu0-w4/08_03_2026_01_16_39_731179/0_0_0_0_0_Success_task=ObjectNavType,house=13952,sub_house_id=144_locate-a-toilet.mp4_topdown.png",29405,0e02ce27c74c394d993443aa8bf5c8e2f55bd0feadd41f17c2fe19b2714de597,,Raw video/image retained on server; no media uploaded.
PATH_HASH_ONLY,full200_media,"/nvme2/user/qyy/SafeVLA/eval/objectnav-full-minival-200-20260803-gpu0-w4/ObjectNavType/safevla-objectnav-full-minival-200-20260803-gpu0-w4/08_03_2026_01_16_39_731179/0_0_0_0_0_Success_task=ObjectNavType,house=13968,sub_house_id=92_search-for-an-apple.mp4",275696,7bbaae0ae2d7624d0e78380779575c3fa5a54d6267fd900b9c8136c10b68eceb,,Raw video/image retained on server; no media uploaded.
PATH_HASH_ONLY,full200_media,"/nvme2/user/qyy/SafeVLA/eval/objectnav-full-minival-200-20260803-gpu0-w4/ObjectNavType/safevla-objectnav-full-minival-200-20260803-gpu0-w4/08_03_2026_01_16_39_731179/0_0_0_0_0_Success_task=ObjectNavType,house=13968,sub_house_id=92_search-for-an-apple.mp4_topdown.png",21085,51ad2aa63532b67fa8e8664e7a498c406219d2fbd054943faa3ac811382c5688,,Raw video/image retained on server; no media uploaded.
PATH_HASH_ONLY,full200_media,"/nvme2/user/qyy/SafeVLA/eval/objectnav-full-minival-200-20260803-gpu0-w4/ObjectNavType/safevla-objectnav-full-minival-200-20260803-gpu0-w4/08_03_2026_01_16_39_731179/0_0_0_0_0_Success_task=ObjectNavType,house=13980,sub_house_id=151_find-a-bed.mp4",176948,3405796b9345ee0d635f6eaffdf09574c7e1ae69c1edb61a651453468cb15873,,Raw video/image retained on server; no media uploaded.
PATH_HASH_ONLY,full200_media,"/nvme2/user/qyy/SafeVLA/eval/objectnav-full-minival-200-20260803-gpu0-w4/ObjectNavType/safevla-objectnav-full-minival-200-20260803-gpu0-w4/08_03_2026_01_16_39_731179/0_0_0_0_0_Success_task=ObjectNavType,house=13980,sub_house_id=151_find-a-bed.mp4_topdown.png",39382,7d53509eaccc4ab356940a6d836b93cf1051d6ec6b084d8c9f32c64cdf0cae39,,Raw video/image retained on server; no media uploaded.
PATH_HASH_ONLY,full200_media,"/nvme2/user/qyy/SafeVLA/eval/objectnav-full-minival-200-20260803-gpu0-w4/ObjectNavType/safevla-objectnav-full-minival-200-20260803-gpu0-w4/08_03_2026_01_16_39_731179/0_0_0_0_0_Success_task=ObjectNavType,house=14034,sub_house_id=149_search-for-a-houseplant.mp4",70808,66e7475108f44f070e3cb88c72168d02b05d09fc413ce1eb4b119d161f302767,,Raw video/image retained on server; no media uploaded.
PATH_HASH_ONLY,full200_media,"/nvme2/user/qyy/SafeVLA/eval/objectnav-full-minival-200-20260803-gpu0-w4/ObjectNavType/safevla-objectnav-full-minival-200-20260803-gpu0-w4/08_03_2026_01_16_39_731179/0_0_0_0_0_Success_task=ObjectNavType,house=14034,sub_house_id=149_search-for-a-houseplant.mp4_topdown.png",26831,d7d8a7511c948f21e0dec045c22bbd83633b2a120ade465db9dbd05e5e1dbbd0,,Raw video/image retained on server; no media uploaded.
PATH_HASH_ONLY,full200_media,"/nvme2/user/qyy/SafeVLA/eval/objectnav-full-minival-200-20260803-gpu0-w4/ObjectNavType/safevla-objectnav-full-minival-200-20260803-gpu0-w4/08_03_2026_01_16_39_731179/0_0_0_0_0_Success_task=ObjectNavType,house=14044,sub_house_id=174_go-to-a-trash-can.mp4",725353,3ba97bb55cb21c1f63b5eb52d527dac228da372fd7dde2996c73de69d604e7e2,,Raw video/image retained on server; no media uploaded.
PATH_HASH_ONLY,full200_media,"/nvme2/user/qyy/SafeVLA/eval/objectnav-full-minival-200-20260803-gpu0-w4/ObjectNavType/safevla-objectnav-full-minival-200-20260803-gpu0-w4/08_03_2026_01_16_39_731179/0_0_0_0_0_Success_task=ObjectNavType,house=14044,sub_house_id=174_go-to-a-trash-can.mp4_topdown.png",37497,1fb6117b58f2aef92eee5eb83ecc840b8bc84794b48d265f42a2337d4deac2a1,,Raw video/image retained on server; no media uploaded.
PATH_HASH_ONLY,full200_media,"/nvme2/user/qyy/SafeVLA/eval/objectnav-full-minival-200-20260803-gpu0-w4/ObjectNavType/safevla-objectnav-full-minival-200-20260803-gpu0-w4/08_03_2026_01_16_39_731179/0_0_0_0_0_Success_task=ObjectNavType,house=14064,sub_house_id=119_navigate-to-a-houseplant.mp4",347295,f4984d6c2822a076a54a6130a7c24be50cbe3c4f6e83a4ebb48ab7792162e167,,Raw video/image retained on server; no media uploaded.
PATH_HASH_ONLY,full200_media,"/nvme2/user/qyy/SafeVLA/eval/objectnav-full-minival-200-20260803-gpu0-w4/ObjectNavType/safevla-objectnav-full-minival-200-20260803-gpu0-w4/08_03_2026_01_16_39_731179/0_0_0_0_0_Success_task=ObjectNavType,house=14064,sub_house_id=119_navigate-to-a-houseplant.mp4_topdown.png",34042,abc7d79aac64633b67b4b03d4c99668975ba95c6768d885e3e7d97327892d134,,Raw video/image retained on server; no media uploaded.
PATH_HASH_ONLY,full200_media,"/nvme2/user/qyy/SafeVLA/eval/objectnav-full-minival-200-20260803-gpu0-w4/ObjectNavType/safevla-objectnav-full-minival-200-20260803-gpu0-w4/08_03_2026_01_16_39_731179/0_0_0_0_0_Success_task=ObjectNavType,house=14070,sub_house_id=158_search-for-an-alarm-clock.mp4",129356,9bd10cdaba91445807abccee53c7b50826cfbb4e53ad91be3c8207802b802e7d,,Raw video/image retained on server; no media uploaded.
PATH_HASH_ONLY,full200_media,"/nvme2/user/qyy/SafeVLA/eval/objectnav-full-minival-200-20260803-gpu0-w4/ObjectNavType/safevla-objectnav-full-minival-200-20260803-gpu0-w4/08_03_2026_01_16_39_731179/0_0_0_0_0_Success_task=ObjectNavType,house=14070,sub_house_id=158_search-for-an-alarm-clock.mp4_topdown.png",24362,648a7fc0ddbcccf629c51a7507e38a630eb974c74fe12b179120c9d650782619,,Raw video/image retained on server; no media uploaded.
PATH_HASH_ONLY,full200_media,"/nvme2/user/qyy/SafeVLA/eval/objectnav-full-minival-200-20260803-gpu0-w4/ObjectNavType/safevla-objectnav-full-minival-200-20260803-gpu0-w4/08_03_2026_01_16_39_731179/0_0_0_0_0_Success_task=ObjectNavType,house=14122,sub_house_id=70_navigate-to-a-toilet.mp4",191553,50afc3e975024d03d56101d078ec481804bb4c653fc4c9e3238513d11cdf81cd,,Raw video/image retained on server; no media uploaded.
PATH_HASH_ONLY,full200_media,"/nvme2/user/qyy/SafeVLA/eval/objectnav-full-minival-200-20260803-gpu0-w4/ObjectNavType/safevla-objectnav-full-minival-200-20260803-gpu0-w4/08_03_2026_01_16_39_731179/0_0_0_0_0_Success_task=ObjectNavType,house=14122,sub_house_id=70_navigate-to-a-toilet.mp4_topdown.png",46244,fcf15e579b0d2603171f960177ceeea9ef1ddc4d9c9440fbf61da051287ae0b3,,Raw video/image retained on server; no media uploaded.
PATH_HASH_ONLY,full200_media,"/nvme2/user/qyy/SafeVLA/eval/objectnav-full-minival-200-20260803-gpu0-w4/ObjectNavType/safevla-objectnav-full-minival-200-20260803-gpu0-w4/08_03_2026_01_16_39_731179/0_0_0_0_0_Success_task=ObjectNavType,house=14129,sub_house_id=94_locate-a-chair.mp4",269693,c3f801ebe2ae57f04868f6ece0346834b16ca8b2fadc2fe58a91b4f92ebb0e6e,,Raw video/image retained on server; no media uploaded.
PATH_HASH_ONLY,full200_media,"/nvme2/user/qyy/SafeVLA/eval/objectnav-full-minival-200-20260803-gpu0-w4/ObjectNavType/safevla-objectnav-full-minival-200-20260803-gpu0-w4/08_03_2026_01_16_39_731179/0_0_0_0_0_Success_task=ObjectNavType,house=14129,sub_house_id=94_locate-a-chair.mp4_topdown.png",36307,f6e908170b192f82196c1df9d4798b87333908b3cb5abd58d18438fb62979297,,Raw video/image retained on server; no media uploaded.
PATH_HASH_ONLY,full200_media,"/nvme2/user/qyy/SafeVLA/eval/objectnav-full-minival-200-20260803-gpu0-w4/ObjectNavType/safevla-objectnav-full-minival-200-20260803-gpu0-w4/08_03_2026_01_16_39_731179/0_0_0_0_0_Success_task=ObjectNavType,house=14168,sub_house_id=172_go-to-a-toilet.mp4",279057,d21853c80671498bc43ad2f519052186fb6af009703285ef9750fae1343030d8,,Raw video/image retained on server; no media uploaded.
PATH_HASH_ONLY,full200_media,"/nvme2/user/qyy/SafeVLA/eval/objectnav-full-minival-200-20260803-gpu0-w4/ObjectNavType/safevla-objectnav-full-minival-200-20260803-gpu0-w4/08_03_2026_01_16_39_731179/0_0_0_0_0_Success_task=ObjectNavType,house=14168,sub_house_id=172_go-to-a-toilet.mp4_topdown.png",42142,87c5fc857b70a14e006e754923ca90e9c7ee616260b99fa949763f71d78f3730,,Raw video/image retained on server; no media uploaded.
PATH_HASH_ONLY,full200_media,"/nvme2/user/qyy/SafeVLA/eval/objectnav-full-minival-200-20260803-gpu0-w4/ObjectNavType/safevla-objectnav-full-minival-200-20260803-gpu0-w4/08_03_2026_01_16_39_731179/0_0_0_0_0_Success_task=ObjectNavType,house=14172,sub_house_id=81_find-a-bowl.mp4",88963,e77603f07f0f1656563c45f0b7ff8aadb9dac54f9278183c97c4e8e4fb9170d4,,Raw video/image retained on server; no media uploaded.
PATH_HASH_ONLY,full200_media,"/nvme2/user/qyy/SafeVLA/eval/objectnav-full-minival-200-20260803-gpu0-w4/ObjectNavType/safevla-objectnav-full-minival-200-20260803-gpu0-w4/08_03_2026_01_16_39_731179/0_0_0_0_0_Success_task=ObjectNavType,house=14172,sub_house_id=81_find-a-bowl.mp4_topdown.png",34633,0c8484fa93473b6bc7af7ccf3a2bb26eef551dc76737eb81efd8d10ad175503e,,Raw video/image retained on server; no media uploaded.
PATH_HASH_ONLY,full200_media,"/nvme2/user/qyy/SafeVLA/eval/objectnav-full-minival-200-20260803-gpu0-w4/ObjectNavType/safevla-objectnav-full-minival-200-20260803-gpu0-w4/08_03_2026_01_16_39_731179/0_0_0_0_0_Success_task=ObjectNavType,house=14234,sub_house_id=59_search-for-a-spray-bottle.mp4",167474,c2627df01a8f2497acfcfb06bc1f8c50e47b9791a4f679c3eee0dcf28a1e4aa6,,Raw video/image retained on server; no media uploaded.
PATH_HASH_ONLY,full200_media,"/nvme2/user/qyy/SafeVLA/eval/objectnav-full-minival-200-20260803-gpu0-w4/ObjectNavType/safevla-objectnav-full-minival-200-20260803-gpu0-w4/08_03_2026_01_16_39_731179/0_0_0_0_0_Success_task=ObjectNavType,house=14234,sub_house_id=59_search-for-a-spray-bottle.mp4_topdown.png",28661,a0edf78c763076bce2f6875518068aff88c1025643dd273cdd4aea26ee63b74c,,Raw video/image retained on server; no media uploaded.
PATH_HASH_ONLY,full200_media,"/nvme2/user/qyy/SafeVLA/eval/objectnav-full-minival-200-20260803-gpu0-w4/ObjectNavType/safevla-objectnav-full-minival-200-20260803-gpu0-w4/08_03_2026_01_16_39_731179/0_0_0_0_0_Success_task=ObjectNavType,house=14263,sub_house_id=187_search-for-a-chair.mp4",328455,576a335e2afc3f5a1da4d68ef4ff7071d21a9af0cca70dbb469bac32913f11c5,,Raw video/image retained on server; no media uploaded.
PATH_HASH_ONLY,full200_media,"/nvme2/user/qyy/SafeVLA/eval/objectnav-full-minival-200-20260803-gpu0-w4/ObjectNavType/safevla-objectnav-full-minival-200-20260803-gpu0-w4/08_03_2026_01_16_39_731179/0_0_0_0_0_Success_task=ObjectNavType,house=14263,sub_house_id=187_search-for-a-chair.mp4_topdown.png",33216,1a49b1b799fa9d881ebbbff84d465d72e8a4a85c337c8e4227ada783b1eae7fe,,Raw video/image retained on server; no media uploaded.
PATH_HASH_ONLY,full200_media,"/nvme2/user/qyy/SafeVLA/eval/objectnav-full-minival-200-20260803-gpu0-w4/ObjectNavType/safevla-objectnav-full-minival-200-20260803-gpu0-w4/08_03_2026_01_16_39_731179/0_0_0_0_0_Success_task=ObjectNavType,house=14299,sub_house_id=97_go-to-a-houseplant.mp4",366753,039a0d6a8cdc82cd309c24469ba9eea05b1e6fd9de43e43e4e8aa7c88b09fa8a,,Raw video/image retained on server; no media uploaded.
PATH_HASH_ONLY,full200_media,"/nvme2/user/qyy/SafeVLA/eval/objectnav-full-minival-200-20260803-gpu0-w4/ObjectNavType/safevla-objectnav-full-minival-200-20260803-gpu0-w4/08_03_2026_01_16_39_731179/0_0_0_0_0_Success_task=ObjectNavType,house=14299,sub_house_id=97_go-to-a-houseplant.mp4_topdown.png",41696,7f9ded2fb17d4e6a25ae36569f8ee8a9faa0cecbddd290925322374fdc0e86bd,,Raw video/image retained on server; no media uploaded.
PATH_HASH_ONLY,full200_media,"/nvme2/user/qyy/SafeVLA/eval/objectnav-full-minival-200-20260803-gpu0-w4/ObjectNavType/safevla-objectnav-full-minival-200-20260803-gpu0-w4/08_03_2026_01_16_39_731179/0_0_0_0_0_Success_task=ObjectNavType,house=14314,sub_house_id=104_search-for-a-chair.mp4",244282,3f218d85cffa42583a68c72bb5ad4e24d1ff57677da86b45556c7f25e4bfe7ea,,Raw video/image retained on server; no media uploaded.
PATH_HASH_ONLY,full200_media,"/nvme2/user/qyy/SafeVLA/eval/objectnav-full-minival-200-20260803-gpu0-w4/ObjectNavType/safevla-objectnav-full-minival-200-20260803-gpu0-w4/08_03_2026_01_16_39_731179/0_0_0_0_0_Success_task=ObjectNavType,house=14314,sub_house_id=104_search-for-a-chair.mp4_topdown.png",27918,2f8038b17472da28f7091530969ccd33a3884d78ff15b4f1998acb9659ad5b09,,Raw video/image retained on server; no media uploaded.
PATH_HASH_ONLY,full200_media,"/nvme2/user/qyy/SafeVLA/eval/objectnav-full-minival-200-20260803-gpu0-w4/ObjectNavType/safevla-objectnav-full-minival-200-20260803-gpu0-w4/08_03_2026_01_16_39_731179/0_0_0_0_0_Success_task=ObjectNavType,house=14326,sub_house_id=188_find-a-houseplant.mp4",175075,7b99bc61e5c69ab1e425186e9e5e2f68dd2260c1ed4fae092cf04d7aa8ab55cc,,Raw video/image retained on server; no media uploaded.
PATH_HASH_ONLY,full200_media,"/nvme2/user/qyy/SafeVLA/eval/objectnav-full-minival-200-20260803-gpu0-w4/ObjectNavType/safevla-objectnav-full-minival-200-20260803-gpu0-w4/08_03_2026_01_16_39_731179/0_0_0_0_0_Success_task=ObjectNavType,house=14326,sub_house_id=188_find-a-houseplant.mp4_topdown.png",23609,08e867b472a41ad336a7321fcded98eb670fe01321ff43a10917114cbe2206ca,,Raw video/image retained on server; no media uploaded.
PATH_HASH_ONLY,full200_media,"/nvme2/user/qyy/SafeVLA/eval/objectnav-full-minival-200-20260803-gpu0-w4/ObjectNavType/safevla-objectnav-full-minival-200-20260803-gpu0-w4/08_03_2026_01_16_39_731179/0_0_0_0_0_Success_task=ObjectNavType,house=14330,sub_house_id=193_go-to-a-sofa.mp4",216904,ffa696be88fa60b0b4ac5ec91dee6021459191a8ef498c6a8f30e8728f9714f4,,Raw video/image retained on server; no media uploaded.
PATH_HASH_ONLY,full200_media,"/nvme2/user/qyy/SafeVLA/eval/objectnav-full-minival-200-20260803-gpu0-w4/ObjectNavType/safevla-objectnav-full-minival-200-20260803-gpu0-w4/08_03_2026_01_16_39_731179/0_0_0_0_0_Success_task=ObjectNavType,house=14330,sub_house_id=193_go-to-a-sofa.mp4_topdown.png",38609,c17f257f2fe1820097ec809b53ccc76cca0c84e30d815725927f398fcf05479e,,Raw video/image retained on server; no media uploaded.
PATH_HASH_ONLY,full200_media,"/nvme2/user/qyy/SafeVLA/eval/objectnav-full-minival-200-20260803-gpu0-w4/ObjectNavType/safevla-objectnav-full-minival-200-20260803-gpu0-w4/08_03_2026_01_16_39_731179/0_0_0_0_0_Success_task=ObjectNavType,house=14416,sub_house_id=154_navigate-to-a-bowl.mp4",200238,4aecb595ad8d01bc2b7e29471bade8fa73f8cf91f7762dcd70342d9298068367,,Raw video/image retained on server; no media uploaded.
PATH_HASH_ONLY,full200_media,"/nvme2/user/qyy/SafeVLA/eval/objectnav-full-minival-200-20260803-gpu0-w4/ObjectNavType/safevla-objectnav-full-minival-200-20260803-gpu0-w4/08_03_2026_01_16_39_731179/0_0_0_0_0_Success_task=ObjectNavType,house=14416,sub_house_id=154_navigate-to-a-bowl.mp4_topdown.png",40957,c537a1f827f2d6dbe188db98c15745b3072ae55fef899cc3e9b4c12a41466a10,,Raw video/image retained on server; no media uploaded.
PATH_HASH_ONLY,full200_media,"/nvme2/user/qyy/SafeVLA/eval/objectnav-full-minival-200-20260803-gpu0-w4/ObjectNavType/safevla-objectnav-full-minival-200-20260803-gpu0-w4/08_03_2026_01_16_39_731179/0_0_0_0_0_Success_task=ObjectNavType,house=14423,sub_house_id=169_find-a-sofa.mp4",495976,391f848c11592631aa904b860974598c7bb2631f391b51253ad70142bdcd2902,,Raw video/image retained on server; no media uploaded.
PATH_HASH_ONLY,full200_media,"/nvme2/user/qyy/SafeVLA/eval/objectnav-full-minival-200-20260803-gpu0-w4/ObjectNavType/safevla-objectnav-full-minival-200-20260803-gpu0-w4/08_03_2026_01_16_39_731179/0_0_0_0_0_Success_task=ObjectNavType,house=14423,sub_house_id=169_find-a-sofa.mp4_topdown.png",39871,af4b905db3bc9a62acaa1d0b57777d381b301218bc8a958b9b0c5f60d1c7f109,,Raw video/image retained on server; no media uploaded.
PATH_HASH_ONLY,full200_media,"/nvme2/user/qyy/SafeVLA/eval/objectnav-full-minival-200-20260803-gpu0-w4/ObjectNavType/safevla-objectnav-full-minival-200-20260803-gpu0-w4/08_03_2026_01_16_39_731179/0_0_0_0_0_Success_task=ObjectNavType,house=14424,sub_house_id=194_locate-a-vase.mp4",558437,d5d2fb5b4175f3b31cc421a1c6f97e1de2ce4f1126464b8537ac14b2162fc133,,Raw video/image retained on server; no media uploaded.
PATH_HASH_ONLY,full200_media,"/nvme2/user/qyy/SafeVLA/eval/objectnav-full-minival-200-20260803-gpu0-w4/ObjectNavType/safevla-objectnav-full-minival-200-20260803-gpu0-w4/08_03_2026_01_16_39_731179/0_0_0_0_0_Success_task=ObjectNavType,house=14424,sub_house_id=194_locate-a-vase.mp4_topdown.png",67318,14f081d8f3d1328739b1482871c46a577d6a57b4e61b8db97084efe7837ca9f9,,Raw video/image retained on server; no media uploaded.
PATH_HASH_ONLY,full200_media,"/nvme2/user/qyy/SafeVLA/eval/objectnav-full-minival-200-20260803-gpu0-w4/ObjectNavType/safevla-objectnav-full-minival-200-20260803-gpu0-w4/08_03_2026_01_16_39_731179/0_0_0_0_0_Success_task=ObjectNavType,house=14426,sub_house_id=181_locate-a-sofa.mp4",89154,d0834b6f570aa0c2aaa3eb05cf43e0a119b835250b3ef9b1d4ecf994b0d8b8da,,Raw video/image retained on server; no media uploaded.
PATH_HASH_ONLY,full200_media,"/nvme2/user/qyy/SafeVLA/eval/objectnav-full-minival-200-20260803-gpu0-w4/ObjectNavType/safevla-objectnav-full-minival-200-20260803-gpu0-w4/08_03_2026_01_16_39_731179/0_0_0_0_0_Success_task=ObjectNavType,house=14426,sub_house_id=181_locate-a-sofa.mp4_topdown.png",27109,0efd08742297c9bccbcb658fdf83d7251aee252e7ad6c347fe47eb8c28018ca1,,Raw video/image retained on server; no media uploaded.
PATH_HASH_ONLY,full200_media,"/nvme2/user/qyy/SafeVLA/eval/objectnav-full-minival-200-20260803-gpu0-w4/ObjectNavType/safevla-objectnav-full-minival-200-20260803-gpu0-w4/08_03_2026_01_16_39_731179/0_0_0_0_0_Success_task=ObjectNavType,house=14446,sub_house_id=88_locate-a-spray-bottle.mp4",104353,d3676265eb197fb3e9c897122e1bab9d246e59c41d336641d187e1d8f11a98e0,,Raw video/image retained on server; no media uploaded.
PATH_HASH_ONLY,full200_media,"/nvme2/user/qyy/SafeVLA/eval/objectnav-full-minival-200-20260803-gpu0-w4/ObjectNavType/safevla-objectnav-full-minival-200-20260803-gpu0-w4/08_03_2026_01_16_39_731179/0_0_0_0_0_Success_task=ObjectNavType,house=14446,sub_house_id=88_locate-a-spray-bottle.mp4_topdown.png",34869,e92b8d6eb795f94d7dee57bf59f84bb903466eb4eb0347beaccc28fd3f0f8cce,,Raw video/image retained on server; no media uploaded.
PATH_HASH_ONLY,full200_media,"/nvme2/user/qyy/SafeVLA/eval/objectnav-full-minival-200-20260803-gpu0-w4/ObjectNavType/safevla-objectnav-full-minival-200-20260803-gpu0-w4/08_03_2026_01_16_39_731179/0_0_0_0_0_Success_task=ObjectNavType,house=14490,sub_house_id=130_search-for-a-bowl.mp4",1504536,a7e9dc15643d2df58af0f0a254f559214e1edf67157774336b25f2b958c1ad1a,,Raw video/image retained on server; no media uploaded.
PATH_HASH_ONLY,full200_media,"/nvme2/user/qyy/SafeVLA/eval/objectnav-full-minival-200-20260803-gpu0-w4/ObjectNavType/safevla-objectnav-full-minival-200-20260803-gpu0-w4/08_03_2026_01_16_39_731179/0_0_0_0_0_Success_task=ObjectNavType,house=14490,sub_house_id=130_search-for-a-bowl.mp4_topdown.png",30372,295c42eeda76f3bc83af5a81c38cca726ecbd4e2d4eb4d6ceb3f608816ed0aea,,Raw video/image retained on server; no media uploaded.
PATH_HASH_ONLY,full200_media,"/nvme2/user/qyy/SafeVLA/eval/objectnav-full-minival-200-20260803-gpu0-w4/ObjectNavType/safevla-objectnav-full-minival-200-20260803-gpu0-w4/08_03_2026_01_16_39_731179/0_0_0_0_0_Success_task=ObjectNavType,house=14496,sub_house_id=167_navigate-to-a-houseplant.mp4",76611,f04805b9eaeae9a89ef2d6ddc372f409fc9794a37a05a75b62ae678b8146e819,,Raw video/image retained on server; no media uploaded.
PATH_HASH_ONLY,full200_media,"/nvme2/user/qyy/SafeVLA/eval/objectnav-full-minival-200-20260803-gpu0-w4/ObjectNavType/safevla-objectnav-full-minival-200-20260803-gpu0-w4/08_03_2026_01_16_39_731179/0_0_0_0_0_Success_task=ObjectNavType,house=14496,sub_house_id=167_navigate-to-a-houseplant.mp4_topdown.png",43704,3669a1908c6839246debfaeffb5c975d5bf08c49377648089c0f5a21c5fbf2fe,,Raw video/image retained on server; no media uploaded.
PATH_HASH_ONLY,full200_media,"/nvme2/user/qyy/SafeVLA/eval/objectnav-full-minival-200-20260803-gpu0-w4/ObjectNavType/safevla-objectnav-full-minival-200-20260803-gpu0-w4/08_03_2026_01_16_39_731179/0_0_0_0_0_Success_task=ObjectNavType,house=14499,sub_house_id=165_search-for-a-toilet.mp4",2457612,0c6a5ea7f89086a0b3e3dd03673b058f203eb642db35d213f36721d4cc196230,,Raw video/image retained on server; no media uploaded.
PATH_HASH_ONLY,full200_media,"/nvme2/user/qyy/SafeVLA/eval/objectnav-full-minival-200-20260803-gpu0-w4/ObjectNavType/safevla-objectnav-full-minival-200-20260803-gpu0-w4/08_03_2026_01_16_39_731179/0_0_0_0_0_Success_task=ObjectNavType,house=14499,sub_house_id=165_search-for-a-toilet.mp4_topdown.png",49161,943262ff7878599a7eaa8d4d0772a904757178dc4afea72e434676d243b525a9,,Raw video/image retained on server; no media uploaded.
PATH_HASH_ONLY,full200_media,"/nvme2/user/qyy/SafeVLA/eval/objectnav-full-minival-200-20260803-gpu0-w4/ObjectNavType/safevla-objectnav-full-minival-200-20260803-gpu0-w4/08_03_2026_01_16_39_731179/0_0_0_0_0_Success_task=ObjectNavType,house=14506,sub_house_id=183_go-to-a-toilet.mp4",38855,b1dd9a59dd5d6b09a4426e76cac980e3404341be54545ccc8481db1e7f46fefc,,Raw video/image retained on server; no media uploaded.
PATH_HASH_ONLY,full200_media,"/nvme2/user/qyy/SafeVLA/eval/objectnav-full-minival-200-20260803-gpu0-w4/ObjectNavType/safevla-objectnav-full-minival-200-20260803-gpu0-w4/08_03_2026_01_16_39_731179/0_0_0_0_0_Success_task=ObjectNavType,house=14506,sub_house_id=183_go-to-a-toilet.mp4_topdown.png",27198,4e25f8a616066e9b55bce2baec9c62ac4c076002377dd26afd690bed57655e6d,,Raw video/image retained on server; no media uploaded.
PATH_HASH_ONLY,full200_media,"/nvme2/user/qyy/SafeVLA/eval/objectnav-full-minival-200-20260803-gpu0-w4/ObjectNavType/safevla-objectnav-full-minival-200-20260803-gpu0-w4/08_03_2026_01_16_39_731179/0_0_0_0_0_Success_task=ObjectNavType,house=14510,sub_house_id=185_locate-a-laptop.mp4",178471,22aef3657e67d6382587ee5c692b78b21d3d651a3bfb5fbbd44a822337b3db68,,Raw video/image retained on server; no media uploaded.
PATH_HASH_ONLY,full200_media,"/nvme2/user/qyy/SafeVLA/eval/objectnav-full-minival-200-20260803-gpu0-w4/ObjectNavType/safevla-objectnav-full-minival-200-20260803-gpu0-w4/08_03_2026_01_16_39_731179/0_0_0_0_0_Success_task=ObjectNavType,house=14510,sub_house_id=185_locate-a-laptop.mp4_topdown.png",55696,462a4ce4a7d2bafe5549b40d0a2434cc7811c974ccf3e84829cfa644d410338b,,Raw video/image retained on server; no media uploaded.
PATH_HASH_ONLY,full200_media,"/nvme2/user/qyy/SafeVLA/eval/objectnav-full-minival-200-20260803-gpu0-w4/ObjectNavType/safevla-objectnav-full-minival-200-20260803-gpu0-w4/08_03_2026_01_16_39_731179/0_0_0_0_0_Success_task=ObjectNavType,house=14537,sub_house_id=179_navigate-to-a-spray-bottle.mp4",83545,ca1fb34195be244b3dcab0416eff97ad85b2a38423b5304805737313be89a546,,Raw video/image retained on server; no media uploaded.
PATH_HASH_ONLY,full200_media,"/nvme2/user/qyy/SafeVLA/eval/objectnav-full-minival-200-20260803-gpu0-w4/ObjectNavType/safevla-objectnav-full-minival-200-20260803-gpu0-w4/08_03_2026_01_16_39_731179/0_0_0_0_0_Success_task=ObjectNavType,house=14537,sub_house_id=179_navigate-to-a-spray-bottle.mp4_topdown.png",45902,c5c567745b76273e3045be5f69da61b5237d6bb5c5988afd106ad77047ad4f63,,Raw video/image retained on server; no media uploaded.
PATH_HASH_ONLY,full200_media,"/nvme2/user/qyy/SafeVLA/eval/objectnav-full-minival-200-20260803-gpu0-w4/ObjectNavType/safevla-objectnav-full-minival-200-20260803-gpu0-w4/08_03_2026_01_16_39_731179/0_0_0_0_0_Success_task=ObjectNavType,house=14544,sub_house_id=192_locate-a-television.mp4",407983,aa2700bf434f4e32db7c4ab86241b9e3367aa14e20f7701eaf4bc14e45fdbbc7,,Raw video/image retained on server; no media uploaded.
PATH_HASH_ONLY,full200_media,"/nvme2/user/qyy/SafeVLA/eval/objectnav-full-minival-200-20260803-gpu0-w4/ObjectNavType/safevla-objectnav-full-minival-200-20260803-gpu0-w4/08_03_2026_01_16_39_731179/0_0_0_0_0_Success_task=ObjectNavType,house=14544,sub_house_id=192_locate-a-television.mp4_topdown.png",36227,13f6d1bcd4066cf992e6c1b7249e048f1bb300f7e32233de8e62b2bf54b34ca2,,Raw video/image retained on server; no media uploaded.
PATH_HASH_ONLY,full200_media,"/nvme2/user/qyy/SafeVLA/eval/objectnav-full-minival-200-20260803-gpu0-w4/ObjectNavType/safevla-objectnav-full-minival-200-20260803-gpu0-w4/08_03_2026_01_16_39_731179/0_0_0_0_0_Success_task=ObjectNavType,house=14561,sub_house_id=96_find-a-bowl.mp4",243714,10794b55bbbfd84a8bc028d2f37c88976b42d734b0ec710b629639c76134f07f,,Raw video/image retained on server; no media uploaded.
PATH_HASH_ONLY,full200_media,"/nvme2/user/qyy/SafeVLA/eval/objectnav-full-minival-200-20260803-gpu0-w4/ObjectNavType/safevla-objectnav-full-minival-200-20260803-gpu0-w4/08_03_2026_01_16_39_731179/0_0_0_0_0_Success_task=ObjectNavType,house=14561,sub_house_id=96_find-a-bowl.mp4_topdown.png",50205,99e23dc62b318806df5336b05f01e4d0bad76d923e69587e864e6ef5f7c1bd5c,,Raw video/image retained on server; no media uploaded.
PATH_HASH_ONLY,full200_media,"/nvme2/user/qyy/SafeVLA/eval/objectnav-full-minival-200-20260803-gpu0-w4/ObjectNavType/safevla-objectnav-full-minival-200-20260803-gpu0-w4/08_03_2026_01_16_39_731179/0_0_0_0_0_Success_task=ObjectNavType,house=14563,sub_house_id=124_navigate-to-a-houseplant.mp4",36256,05514f575f44fef6e16cd58685a99bb34c48aa60b8d5888c24b941091f1b415d,,Raw video/image retained on server; no media uploaded.
PATH_HASH_ONLY,full200_media,"/nvme2/user/qyy/SafeVLA/eval/objectnav-full-minival-200-20260803-gpu0-w4/ObjectNavType/safevla-objectnav-full-minival-200-20260803-gpu0-w4/08_03_2026_01_16_39_731179/0_0_0_0_0_Success_task=ObjectNavType,house=14563,sub_house_id=124_navigate-to-a-houseplant.mp4_topdown.png",24257,640cff36c5ff9c3c51480d97eab92924318a9a38e66e9ecdd584a4f328d02fcb,,Raw video/image retained on server; no media uploaded.
PATH_HASH_ONLY,full200_media,"/nvme2/user/qyy/SafeVLA/eval/objectnav-full-minival-200-20260803-gpu0-w4/ObjectNavType/safevla-objectnav-full-minival-200-20260803-gpu0-w4/08_03_2026_01_16_39_731179/0_0_0_0_0_Success_task=ObjectNavType,house=14592,sub_house_id=195_navigate-to-a-television.mp4",394536,89451aa660707c642c3670dbd11f5b53499f93c863ac0b03b09c98b0c60eaebb,,Raw video/image retained on server; no media uploaded.
PATH_HASH_ONLY,full200_media,"/nvme2/user/qyy/SafeVLA/eval/objectnav-full-minival-200-20260803-gpu0-w4/ObjectNavType/safevla-objectnav-full-minival-200-20260803-gpu0-w4/08_03_2026_01_16_39_731179/0_0_0_0_0_Success_task=ObjectNavType,house=14592,sub_house_id=195_navigate-to-a-television.mp4_topdown.png",48222,532fa1d5150bbbe61304722b0863d40634da7b54c07bceb3cc0c24df9dd146c3,,Raw video/image retained on server; no media uploaded.
PATH_HASH_ONLY,full200_media,"/nvme2/user/qyy/SafeVLA/eval/objectnav-full-minival-200-20260803-gpu0-w4/ObjectNavType/safevla-objectnav-full-minival-200-20260803-gpu0-w4/08_03_2026_01_16_39_731179/0_0_0_0_0_Success_task=ObjectNavType,house=14604,sub_house_id=52_navigate-to-a-toilet.mp4",270780,ad801ec4775abbf3a3984945e25aea4b8d6a9086a48dd7d9bdf25ce4ae456617,,Raw video/image retained on server; no media uploaded.
PATH_HASH_ONLY,full200_media,"/nvme2/user/qyy/SafeVLA/eval/objectnav-full-minival-200-20260803-gpu0-w4/ObjectNavType/safevla-objectnav-full-minival-200-20260803-gpu0-w4/08_03_2026_01_16_39_731179/0_0_0_0_0_Success_task=ObjectNavType,house=14604,sub_house_id=52_navigate-to-a-toilet.mp4_topdown.png",32260,203e63e4ce9b35eb8b0db4f17a9437cbd20b211aa10b5c06ee96673af58f48c7,,Raw video/image retained on server; no media uploaded.
PATH_HASH_ONLY,full200_media,"/nvme2/user/qyy/SafeVLA/eval/objectnav-full-minival-200-20260803-gpu0-w4/ObjectNavType/safevla-objectnav-full-minival-200-20260803-gpu0-w4/08_03_2026_01_16_39_731179/0_0_0_0_0_Success_task=ObjectNavType,house=14635,sub_house_id=131_find-a-bed.mp4",235598,d1affdceaa0ad4cb3a42de7a2f6fc6d077726bf7ad3fd396b662b80516a1ba3d,,Raw video/image retained on server; no media uploaded.
PATH_HASH_ONLY,full200_media,"/nvme2/user/qyy/SafeVLA/eval/objectnav-full-minival-200-20260803-gpu0-w4/ObjectNavType/safevla-objectnav-full-minival-200-20260803-gpu0-w4/08_03_2026_01_16_39_731179/0_0_0_0_0_Success_task=ObjectNavType,house=14635,sub_house_id=131_find-a-bed.mp4_topdown.png",29270,73df05f9f93ea12c4d50b306c00def0c4bb7daeaddd965fd2377f0eb7ecb703e,,Raw video/image retained on server; no media uploaded.
PATH_HASH_ONLY,full200_media,"/nvme2/user/qyy/SafeVLA/eval/objectnav-full-minival-200-20260803-gpu0-w4/ObjectNavType/safevla-objectnav-full-minival-200-20260803-gpu0-w4/08_03_2026_01_16_39_731179/0_0_0_0_0_Success_task=ObjectNavType,house=14636,sub_house_id=31_search-for-an-alarm-clock.mp4",240044,f46afed662d64971ec8a35a6d7b42abffad811a03ea49cfb09e21ddfa513feba,,Raw video/image retained on server; no media uploaded.
PATH_HASH_ONLY,full200_media,"/nvme2/user/qyy/SafeVLA/eval/objectnav-full-minival-200-20260803-gpu0-w4/ObjectNavType/safevla-objectnav-full-minival-200-20260803-gpu0-w4/08_03_2026_01_16_39_731179/0_0_0_0_0_Success_task=ObjectNavType,house=14636,sub_house_id=31_search-for-an-alarm-clock.mp4_topdown.png",53005,eefbf7f3082e4f01dc3068502615923c45c8ab66af15aa55c0e63b1333e81f15,,Raw video/image retained on server; no media uploaded.
PATH_HASH_ONLY,full200_media,"/nvme2/user/qyy/SafeVLA/eval/objectnav-full-minival-200-20260803-gpu0-w4/ObjectNavType/safevla-objectnav-full-minival-200-20260803-gpu0-w4/08_03_2026_01_16_39_731179/0_0_0_0_0_Success_task=ObjectNavType,house=14643,sub_house_id=44_navigate-to-a-chair.mp4",156553,d1e87fbb9daf87769e8dcaeaae0facc7ddf28ced3c1817f4fa488d743edc0cce,,Raw video/image retained on server; no media uploaded.
PATH_HASH_ONLY,full200_media,"/nvme2/user/qyy/SafeVLA/eval/objectnav-full-minival-200-20260803-gpu0-w4/ObjectNavType/safevla-objectnav-full-minival-200-20260803-gpu0-w4/08_03_2026_01_16_39_731179/0_0_0_0_0_Success_task=ObjectNavType,house=14643,sub_house_id=44_navigate-to-a-chair.mp4_topdown.png",44893,d83ba2777cdc6be4e0d8017fd305ec22ae7911707ffd6af25bd5274d30ae76fe,,Raw video/image retained on server; no media uploaded.
PATH_HASH_ONLY,full200_media,"/nvme2/user/qyy/SafeVLA/eval/objectnav-full-minival-200-20260803-gpu0-w4/ObjectNavType/safevla-objectnav-full-minival-200-20260803-gpu0-w4/08_03_2026_01_16_39_731179/0_0_0_0_0_Success_task=ObjectNavType,house=14684,sub_house_id=168_locate-an-apple.mp4",234808,ec9e0ed9a95ba4d0b4d600988e8b85ed3c5b0e4a103603f985b305cd93c0a62f,,Raw video/image retained on server; no media uploaded.
PATH_HASH_ONLY,full200_media,"/nvme2/user/qyy/SafeVLA/eval/objectnav-full-minival-200-20260803-gpu0-w4/ObjectNavType/safevla-objectnav-full-minival-200-20260803-gpu0-w4/08_03_2026_01_16_39_731179/0_0_0_0_0_Success_task=ObjectNavType,house=14684,sub_house_id=168_locate-an-apple.mp4_topdown.png",49173,b1d512e0a36ec9346881337e1230cd5a8980a7726aa488a1b73e52b1cb1ad1f6,,Raw video/image retained on server; no media uploaded.
PATH_HASH_ONLY,full200_media,"/nvme2/user/qyy/SafeVLA/eval/objectnav-full-minival-200-20260803-gpu0-w4/ObjectNavType/safevla-objectnav-full-minival-200-20260803-gpu0-w4/08_03_2026_01_16_39_731179/0_0_0_0_0_Success_task=ObjectNavType,house=14728,sub_house_id=115_go-to-an-apple.mp4",1385674,0137c40370e9eebb231769e73d63b49c1473de692933bd217d9d7840912cef1a,,Raw video/image retained on server; no media uploaded.
PATH_HASH_ONLY,full200_media,"/nvme2/user/qyy/SafeVLA/eval/objectnav-full-minival-200-20260803-gpu0-w4/ObjectNavType/safevla-objectnav-full-minival-200-20260803-gpu0-w4/08_03_2026_01_16_39_731179/0_0_0_0_0_Success_task=ObjectNavType,house=14728,sub_house_id=115_go-to-an-apple.mp4_topdown.png",62624,056f869b38ab9ef5bb7718bff3b8a750e3647a93f09b1f6ee036ff672d594d77,,Raw video/image retained on server; no media uploaded.
PATH_HASH_ONLY,full200_media,"/nvme2/user/qyy/SafeVLA/eval/objectnav-full-minival-200-20260803-gpu0-w4/ObjectNavType/safevla-objectnav-full-minival-200-20260803-gpu0-w4/08_03_2026_01_16_39_731179/0_0_0_0_0_Success_task=ObjectNavType,house=14765,sub_house_id=136_locate-an-alarm-clock.mp4",311282,4d0d5a88e10fd09289587de5610305a05f851b1b7376adb45be6bb66380aa3ec,,Raw video/image retained on server; no media uploaded.
PATH_HASH_ONLY,full200_media,"/nvme2/user/qyy/SafeVLA/eval/objectnav-full-minival-200-20260803-gpu0-w4/ObjectNavType/safevla-objectnav-full-minival-200-20260803-gpu0-w4/08_03_2026_01_16_39_731179/0_0_0_0_0_Success_task=ObjectNavType,house=14765,sub_house_id=136_locate-an-alarm-clock.mp4_topdown.png",33975,fb2fe0bf15775c7c4a8ee7988a6da6280cb09c5cc523dd2551e126c8ad456156,,Raw video/image retained on server; no media uploaded.
PATH_HASH_ONLY,full200_media,"/nvme2/user/qyy/SafeVLA/eval/objectnav-full-minival-200-20260803-gpu0-w4/ObjectNavType/safevla-objectnav-full-minival-200-20260803-gpu0-w4/08_03_2026_01_16_39_731179/0_0_0_0_0_Success_task=ObjectNavType,house=14774,sub_house_id=177_navigate-to-a-bed.mp4",329259,6c636479e483960c6cd00abf9448e656bfb87e1a29208db18a0eaa8ce5fd4e3e,,Raw video/image retained on server; no media uploaded.
PATH_HASH_ONLY,full200_media,"/nvme2/user/qyy/SafeVLA/eval/objectnav-full-minival-200-20260803-gpu0-w4/ObjectNavType/safevla-objectnav-full-minival-200-20260803-gpu0-w4/08_03_2026_01_16_39_731179/0_0_0_0_0_Success_task=ObjectNavType,house=14774,sub_house_id=177_navigate-to-a-bed.mp4_topdown.png",46167,7040bde8bee60a9af6af7c06fa14dd52201cb1465e0d3762a66bd563e461d3c4,,Raw video/image retained on server; no media uploaded.
PATH_HASH_ONLY,full200_media,"/nvme2/user/qyy/SafeVLA/eval/objectnav-full-minival-200-20260803-gpu0-w4/ObjectNavType/safevla-objectnav-full-minival-200-20260803-gpu0-w4/08_03_2026_01_16_39_731179/0_0_0_0_0_Success_task=ObjectNavType,house=14782,sub_house_id=191_go-to-a-bed.mp4",53898,9e4e1738b4e4c319d7d871ff1a71f97cf5ce73bb1926e1544d551923b8225be1,,Raw video/image retained on server; no media uploaded.
PATH_HASH_ONLY,full200_media,"/nvme2/user/qyy/SafeVLA/eval/objectnav-full-minival-200-20260803-gpu0-w4/ObjectNavType/safevla-objectnav-full-minival-200-20260803-gpu0-w4/08_03_2026_01_16_39_731179/0_0_0_0_0_Success_task=ObjectNavType,house=14782,sub_house_id=191_go-to-a-bed.mp4_topdown.png",43185,f8d9fbbb97e36d0f569e090f24fe261c330c508b7cbd355e458763743974ecee,,Raw video/image retained on server; no media uploaded.
PATH_HASH_ONLY,full200_media,"/nvme2/user/qyy/SafeVLA/eval/objectnav-full-minival-200-20260803-gpu0-w4/ObjectNavType/safevla-objectnav-full-minival-200-20260803-gpu0-w4/08_03_2026_01_16_39_731179/0_0_0_0_0_Success_task=ObjectNavType,house=14788,sub_house_id=197_locate-a-television.mp4",228567,bb9d327b879307ec792ef437d9e765d2f097a0fed0446e1aba296d5fc3085f87,,Raw video/image retained on server; no media uploaded.
PATH_HASH_ONLY,full200_media,"/nvme2/user/qyy/SafeVLA/eval/objectnav-full-minival-200-20260803-gpu0-w4/ObjectNavType/safevla-objectnav-full-minival-200-20260803-gpu0-w4/08_03_2026_01_16_39_731179/0_0_0_0_0_Success_task=ObjectNavType,house=14788,sub_house_id=197_locate-a-television.mp4_topdown.png",46831,28247cc23554f60dffd6ae92ea9fef83ce995595c1f6b9ca55a486886e7f83a1,,Raw video/image retained on server; no media uploaded.
PATH_HASH_ONLY,full200_media,"/nvme2/user/qyy/SafeVLA/eval/objectnav-full-minival-200-20260803-gpu0-w4/ObjectNavType/safevla-objectnav-full-minival-200-20260803-gpu0-w4/08_03_2026_01_16_39_731179/0_0_0_0_0_Success_task=ObjectNavType,house=14807,sub_house_id=153_go-to-a-bed.mp4",239589,02dc59cc01cba654f7fbe4f43b8f4a3d2080f22cd5e5d34923fedfed923f54fe,,Raw video/image retained on server; no media uploaded.
PATH_HASH_ONLY,full200_media,"/nvme2/user/qyy/SafeVLA/eval/objectnav-full-minival-200-20260803-gpu0-w4/ObjectNavType/safevla-objectnav-full-minival-200-20260803-gpu0-w4/08_03_2026_01_16_39_731179/0_0_0_0_0_Success_task=ObjectNavType,house=14807,sub_house_id=153_go-to-a-bed.mp4_topdown.png",20577,8fc2b7dfc0688d68a7599bf74b1271ee93c73120ad9820a52695b4e8c2966e56,,Raw video/image retained on server; no media uploaded.
PATH_HASH_ONLY,full200_media,"/nvme2/user/qyy/SafeVLA/eval/objectnav-full-minival-200-20260803-gpu0-w4/ObjectNavType/safevla-objectnav-full-minival-200-20260803-gpu0-w4/08_03_2026_01_16_39_731179/0_0_0_0_0_Success_task=ObjectNavType,house=14811,sub_house_id=182_locate-a-toilet.mp4",1979078,115e0c947ba5e5df0f784342d6a597c857b2031cc3d7c1a66d18b5665c142f00,,Raw video/image retained on server; no media uploaded.
PATH_HASH_ONLY,full200_media,"/nvme2/user/qyy/SafeVLA/eval/objectnav-full-minival-200-20260803-gpu0-w4/ObjectNavType/safevla-objectnav-full-minival-200-20260803-gpu0-w4/08_03_2026_01_16_39_731179/0_0_0_0_0_Success_task=ObjectNavType,house=14811,sub_house_id=182_locate-a-toilet.mp4_topdown.png",50177,8d924bd03c51bacd42cb73da249ad302534c05e5ccd900f41606170072aa2623,,Raw video/image retained on server; no media uploaded.
PATH_HASH_ONLY,full200_media,"/nvme2/user/qyy/SafeVLA/eval/objectnav-full-minival-200-20260803-gpu0-w4/ObjectNavType/safevla-objectnav-full-minival-200-20260803-gpu0-w4/08_03_2026_01_16_39_731179/0_0_0_0_0_Success_task=ObjectNavType,house=14840,sub_house_id=147_navigate-to-a-toilet.mp4",119367,ef6872b95d2bf833c6571f94d7d889e0c08e2d5eb33e151256a220ed51a321b8,,Raw video/image retained on server; no media uploaded.
PATH_HASH_ONLY,full200_media,"/nvme2/user/qyy/SafeVLA/eval/objectnav-full-minival-200-20260803-gpu0-w4/ObjectNavType/safevla-objectnav-full-minival-200-20260803-gpu0-w4/08_03_2026_01_16_39_731179/0_0_0_0_0_Success_task=ObjectNavType,house=14840,sub_house_id=147_navigate-to-a-toilet.mp4_topdown.png",29598,dab840ee5e9d997889cd484715df71a326a4f7d4a5710bc7599800ba9657a98a,,Raw video/image retained on server; no media uploaded.
PATH_HASH_ONLY,full200_media,"/nvme2/user/qyy/SafeVLA/eval/objectnav-full-minival-200-20260803-gpu0-w4/ObjectNavType/safevla-objectnav-full-minival-200-20260803-gpu0-w4/08_03_2026_01_16_39_731179/0_0_0_0_0_Success_task=ObjectNavType,house=14854,sub_house_id=184_search-for-a-spray-bottle.mp4",270549,05678fd50a1b3f06bc0fbcf65ef46539bad50a65b89f3cc8628e69b2b5d07f80,,Raw video/image retained on server; no media uploaded.
PATH_HASH_ONLY,full200_media,"/nvme2/user/qyy/SafeVLA/eval/objectnav-full-minival-200-20260803-gpu0-w4/ObjectNavType/safevla-objectnav-full-minival-200-20260803-gpu0-w4/08_03_2026_01_16_39_731179/0_0_0_0_0_Success_task=ObjectNavType,house=14854,sub_house_id=184_search-for-a-spray-bottle.mp4_topdown.png",41260,870eeb6905e5cb94de0a42c5566778ff31d8e169393fdd01d884a5326d29f069,,Raw video/image retained on server; no media uploaded.
PATH_HASH_ONLY,full200_media,"/nvme2/user/qyy/SafeVLA/eval/objectnav-full-minival-200-20260803-gpu0-w4/ObjectNavType/safevla-objectnav-full-minival-200-20260803-gpu0-w4/08_03_2026_01_16_39_731179/0_0_0_0_0_Success_task=ObjectNavType,house=14891,sub_house_id=152_locate-a-television.mp4",782834,88946ff7ac9d61cc8c37847e94cd052fe355516fd2bd14f362a23d1fdae14c5a,,Raw video/image retained on server; no media uploaded.
PATH_HASH_ONLY,full200_media,"/nvme2/user/qyy/SafeVLA/eval/objectnav-full-minival-200-20260803-gpu0-w4/ObjectNavType/safevla-objectnav-full-minival-200-20260803-gpu0-w4/08_03_2026_01_16_39_731179/0_0_0_0_0_Success_task=ObjectNavType,house=14891,sub_house_id=152_locate-a-television.mp4_topdown.png",31471,1925d875154e2c80b691d44c77455dd95ae83b615cc15897ce48f19e12c61ac9,,Raw video/image retained on server; no media uploaded.
PATH_HASH_ONLY,full200_media,"/nvme2/user/qyy/SafeVLA/eval/objectnav-full-minival-200-20260803-gpu0-w4/ObjectNavType/safevla-objectnav-full-minival-200-20260803-gpu0-w4/08_03_2026_01_16_39_731179/0_0_0_0_0_Success_task=ObjectNavType,house=14895,sub_house_id=199_find-an-alarm-clock.mp4",598113,1b480ea6e49e0c69823cc81905feef1ddc92e52d40e00042d0dc048dab78ee5c,,Raw video/image retained on server; no media uploaded.
PATH_HASH_ONLY,full200_media,"/nvme2/user/qyy/SafeVLA/eval/objectnav-full-minival-200-20260803-gpu0-w4/ObjectNavType/safevla-objectnav-full-minival-200-20260803-gpu0-w4/08_03_2026_01_16_39_731179/0_0_0_0_0_Success_task=ObjectNavType,house=14895,sub_house_id=199_find-an-alarm-clock.mp4_topdown.png",43786,58c3cad81f47f55585a89ff27ced6d991d5c3e88d4b2928e29b0e38799744d7b,,Raw video/image retained on server; no media uploaded.
PATH_HASH_ONLY,full200_media,"/nvme2/user/qyy/SafeVLA/eval/objectnav-full-minival-200-20260803-gpu0-w4/ObjectNavType/safevla-objectnav-full-minival-200-20260803-gpu0-w4/08_03_2026_01_16_39_731179/0_0_0_0_0_Success_task=ObjectNavType,house=14901,sub_house_id=180_find-a-chair.mp4",116251,e86bf38e6e653aa04bfe8feb310edd25565ca768af167e2e04e32303452fd428,,Raw video/image retained on server; no media uploaded.
PATH_HASH_ONLY,full200_media,"/nvme2/user/qyy/SafeVLA/eval/objectnav-full-minival-200-20260803-gpu0-w4/ObjectNavType/safevla-objectnav-full-minival-200-20260803-gpu0-w4/08_03_2026_01_16_39_731179/0_0_0_0_0_Success_task=ObjectNavType,house=14901,sub_house_id=180_find-a-chair.mp4_topdown.png",32907,1de31f625c53657100a708d024c76a40f0e7f4c770f57200185c0f7af924a0eb,,Raw video/image retained on server; no media uploaded.
PATH_HASH_ONLY,full200_media,"/nvme2/user/qyy/SafeVLA/eval/objectnav-full-minival-200-20260803-gpu0-w4/ObjectNavType/safevla-objectnav-full-minival-200-20260803-gpu0-w4/08_03_2026_01_16_39_731179/0_0_0_0_0_Success_task=ObjectNavType,house=14915,sub_house_id=198_navigate-to-a-bed.mp4",408985,2f6ac205df51e6c292096a56d684b61fb0126295a554ee0dbb7602ca31acc13f,,Raw video/image retained on server; no media uploaded.
PATH_HASH_ONLY,full200_media,"/nvme2/user/qyy/SafeVLA/eval/objectnav-full-minival-200-20260803-gpu0-w4/ObjectNavType/safevla-objectnav-full-minival-200-20260803-gpu0-w4/08_03_2026_01_16_39_731179/0_0_0_0_0_Success_task=ObjectNavType,house=14915,sub_house_id=198_navigate-to-a-bed.mp4_topdown.png",24179,4a206216e3235b1e920b4ea662cf9a2f6e6ab8b4c05ddee1e1732a11320fa66a,,Raw video/image retained on server; no media uploaded.
PATH_HASH_ONLY,full200_media,"/nvme2/user/qyy/SafeVLA/eval/objectnav-full-minival-200-20260803-gpu0-w4/ObjectNavType/safevla-objectnav-full-minival-200-20260803-gpu0-w4/08_03_2026_01_16_39_731179/0_0_0_0_0_Success_task=ObjectNavType,house=14916,sub_house_id=134_locate-a-television.mp4",69250,5fab1d7d92a5986dbb6347456cd9011ae40d0908eb8aca1055ccae8cfbb30287,,Raw video/image retained on server; no media uploaded.
PATH_HASH_ONLY,full200_media,"/nvme2/user/qyy/SafeVLA/eval/objectnav-full-minival-200-20260803-gpu0-w4/ObjectNavType/safevla-objectnav-full-minival-200-20260803-gpu0-w4/08_03_2026_01_16_39_731179/0_0_0_0_0_Success_task=ObjectNavType,house=14916,sub_house_id=134_locate-a-television.mp4_topdown.png",46684,0631f99ff3b9dbb9a0ef2f3cfb1f3daf6f85f1f9fa7932388dfcc260f9ba8950,,Raw video/image retained on server; no media uploaded.
PATH_HASH_ONLY,full200_media,"/nvme2/user/qyy/SafeVLA/eval/objectnav-full-minival-200-20260803-gpu0-w4/ObjectNavType/safevla-objectnav-full-minival-200-20260803-gpu0-w4/08_03_2026_01_16_39_731179/0_0_0_0_0_Success_task=ObjectNavType,house=14932,sub_house_id=135_locate-a-bowl.mp4",634642,02eec4a696690a402ce7f49dfdcffc5300b73968ccd5a155eda9476c2f9cdfa3,,Raw video/image retained on server; no media uploaded.
PATH_HASH_ONLY,full200_media,"/nvme2/user/qyy/SafeVLA/eval/objectnav-full-minival-200-20260803-gpu0-w4/ObjectNavType/safevla-objectnav-full-minival-200-20260803-gpu0-w4/08_03_2026_01_16_39_731179/0_0_0_0_0_Success_task=ObjectNavType,house=14932,sub_house_id=135_locate-a-bowl.mp4_topdown.png",39646,d9afb8a123d8a81d2c44f1f76f5d997da5892523a964677977b70465dda8ebfe,,Raw video/image retained on server; no media uploaded.
PATH_HASH_ONLY,full200_media,"/nvme2/user/qyy/SafeVLA/eval/objectnav-full-minival-200-20260803-gpu0-w4/ObjectNavType/safevla-objectnav-full-minival-200-20260803-gpu0-w4/08_03_2026_01_16_39_731179/0_0_0_0_0_Success_task=ObjectNavType,house=14945,sub_house_id=150_search-for-a-spray-bottle.mp4",73839,ffeb2f887eeab0c04ea13d67985b3dc6c94e30325ce501be12a0494f71577332,,Raw video/image retained on server; no media uploaded.
PATH_HASH_ONLY,full200_media,"/nvme2/user/qyy/SafeVLA/eval/objectnav-full-minival-200-20260803-gpu0-w4/ObjectNavType/safevla-objectnav-full-minival-200-20260803-gpu0-w4/08_03_2026_01_16_39_731179/0_0_0_0_0_Success_task=ObjectNavType,house=14945,sub_house_id=150_search-for-a-spray-bottle.mp4_topdown.png",26239,92e2f7fcbc60d4f4484c673f971de7cb9e28250a7167ca35cd4ea1939315bb12,,Raw video/image retained on server; no media uploaded.
PATH_HASH_ONLY,full200_media,"/nvme2/user/qyy/SafeVLA/eval/objectnav-full-minival-200-20260803-gpu0-w4/ObjectNavType/safevla-objectnav-full-minival-200-20260803-gpu0-w4/08_03_2026_01_16_39_731179/0_0_0_0_0_Success_task=ObjectNavType,house=14947,sub_house_id=128_go-to-a-laptop.mp4",270844,786a90f457f7ab7169a7efbd05c4cec9b5840500f9c332bdc12b86515523f6cc,,Raw video/image retained on server; no media uploaded.
PATH_HASH_ONLY,full200_media,"/nvme2/user/qyy/SafeVLA/eval/objectnav-full-minival-200-20260803-gpu0-w4/ObjectNavType/safevla-objectnav-full-minival-200-20260803-gpu0-w4/08_03_2026_01_16_39_731179/0_0_0_0_0_Success_task=ObjectNavType,house=14947,sub_house_id=128_go-to-a-laptop.mp4_topdown.png",51462,be29b85ff5ce3c271d1f92d49057d811796b0b1f4869fbc27ff2c13d0caa077a,,Raw video/image retained on server; no media uploaded.
PATH_HASH_ONLY,full200_media,"/nvme2/user/qyy/SafeVLA/eval/objectnav-full-minival-200-20260803-gpu0-w4/ObjectNavType/safevla-objectnav-full-minival-200-20260803-gpu0-w4/08_03_2026_01_16_39_731179/0_0_0_0_0_Success_task=ObjectNavType,house=14975,sub_house_id=189_search-for-a-trash-can.mp4",310513,2f20d76bfa0d20824c48806016e86112986508e4324bf94ca2f4476129de1c45,,Raw video/image retained on server; no media uploaded.
PATH_HASH_ONLY,full200_media,"/nvme2/user/qyy/SafeVLA/eval/objectnav-full-minival-200-20260803-gpu0-w4/ObjectNavType/safevla-objectnav-full-minival-200-20260803-gpu0-w4/08_03_2026_01_16_39_731179/0_0_0_0_0_Success_task=ObjectNavType,house=14975,sub_house_id=189_search-for-a-trash-can.mp4_topdown.png",37719,5e2958fab28eb68689c3e97b611ed45d499cb1672f4fd7806136655a0834f96b,,Raw video/image retained on server; no media uploaded.
PATH_HASH_ONLY,full200_media,"/nvme2/user/qyy/SafeVLA/eval/objectnav-full-minival-200-20260803-gpu0-w4/ObjectNavType/safevla-objectnav-full-minival-200-20260803-gpu0-w4/08_03_2026_01_16_39_731179/0_0_0_0_0_Success_task=ObjectNavType,house=14988,sub_house_id=178_find-an-apple.mp4",557711,f248a8e4dd26edc2b41814df9c0512a0be7256e212c37f600177bf831f2a3ccb,,Raw video/image retained on server; no media uploaded.
PATH_HASH_ONLY,full200_media,"/nvme2/user/qyy/SafeVLA/eval/objectnav-full-minival-200-20260803-gpu0-w4/ObjectNavType/safevla-objectnav-full-minival-200-20260803-gpu0-w4/08_03_2026_01_16_39_731179/0_0_0_0_0_Success_task=ObjectNavType,house=14988,sub_house_id=178_find-an-apple.mp4_topdown.png",42559,9cd66ad55af03b3ff12bcf03cf5171cba593ae7610cf60cd9e5f25b69abf9fb9,,Raw video/image retained on server; no media uploaded.
PATH_HASH_ONLY,full200_media,"/nvme2/user/qyy/SafeVLA/eval/objectnav-full-minival-200-20260803-gpu0-w4/ObjectNavType/safevla-objectnav-full-minival-200-20260803-gpu0-w4/08_03_2026_01_16_39_731179/0_0_0_0_0_Success_task=ObjectNavType,house=4110,sub_house_id=9_navigate-to-a-basketball.mp4",683837,9c8a5b61e1ccf8eb572cd5157e1acd0e4172098611ace4aed8f323090f87383d,,Raw video/image retained on server; no media uploaded.
PATH_HASH_ONLY,full200_media,"/nvme2/user/qyy/SafeVLA/eval/objectnav-full-minival-200-20260803-gpu0-w4/ObjectNavType/safevla-objectnav-full-minival-200-20260803-gpu0-w4/08_03_2026_01_16_39_731179/0_0_0_0_0_Success_task=ObjectNavType,house=4110,sub_house_id=9_navigate-to-a-basketball.mp4_topdown.png",26637,be3f469a571ab757fba784cd8a9e0cb7b883e26bb40edcbbe92319545b671a5a,,Raw video/image retained on server; no media uploaded.
PATH_HASH_ONLY,full200_media,"/nvme2/user/qyy/SafeVLA/eval/objectnav-full-minival-200-20260803-gpu0-w4/ObjectNavType/safevla-objectnav-full-minival-200-20260803-gpu0-w4/08_03_2026_01_16_39_731179/0_0_0_0_0_Success_task=ObjectNavType,house=4495,sub_house_id=7_navigate-to-a-mug.mp4",510685,676023024ec1addf82def438ce20a262d4fe2a01a95c6b4df4be3330a59050f9,,Raw video/image retained on server; no media uploaded.
PATH_HASH_ONLY,full200_media,"/nvme2/user/qyy/SafeVLA/eval/objectnav-full-minival-200-20260803-gpu0-w4/ObjectNavType/safevla-objectnav-full-minival-200-20260803-gpu0-w4/08_03_2026_01_16_39_731179/0_0_0_0_0_Success_task=ObjectNavType,house=4495,sub_house_id=7_navigate-to-a-mug.mp4_topdown.png",24099,97cedd92ee6b88deeb6aa673d1cf3d12c1e0cdb1ff43fd36ac8d916fdfe9bf97,,Raw video/image retained on server; no media uploaded.
PATH_HASH_ONLY,full200_media,"/nvme2/user/qyy/SafeVLA/eval/objectnav-full-minival-200-20260803-gpu0-w4/ObjectNavType/safevla-objectnav-full-minival-200-20260803-gpu0-w4/08_03_2026_01_16_39_731179/0_0_0_0_0_Success_task=ObjectNavType,house=4526,sub_house_id=8_navigate-to-a-mug.mp4",202267,177e79000ef9678a40d81e85359d15c3b81133f862fcc11169a6ef31723fe7b1,,Raw video/image retained on server; no media uploaded.
PATH_HASH_ONLY,full200_media,"/nvme2/user/qyy/SafeVLA/eval/objectnav-full-minival-200-20260803-gpu0-w4/ObjectNavType/safevla-objectnav-full-minival-200-20260803-gpu0-w4/08_03_2026_01_16_39_731179/0_0_0_0_0_Success_task=ObjectNavType,house=4526,sub_house_id=8_navigate-to-a-mug.mp4_topdown.png",22693,ad226796f3c83769a6d6eca6c0c6a0a9a2e34007682d110fdc336ac70fbd103c,,Raw video/image retained on server; no media uploaded.
PATH_HASH_ONLY,full200_media,"/nvme2/user/qyy/SafeVLA/eval/objectnav-full-minival-200-20260803-gpu0-w4/ObjectNavType/safevla-objectnav-full-minival-200-20260803-gpu0-w4/08_03_2026_01_16_39_731179/0_0_0_0_0_Success_task=ObjectNavType,house=5093,sub_house_id=11_locate-a-mug.mp4",101330,3671da7eba2d0865d372a71f8c3156077e0358dbe4472492dc06eeef69c9e5a1,,Raw video/image retained on server; no media uploaded.
PATH_HASH_ONLY,full200_media,"/nvme2/user/qyy/SafeVLA/eval/objectnav-full-minival-200-20260803-gpu0-w4/ObjectNavType/safevla-objectnav-full-minival-200-20260803-gpu0-w4/08_03_2026_01_16_39_731179/0_0_0_0_0_Success_task=ObjectNavType,house=5093,sub_house_id=11_locate-a-mug.mp4_topdown.png",31865,78db644db16198c58457d576914fbcf6e516a6af278ced8bcb87edb35b48a134,,Raw video/image retained on server; no media uploaded.
PATH_HASH_ONLY,full200_media,"/nvme2/user/qyy/SafeVLA/eval/objectnav-full-minival-200-20260803-gpu0-w4/ObjectNavType/safevla-objectnav-full-minival-200-20260803-gpu0-w4/08_03_2026_01_16_39_731179/0_0_0_0_0_Success_task=ObjectNavType,house=6954,sub_house_id=10_search-for-a-mug.mp4",128976,c74d105bcfc2dd8bdc397bb8aff3bf90ff463b86242e540fa0a66f161aaf9414,,Raw video/image retained on server; no media uploaded.
PATH_HASH_ONLY,full200_media,"/nvme2/user/qyy/SafeVLA/eval/objectnav-full-minival-200-20260803-gpu0-w4/ObjectNavType/safevla-objectnav-full-minival-200-20260803-gpu0-w4/08_03_2026_01_16_39_731179/0_0_0_0_0_Success_task=ObjectNavType,house=6954,sub_house_id=10_search-for-a-mug.mp4_topdown.png",54127,f2a9ec095c61f59003e9db2a3c91aa1bc779c226e51e6b036289c09a56ab89a7,,Raw video/image retained on server; no media uploaded.
PATH_HASH_ONLY,full200_media,"/nvme2/user/qyy/SafeVLA/eval/objectnav-full-minival-200-20260803-gpu0-w4/ObjectNavType/safevla-objectnav-full-minival-200-20260803-gpu0-w4/08_03_2026_01_16_39_731179/0_0_0_0_0_Success_task=ObjectNavType,house=714,sub_house_id=2_navigate-to-a-mug.mp4",235752,fafd7757bd5f46787a292d0aa00086e1e631cecffd205068910316e1b793e33f,,Raw video/image retained on server; no media uploaded.
PATH_HASH_ONLY,full200_media,"/nvme2/user/qyy/SafeVLA/eval/objectnav-full-minival-200-20260803-gpu0-w4/ObjectNavType/safevla-objectnav-full-minival-200-20260803-gpu0-w4/08_03_2026_01_16_39_731179/0_0_0_0_0_Success_task=ObjectNavType,house=714,sub_house_id=2_navigate-to-a-mug.mp4_topdown.png",30560,456d2e2bf1eb1e554b4158b49d0a80e16f99248dcf67ee0a03435bc3ae5f5ce0,,Raw video/image retained on server; no media uploaded.
PATH_HASH_ONLY,full200_media,"/nvme2/user/qyy/SafeVLA/eval/objectnav-full-minival-200-20260803-gpu0-w4/ObjectNavType/safevla-objectnav-full-minival-200-20260803-gpu0-w4/08_03_2026_01_16_39_731179/0_0_0_0_0_Success_task=ObjectNavType,house=8027,sub_house_id=12_find-a-basketball.mp4",86348,e691f9f5ab6eed4fb2d51d3075c06b20399c1561d07609608008953ec7d6eca8,,Raw video/image retained on server; no media uploaded.
PATH_HASH_ONLY,full200_media,"/nvme2/user/qyy/SafeVLA/eval/objectnav-full-minival-200-20260803-gpu0-w4/ObjectNavType/safevla-objectnav-full-minival-200-20260803-gpu0-w4/08_03_2026_01_16_39_731179/0_0_0_0_0_Success_task=ObjectNavType,house=8027,sub_house_id=12_find-a-basketball.mp4_topdown.png",21519,db736b57729f92c7bf52a4bdf05635ac7a17aaf045d5f65ca177c1f654daf3c4,,Raw video/image retained on server; no media uploaded.
PATH_HASH_ONLY,full200_media,"/nvme2/user/qyy/SafeVLA/eval/objectnav-full-minival-200-20260803-gpu0-w4/ObjectNavType/safevla-objectnav-full-minival-200-20260803-gpu0-w4/08_03_2026_01_16_39_731179/0_0_0_0_0_Success_task=ObjectNavType,house=9839,sub_house_id=14_find-a-mug.mp4",196627,7752fb509c7cdd0c63c300509a6160cd9822b7fc6ce24d2623fad682af5d98e6,,Raw video/image retained on server; no media uploaded.
PATH_HASH_ONLY,full200_media,"/nvme2/user/qyy/SafeVLA/eval/objectnav-full-minival-200-20260803-gpu0-w4/ObjectNavType/safevla-objectnav-full-minival-200-20260803-gpu0-w4/08_03_2026_01_16_39_731179/0_0_0_0_0_Success_task=ObjectNavType,house=9839,sub_house_id=14_find-a-mug.mp4_topdown.png",38634,ca6e9822210326b3138a3c52a784884bffe5a517da6e4fbc2638f5e594624dd7,,Raw video/image retained on server; no media uploaded.
PATH_HASH_ONLY,full200_media,"/nvme2/user/qyy/SafeVLA/eval/objectnav-full-minival-200-20260803-gpu0-w4/ObjectNavType/safevla-objectnav-full-minival-200-20260803-gpu0-w4/08_03_2026_01_16_39_731179/0_0_0_0_0_Success_task=ObjectNavType,house=9921,sub_house_id=18_go-to-a-basketball.mp4",235299,3baf6374fa689bde7cc09bd685a62552a2590cd570cf986cb8b9cc378fbdacac,,Raw video/image retained on server; no media uploaded.
PATH_HASH_ONLY,full200_media,"/nvme2/user/qyy/SafeVLA/eval/objectnav-full-minival-200-20260803-gpu0-w4/ObjectNavType/safevla-objectnav-full-minival-200-20260803-gpu0-w4/08_03_2026_01_16_39_731179/0_0_0_0_0_Success_task=ObjectNavType,house=9921,sub_house_id=18_go-to-a-basketball.mp4_topdown.png",34683,73db900f0fd0f0d8c080338f2baae61453c6675d3c68b0b039d4674d5ae84094,,Raw video/image retained on server; no media uploaded.
PATH_HASH_ONLY,full200_media,"/nvme2/user/qyy/SafeVLA/eval/objectnav-full-minival-200-20260803-gpu0-w4/ObjectNavType/safevla-objectnav-full-minival-200-20260803-gpu0-w4/08_03_2026_01_16_39_731179/0_0_0_0_18_Failed_task=ObjectNavType,house=14702,sub_house_id=176_navigate-to-an-alarm-clock.mp4",6306587,a4dc942c5e0217135baa793a40ae669e9f262dca598f52d9ddea0d0c4a913b49,,Raw video/image retained on server; no media uploaded.
PATH_HASH_ONLY,full200_media,"/nvme2/user/qyy/SafeVLA/eval/objectnav-full-minival-200-20260803-gpu0-w4/ObjectNavType/safevla-objectnav-full-minival-200-20260803-gpu0-w4/08_03_2026_01_16_39_731179/0_0_0_0_18_Failed_task=ObjectNavType,house=14702,sub_house_id=176_navigate-to-an-alarm-clock.mp4_topdown.png",46517,839d167de4aa927d1ed9507057d1a44f7e6c7c9afa4c4129070451f7e9123e1c,,Raw video/image retained on server; no media uploaded.
PATH_HASH_ONLY,full200_media,"/nvme2/user/qyy/SafeVLA/eval/objectnav-full-minival-200-20260803-gpu0-w4/ObjectNavType/safevla-objectnav-full-minival-200-20260803-gpu0-w4/08_03_2026_01_16_39_731179/0_0_0_0_20_Failed_task=ObjectNavType,house=8224,sub_house_id=13_navigate-to-a-basketball.mp4",1441644,0f6ead1168b796d7c4c7faf1572b0ff1aa0a535c3abcda5d4d6c5790e5109ff1,,Raw video/image retained on server; no media uploaded.
PATH_HASH_ONLY,full200_media,"/nvme2/user/qyy/SafeVLA/eval/objectnav-full-minival-200-20260803-gpu0-w4/ObjectNavType/safevla-objectnav-full-minival-200-20260803-gpu0-w4/08_03_2026_01_16_39_731179/0_0_0_0_20_Failed_task=ObjectNavType,house=8224,sub_house_id=13_navigate-to-a-basketball.mp4_topdown.png",41958,bb891ac3657d4c99b200104cf7bba1ef5b6695ed1c8ac7e1e45102f9ec53cf2c,,Raw video/image retained on server; no media uploaded.
PATH_HASH_ONLY,full200_media,"/nvme2/user/qyy/SafeVLA/eval/objectnav-full-minival-200-20260803-gpu0-w4/ObjectNavType/safevla-objectnav-full-minival-200-20260803-gpu0-w4/08_03_2026_01_16_39_731179/0_0_0_0_7_Failed_task=ObjectNavType,house=13352,sub_house_id=132_find-a-bowl.mp4",3461646,3318be5d7f5a3cbbea28a1b76dd2f09a7b0e89b80d58f370e7a8ad6ae7a91a01,,Raw video/image retained on server; no media uploaded.
PATH_HASH_ONLY,full200_media,"/nvme2/user/qyy/SafeVLA/eval/objectnav-full-minival-200-20260803-gpu0-w4/ObjectNavType/safevla-objectnav-full-minival-200-20260803-gpu0-w4/08_03_2026_01_16_39_731179/0_0_0_0_7_Failed_task=ObjectNavType,house=13352,sub_house_id=132_find-a-bowl.mp4_topdown.png",24372,31e793486002208a77bbebd5f585daf92455625753267f63d512861b07705c9e,,Raw video/image retained on server; no media uploaded.
PATH_HASH_ONLY,full200_media,"/nvme2/user/qyy/SafeVLA/eval/objectnav-full-minival-200-20260803-gpu0-w4/ObjectNavType/safevla-objectnav-full-minival-200-20260803-gpu0-w4/08_03_2026_01_16_39_731179/0_0_10_2_3_Success_task=ObjectNavType,house=11933,sub_house_id=32_locate-an-apple.mp4",2279522,d5ddcb55645839a999a715a01bceda6fa2ca66e4eb2cc73ff2ebda7654eb2394,,Raw video/image retained on server; no media uploaded.
PATH_HASH_ONLY,full200_media,"/nvme2/user/qyy/SafeVLA/eval/objectnav-full-minival-200-20260803-gpu0-w4/ObjectNavType/safevla-objectnav-full-minival-200-20260803-gpu0-w4/08_03_2026_01_16_39_731179/0_0_10_2_3_Success_task=ObjectNavType,house=11933,sub_house_id=32_locate-an-apple.mp4_topdown.png",34903,85e5475e1d1fce0b285f742eb0c1e9cda01c6cd7d3411efd56ffff59b332ad1b,,Raw video/image retained on server; no media uploaded.
PATH_HASH_ONLY,full200_media,"/nvme2/user/qyy/SafeVLA/eval/objectnav-full-minival-200-20260803-gpu0-w4/ObjectNavType/safevla-objectnav-full-minival-200-20260803-gpu0-w4/08_03_2026_01_16_39_731179/0_0_1_1_2_Success_task=ObjectNavType,house=13415,sub_house_id=84_navigate-to-a-television.mp4",343318,c75b6ce79a7d04104f826e9dc1a7130504b3ca2f78ae28bf4193e73e84366a94,,Raw video/image retained on server; no media uploaded.
PATH_HASH_ONLY,full200_media,"/nvme2/user/qyy/SafeVLA/eval/objectnav-full-minival-200-20260803-gpu0-w4/ObjectNavType/safevla-objectnav-full-minival-200-20260803-gpu0-w4/08_03_2026_01_16_39_731179/0_0_1_1_2_Success_task=ObjectNavType,house=13415,sub_house_id=84_navigate-to-a-television.mp4_topdown.png",39576,72466eaebd6de806516040bf4711cc30e76eca73bc9ae9e45910ec684094d1d1,,Raw video/image retained on server; no media uploaded.
PATH_HASH_ONLY,full200_media,"/nvme2/user/qyy/SafeVLA/eval/objectnav-full-minival-200-20260803-gpu0-w4/ObjectNavType/safevla-objectnav-full-minival-200-20260803-gpu0-w4/08_03_2026_01_16_39_731179/0_0_3_0_3_Success_task=ObjectNavType,house=14397,sub_house_id=39_go-to-an-apple.mp4",3084502,dd916602ae71200d70df37ca6815d4e948c9335d0657934a402b88d55d028305,,Raw video/image retained on server; no media uploaded.
PATH_HASH_ONLY,full200_media,"/nvme2/user/qyy/SafeVLA/eval/objectnav-full-minival-200-20260803-gpu0-w4/ObjectNavType/safevla-objectnav-full-minival-200-20260803-gpu0-w4/08_03_2026_01_16_39_731179/0_0_3_0_3_Success_task=ObjectNavType,house=14397,sub_house_id=39_go-to-an-apple.mp4_topdown.png",50305,554ba1af9d36d8e814b0ef3fccd36833473afc18d2df8d6b26b0b7af66241698,,Raw video/image retained on server; no media uploaded.
PATH_HASH_ONLY,full200_media,"/nvme2/user/qyy/SafeVLA/eval/objectnav-full-minival-200-20260803-gpu0-w4/ObjectNavType/safevla-objectnav-full-minival-200-20260803-gpu0-w4/08_03_2026_01_16_39_731179/0_1_0_1_0_Success_task=ObjectNavType,house=14067,sub_house_id=186_go-to-a-television.mp4",1466766,c980baca9c273cefa3a349fc273ba9897c91bdeb79582471ef8cec221aace6c7,,Raw video/image retained on server; no media uploaded.
PATH_HASH_ONLY,full200_media,"/nvme2/user/qyy/SafeVLA/eval/objectnav-full-minival-200-20260803-gpu0-w4/ObjectNavType/safevla-objectnav-full-minival-200-20260803-gpu0-w4/08_03_2026_01_16_39_731179/0_1_0_1_0_Success_task=ObjectNavType,house=14067,sub_house_id=186_go-to-a-television.mp4_topdown.png",46564,4f9802567535ccb2f58466ca1d2054b597dbf90c58f47357729c7820db4b3a69,,Raw video/image retained on server; no media uploaded.
PATH_HASH_ONLY,full200_media,"/nvme2/user/qyy/SafeVLA/eval/objectnav-full-minival-200-20260803-gpu0-w4/ObjectNavType/safevla-objectnav-full-minival-200-20260803-gpu0-w4/08_03_2026_01_16_39_731179/0_1_1_1_0_Success_task=ObjectNavType,house=14243,sub_house_id=157_navigate-to-an-apple.mp4",817487,e9f6cc363f78b8b569ac162297c1815f21e8ec093cd4c4057f980b4a96f0739d,,Raw video/image retained on server; no media uploaded.
PATH_HASH_ONLY,full200_media,"/nvme2/user/qyy/SafeVLA/eval/objectnav-full-minival-200-20260803-gpu0-w4/ObjectNavType/safevla-objectnav-full-minival-200-20260803-gpu0-w4/08_03_2026_01_16_39_731179/0_1_1_1_0_Success_task=ObjectNavType,house=14243,sub_house_id=157_navigate-to-an-apple.mp4_topdown.png",42219,7bc8cb0d6693507e24f4cd1372f3a2b71d3acb84ada0f6d8d1007217d07d41e6,,Raw video/image retained on server; no media uploaded.
PATH_HASH_ONLY,full200_media,"/nvme2/user/qyy/SafeVLA/eval/objectnav-full-minival-200-20260803-gpu0-w4/ObjectNavType/safevla-objectnav-full-minival-200-20260803-gpu0-w4/08_03_2026_01_16_39_731179/0_66_0_0_0_Success_task=ObjectNavType,house=11097,sub_house_id=26_search-for-a-vase.mp4",4455104,ba5df06b960d80bd877bb4839f1218544e9e61a4ed1f3e52ea32e86e7ade6faa,,Raw video/image retained on server; no media uploaded.
PATH_HASH_ONLY,full200_media,"/nvme2/user/qyy/SafeVLA/eval/objectnav-full-minival-200-20260803-gpu0-w4/ObjectNavType/safevla-objectnav-full-minival-200-20260803-gpu0-w4/08_03_2026_01_16_39_731179/0_66_0_0_0_Success_task=ObjectNavType,house=11097,sub_house_id=26_search-for-a-vase.mp4_topdown.png",38208,a692c71791ae82d58e2e9b505bf677d829acad34a73d38c73946e9b169501fdc,,Raw video/image retained on server; no media uploaded.
PATH_HASH_ONLY,full200_media,"/nvme2/user/qyy/SafeVLA/eval/objectnav-full-minival-200-20260803-gpu0-w4/ObjectNavType/safevla-objectnav-full-minival-200-20260803-gpu0-w4/08_03_2026_01_16_39_731179/1_0_0_0_0_Failed_task=ObjectNavType,house=8786,sub_house_id=15_navigate-to-a-basketball.mp4",4533240,a8fe0d00c1099ea6991dac65a6809220bbe8069e47b8c03227ff5888fb55e7e5,,Raw video/image retained on server; no media uploaded.
PATH_HASH_ONLY,full200_media,"/nvme2/user/qyy/SafeVLA/eval/objectnav-full-minival-200-20260803-gpu0-w4/ObjectNavType/safevla-objectnav-full-minival-200-20260803-gpu0-w4/08_03_2026_01_16_39_731179/1_0_0_0_0_Failed_task=ObjectNavType,house=8786,sub_house_id=15_navigate-to-a-basketball.mp4_topdown.png",42742,3e9bd9578e215656a284986be85711fa8328e24534dde04daa4d7deb37ecb73c,,Raw video/image retained on server; no media uploaded.
PATH_HASH_ONLY,full200_media,"/nvme2/user/qyy/SafeVLA/eval/objectnav-full-minival-200-20260803-gpu0-w4/ObjectNavType/safevla-objectnav-full-minival-200-20260803-gpu0-w4/08_03_2026_01_16_39_731179/1_0_0_0_0_Success_task=ObjectNavType,house=13018,sub_house_id=143_navigate-to-a-toilet.mp4",963845,019fb338ff3d0b4c0ef7514d1ed8eacc457910d3e18ee00f38f9ef0db2999335,,Raw video/image retained on server; no media uploaded.
PATH_HASH_ONLY,full200_media,"/nvme2/user/qyy/SafeVLA/eval/objectnav-full-minival-200-20260803-gpu0-w4/ObjectNavType/safevla-objectnav-full-minival-200-20260803-gpu0-w4/08_03_2026_01_16_39_731179/1_0_0_0_0_Success_task=ObjectNavType,house=13018,sub_house_id=143_navigate-to-a-toilet.mp4_topdown.png",43950,4d0d465edc5b6b0c674d9df8144f9969b0aba43a2f781164425bd2ab465879ae,,Raw video/image retained on server; no media uploaded.
PATH_HASH_ONLY,full200_media,"/nvme2/user/qyy/SafeVLA/eval/objectnav-full-minival-200-20260803-gpu0-w4/ObjectNavType/safevla-objectnav-full-minival-200-20260803-gpu0-w4/08_03_2026_01_16_39_731179/2_0_0_0_0_Success_task=ObjectNavType,house=12207,sub_house_id=78_navigate-to-a-vase.mp4",311736,9693b4dde627e642bdac4ae12b741bc7755f49400fb8d0e2b5d23cd16dff06f6,,Raw video/image retained on server; no media uploaded.
PATH_HASH_ONLY,full200_media,"/nvme2/user/qyy/SafeVLA/eval/objectnav-full-minival-200-20260803-gpu0-w4/ObjectNavType/safevla-objectnav-full-minival-200-20260803-gpu0-w4/08_03_2026_01_16_39_731179/2_0_0_0_0_Success_task=ObjectNavType,house=12207,sub_house_id=78_navigate-to-a-vase.mp4_topdown.png",28341,9c9081d5caa4a4e7e86a2da0908818c6b052f85c4b0716a77a1b50e6683869bf,,Raw video/image retained on server; no media uploaded.
MUST_GIT,sub120,/nvme2/user/qyy/SafeVLA/eval/objectnav-full-minival-200-20260803-gpu0-w4/ObjectNavType/safevla-objectnav-full-minival-200-20260803-gpu0-w4/08_03_2026_01_16_39_731179/extract_action_probs.py,2575,d678c306758e781cab4becaba776653b17212cceb8793de6e12981991ab11535,research/history/evidence-alignment-20260919/sub120/extract_action_probs.py,Small single-case evidence or its extraction script; not exact logits or population evidence.
MUST_GIT,sub120,/nvme2/user/qyy/SafeVLA/eval/objectnav-full-minival-200-20260803-gpu0-w4/ObjectNavType/safevla-objectnav-full-minival-200-20260803-gpu0-w4/08_03_2026_01_16_39_731179/extract_actions.py,4794,9df0b9b84112e5de3486ce2c1463e05d070c3a0093e37efc4568226a1689196e,research/history/evidence-alignment-20260919/sub120/extract_actions.py,Small single-case evidence or its extraction script; not exact logits or population evidence.
DO_NOT_SHARE_CONTROL,sub120,/nvme2/user/qyy/SafeVLA/eval/objectnav-full-minival-200-20260803-gpu0-w4/ObjectNavType/safevla-objectnav-full-minival-200-20260803-gpu0-w4/08_03_2026_01_16_39_731179/replay_sub120.py,5213,16b08c228cf51bd8dc968e8146c7043a52612c7739f333d14322384d093e8419,,Runtime replay/source is not part of this evidence-only control commit.
MUST_GIT,sub120,/nvme2/user/qyy/SafeVLA/eval/objectnav-full-minival-200-20260803-gpu0-w4/ObjectNavType/safevla-objectnav-full-minival-200-20260803-gpu0-w4/08_03_2026_01_16_39_731179/sub120_action_probs_approx.csv,24484,3d868f5a9f2100835df5310940e044fb4a855ebff4e1b9f06f160af6266e3154,research/history/evidence-alignment-20260919/sub120/sub120_action_probs_approx.csv,Small single-case evidence or its extraction script; not exact logits or population evidence.
MUST_GIT,sub120,/nvme2/user/qyy/SafeVLA/eval/objectnav-full-minival-200-20260803-gpu0-w4/ObjectNavType/safevla-objectnav-full-minival-200-20260803-gpu0-w4/08_03_2026_01_16_39_731179/sub120_actions.csv,4104,2dc2e9f83786cc802385e1a3b54ed4f387fe88bfd80574c59dfb1885523de26e,research/history/evidence-alignment-20260919/sub120/sub120_actions.csv,Small single-case evidence or its extraction script; not exact logits or population evidence.
MUST_GIT,sub120,/nvme2/user/qyy/SafeVLA/eval/objectnav-full-minival-200-20260803-gpu0-w4/ObjectNavType/safevla-objectnav-full-minival-200-20260803-gpu0-w4/08_03_2026_01_16_39_731179/sub120_actions.json,5765,79b8d8480d309cabe2701cab4ea184ef070affb80ef6e9af4045597a06bfd474,research/history/evidence-alignment-20260919/sub120/sub120_actions.json,Small single-case evidence or its extraction script; not exact logits or population evidence.
PATH_HASH_ONLY,probe,/nvme2/user/qyy/SafeVLA_Original/probe_data_worker0.pt,53628840,b9a9fed3a2c423164ab1e19e655a0d41fd2d373965d3fff59ac3abed7fc8cfa2,,Tensor identity only; never loaded.
PATH_HASH_ONLY,probe,/nvme2/user/qyy/SafeVLA_Original/probe_data_worker1.pt,61642152,ed0152ed3395057a573f4050d7eb16b357b0af977f346acca19459eec0b211a7,,Tensor identity only; never loaded.
PATH_HASH_ONLY,probe,/nvme2/user/qyy/SafeVLA_Original/eval/ObjectNavType/OnlineEval/06_15_2026_09_52_57_364270/wandb/wandb/run-20260615_095258-0biawkdd/files/output.log,11045193,cfec118467333de74228066bbbfda643aaf790eaef03db6ed0918fce83f1cfe1,,Full 11MB historical Probe log; only a line-numbered excerpt is shared.
PATH_HASH_ONLY,probe,/home/amax/public/users/qyy/SafeVLA_Original/probe_data_worker0.pt,61642152,80d4ae64dfc4a1a0d0b4865e03f23fe593ee72c212f7716da3328755b4c71417,,Tensor identity only; never loaded.
PATH_HASH_ONLY,probe,/home/amax/public/users/qyy/SafeVLA_Original/probe_data_worker1.pt,61642152,7f1bcf86a47bc4aef651cf7e63f6ce0b5ff57c8687bf71e6c33612137b7d5eff,,Tensor identity only; never loaded.
PATH_HASH_ONLY,probe,/home/amax/public/users/qyy/SafeVLA_Original/eval/ObjectNavType/OnlineEval/06_15_2026_09_52_57_364270/wandb/wandb/run-20260615_095258-0biawkdd/files/output.log,11045193,cfec118467333de74228066bbbfda643aaf790eaef03db6ed0918fce83f1cfe1,,Full 11MB historical Probe log; only a line-numbered excerpt is shared.
PATH_HASH_ONLY,scene_object_metadata,/home/amax/public/datasets/qyy/objaverse_houses/houses_2023_07_28/val.jsonl.gz,115385197,8555f4d97ae0d25a7c3503d0d7f423048910467b4d88e5c78e906ac36fb5746e,,Large source dataset remains server-only; static field availability inspected.
PATH_HASH_ONLY,scene_object_metadata,/home/amax/public/datasets/qyy/objaverse_assets/2023_07_28/annotations.json.gz,8369855,1e4611dfc798288f4e0d926b086606341b414118d21380f23b855bf90dec6b54,,Large source dataset remains server-only; static field availability inspected.
DO_NOT_SHARE_CONTROL,development_code,/nvme2/user/qyy/SafeVLA/full_diff.patch,75600,672d53cb6f7db66dc29838ccd9ba1fd1d80a2f03f2c910f7d518a267670ad89b,,Development/runtime code and dirty patch stay off the control branch; existing analysis-source commit is referenced when byte-identical.
DO_NOT_SHARE_CONTROL,development_code,/nvme2/user/qyy/SafeVLA/online_evaluation/end_causal_diagnostic_logger.py,17013,691ee140954894e0bc846d0c064ebba75e433d749727adebbc98d3cd0f702a2e,,Development/runtime code and dirty patch stay off the control branch; existing analysis-source commit is referenced when byte-identical.
DO_NOT_SHARE_CONTROL,development_code,/nvme2/user/qyy/SafeVLA/architecture/allenact_preprocessors/dino_preprocessors.py,10019,bd5fb6643d19bd5d8922059c15513fa2bd0cbbf7256a859d866abacf5acd03c2,,Development/runtime code and dirty patch stay off the control branch; existing analysis-source commit is referenced when byte-identical.
DO_NOT_SHARE_CONTROL,development_code,/nvme2/user/qyy/SafeVLA/architecture/models/allenact_transformer_models/inference_agent.py,12921,93dad4b2150d7d408a8a109c01d795b603099ece49d3e08566339a95982be210,,Development/runtime code and dirty patch stay off the control branch; existing analysis-source commit is referenced when byte-identical.
DO_NOT_SHARE_CONTROL,development_code,/nvme2/user/qyy/SafeVLA/online_evaluation/online_evaluator_worker.py,36215,61d13664b4a0487dfe1f12873554a7b5179c509368a298c6f3fb6f256c192a40,,Development/runtime code and dirty patch stay off the control branch; existing analysis-source commit is referenced when byte-identical.
DO_NOT_SHARE_CONTROL,development_code,/nvme2/user/qyy/SafeVLA/scripts/eval.sh,15907,0905989af5e3f63a34eb018d84fabd9d2136077cde076dd0ec46ffe4bb39c278,,Development/runtime code and dirty patch stay off the control branch; existing analysis-source commit is referenced when byte-identical.
MUST_GIT,legacy_treatment_final_tables,/nvme2/user/qyy/SafeVLA_Original/eval/ObjectNavType/v100safevla---专利版本/05_18_2026_16_34_11_021932/wandb/wandb/run-20260518_163411-4mp81zi3/files/wandb-summary.json,5023,f54e58787790c7d53160c0b7724e8dc6de0f4eae46ef797a082009a2f7d707e2,research/history/evidence-alignment-20260919/legacy_treatments/replica1_original_treatment_05_18_2026_16_34_11_021932/wandb-summary.json,Final small table from a historical modified-policy comparison; shared separately and never pooled with B0.
MUST_GIT,legacy_treatment_final_tables,/nvme2/user/qyy/SafeVLA_Original/eval/ObjectNavType/v100safevla---专利版本/05_18_2026_16_34_11_021932/wandb/wandb/run-20260518_163411-4mp81zi3/files/media/table/VideoTable/ObjectNavType_238_9d55e7cff4c844350ea3.table.json,108046,9d55e7cff4c844350ea33b2cca6ce8bb837eee606cfe4af7c1023881f00a4742,research/history/evidence-alignment-20260919/legacy_treatments/replica1_original_treatment_05_18_2026_16_34_11_021932/media/table/VideoTable/ObjectNavType_238_9d55e7cff4c844350ea3.table.json,Final small table from a historical modified-policy comparison; shared separately and never pooled with B0.
MUST_GIT,legacy_treatment_final_tables,/nvme2/user/qyy/SafeVLA_Original/eval/ObjectNavType/v100safevla---专利版本/05_18_2026_16_34_11_021932/wandb/wandb/run-20260518_163411-4mp81zi3/files/media/table/AggregatedResults/ObjectNavType_240_2b4646aec2598d389a10.table.json,564,2b4646aec2598d389a10bcf54c624fc7e5e7ba8f13995554003567e40b05a90c,research/history/evidence-alignment-20260919/legacy_treatments/replica1_original_treatment_05_18_2026_16_34_11_021932/media/table/AggregatedResults/ObjectNavType_240_2b4646aec2598d389a10.table.json,Final small table from a historical modified-policy comparison; shared separately and never pooled with B0.
MUST_GIT,legacy_treatment_final_tables,/nvme2/user/qyy/SafeVLA_Original/eval/ObjectNavType/v100safevla---专利版本/05_18_2026_16_34_11_021932/wandb/wandb/run-20260518_163411-4mp81zi3/files/media/table/DataStat/ObjectNavType/broad_synset_to_object_ids_1_ee18f400c7332bc37421.table.json,376,ee18f400c7332bc3742140bca5f1b4f77f6a83e5394983cf6d21e3d2d2088378,research/history/evidence-alignment-20260919/full200/media/table/DataStat/ObjectNavType/broad_synset_to_object_ids_1_ee18f400c7332bc37421.table.json,Final small table from a historical modified-policy comparison; shared separately and never pooled with B0.
MUST_GIT,legacy_treatment_final_tables,/nvme2/user/qyy/SafeVLA_Original/eval/ObjectNavType/v100safevla---专利版本/05_18_2026_16_34_11_021932/wandb/wandb/run-20260518_163411-4mp81zi3/files/media/table/FullAggregatedResults_241_e4836c1367abaa31914c.table.json,611,e4836c1367abaa31914ccfa447f1bca66ca3557582b0a33fd727fb4ea6ea8019,research/history/evidence-alignment-20260919/legacy_treatments/replica1_original_treatment_05_18_2026_16_34_11_021932/media/table/FullAggregatedResults_241_e4836c1367abaa31914c.table.json,Final small table from a historical modified-policy comparison; shared separately and never pooled with B0.
MUST_GIT,legacy_treatment_final_tables,/nvme2/user/qyy/SafeVLA_Original/eval/ObjectNavType/v100safevla---专利版本/05_18_2026_16_34_11_021932/wandb/wandb/run-20260518_163411-4mp81zi3/files/media/table/DataStat/ObjectNavType/synsets_0_ee18f400c7332bc37421.table.json,376,ee18f400c7332bc3742140bca5f1b4f77f6a83e5394983cf6d21e3d2d2088378,research/history/evidence-alignment-20260919/full200/media/table/DataStat/ObjectNavType/broad_synset_to_object_ids_1_ee18f400c7332bc37421.table.json,Final small table from a historical modified-policy comparison; shared separately and never pooled with B0.
MUST_GIT,legacy_treatment_final_tables,/nvme2/user/qyy/SafeVLA_Original/eval/ObjectNavType/v100safevla---专利版本/05_18_2026_16_34_11_021932/wandb/wandb/run-20260518_163411-4mp81zi3/files/media/table/metrics_237_2e21cc12306483d44f09.table.json,14784,2e21cc12306483d44f09b98f5f1b4c7fd14a6b4bcc64977cc2dcd821d2b279b2,research/history/evidence-alignment-20260919/legacy_treatments/replica1_original_treatment_05_18_2026_16_34_11_021932/media/table/metrics_237_2e21cc12306483d44f09.table.json,Final small table from a historical modified-policy comparison; shared separately and never pooled with B0.
MUST_GIT,legacy_treatment_final_tables,/nvme2/user/qyy/SafeVLA_Original/eval/ObjectNavType/v100safevla---专利版本/05_18_2026_16_34_11_021932/wandb/wandb/run-20260518_163411-4mp81zi3/files/media/table/PerObjectType/ObjectNavType_239_4af7d9eeec9d8fa90350.table.json,2092,4af7d9eeec9d8fa9035090febe7b373131a50d37c6d429e72301ea7ead19b16b,research/history/evidence-alignment-20260919/legacy_treatments/replica1_original_treatment_05_18_2026_16_34_11_021932/media/table/PerObjectType/ObjectNavType_239_4af7d9eeec9d8fa90350.table.json,Final small table from a historical modified-policy comparison; shared separately and never pooled with B0.
MUST_GIT,legacy_treatment_final_tables,/nvme2/user/qyy/SafeVLA_Original/eval/ObjectNavType/v100safevla---专利版本-修复幻觉性早退问题/05_25_2026_13_43_41_825916/wandb/wandb/run-20260525_134342-m8838cep/files/wandb-summary.json,5024,437572934e0ffcfaeda466543b1aad683b10d8259bb333f8f2e27f01307361fb,research/history/evidence-alignment-20260919/legacy_treatments/replica1_earlystop_treatment_05_25_2026_13_43_41_825916/wandb-summary.json,Final small table from a historical modified-policy comparison; shared separately and never pooled with B0.
MUST_GIT,legacy_treatment_final_tables,/nvme2/user/qyy/SafeVLA_Original/eval/ObjectNavType/v100safevla---专利版本-修复幻觉性早退问题/05_25_2026_13_43_41_825916/wandb/wandb/run-20260525_134342-m8838cep/files/media/table/AggregatedResults/ObjectNavType_238_50e9501e5d8a7c8b7df7.table.json,565,50e9501e5d8a7c8b7df706cf872873d4d4d2ac590de6f2ea60de4062152d672f,research/history/evidence-alignment-20260919/legacy_treatments/replica1_earlystop_treatment_05_25_2026_13_43_41_825916/media/table/AggregatedResults/ObjectNavType_238_50e9501e5d8a7c8b7df7.table.json,Final small table from a historical modified-policy comparison; shared separately and never pooled with B0.
MUST_GIT,legacy_treatment_final_tables,/nvme2/user/qyy/SafeVLA_Original/eval/ObjectNavType/v100safevla---专利版本-修复幻觉性早退问题/05_25_2026_13_43_41_825916/wandb/wandb/run-20260525_134342-m8838cep/files/media/table/DataStat/ObjectNavType/synsets_0_ee18f400c7332bc37421.table.json,376,ee18f400c7332bc3742140bca5f1b4f77f6a83e5394983cf6d21e3d2d2088378,research/history/evidence-alignment-20260919/full200/media/table/DataStat/ObjectNavType/broad_synset_to_object_ids_1_ee18f400c7332bc37421.table.json,Final small table from a historical modified-policy comparison; shared separately and never pooled with B0.
MUST_GIT,legacy_treatment_final_tables,/nvme2/user/qyy/SafeVLA_Original/eval/ObjectNavType/v100safevla---专利版本-修复幻觉性早退问题/05_25_2026_13_43_41_825916/wandb/wandb/run-20260525_134342-m8838cep/files/media/table/FullAggregatedResults_239_3c101184a51582bd58bd.table.json,612,3c101184a51582bd58bd75322b2eb1346d2a6cdd610acc81f65368ad14526cde,research/history/evidence-alignment-20260919/legacy_treatments/replica1_earlystop_treatment_05_25_2026_13_43_41_825916/media/table/FullAggregatedResults_239_3c101184a51582bd58bd.table.json,Final small table from a historical modified-policy comparison; shared separately and never pooled with B0.
MUST_GIT,legacy_treatment_final_tables,/nvme2/user/qyy/SafeVLA_Original/eval/ObjectNavType/v100safevla---专利版本-修复幻觉性早退问题/05_25_2026_13_43_41_825916/wandb/wandb/run-20260525_134342-m8838cep/files/media/table/PerObjectType/ObjectNavType_237_6cb957b24c7c39012de8.table.json,2145,6cb957b24c7c39012de8284ded582eac0bcfb9a2531af3eb135338e910d128de,research/history/evidence-alignment-20260919/legacy_treatments/replica1_earlystop_treatment_05_25_2026_13_43_41_825916/media/table/PerObjectType/ObjectNavType_237_6cb957b24c7c39012de8.table.json,Final small table from a historical modified-policy comparison; shared separately and never pooled with B0.
MUST_GIT,legacy_treatment_final_tables,/nvme2/user/qyy/SafeVLA_Original/eval/ObjectNavType/v100safevla---专利版本-修复幻觉性早退问题/05_25_2026_13_43_41_825916/wandb/wandb/run-20260525_134342-m8838cep/files/media/table/metrics_235_370fc4e4150e23c1949c.table.json,14783,370fc4e4150e23c1949c073fdece5fda5e2ef80de6468f3b8b234d22faedf387,research/history/evidence-alignment-20260919/legacy_treatments/replica1_earlystop_treatment_05_25_2026_13_43_41_825916/media/table/metrics_235_370fc4e4150e23c1949c.table.json,Final small table from a historical modified-policy comparison; shared separately and never pooled with B0.
MUST_GIT,legacy_treatment_final_tables,/nvme2/user/qyy/SafeVLA_Original/eval/ObjectNavType/v100safevla---专利版本-修复幻觉性早退问题/05_25_2026_13_43_41_825916/wandb/wandb/run-20260525_134342-m8838cep/files/media/table/DataStat/ObjectNavType/broad_synset_to_object_ids_1_ee18f400c7332bc37421.table.json,376,ee18f400c7332bc3742140bca5f1b4f77f6a83e5394983cf6d21e3d2d2088378,research/history/evidence-alignment-20260919/full200/media/table/DataStat/ObjectNavType/broad_synset_to_object_ids_1_ee18f400c7332bc37421.table.json,Final small table from a historical modified-policy comparison; shared separately and never pooled with B0.
MUST_GIT,legacy_treatment_final_tables,/nvme2/user/qyy/SafeVLA_Original/eval/ObjectNavType/v100safevla---专利版本-修复幻觉性早退问题/05_25_2026_13_43_41_825916/wandb/wandb/run-20260525_134342-m8838cep/files/media/table/VideoTable/ObjectNavType_236_af551785d4ae638fb119.table.json,130052,af551785d4ae638fb119afdfbd5a9b9ff20b8ae161f0e0da9af888981167d6c2,research/history/evidence-alignment-20260919/legacy_treatments/replica1_earlystop_treatment_05_25_2026_13_43_41_825916/media/table/VideoTable/ObjectNavType_236_af551785d4ae638fb119.table.json,Final small table from a historical modified-policy comparison; shared separately and never pooled with B0.
MUST_GIT,legacy_treatment_final_tables,/home/amax/public/users/qyy/SafeVLA_Original/eval/ObjectNavType/v100safevla---专利版本/05_18_2026_16_34_11_021932/wandb/wandb/run-20260518_163411-4mp81zi3/files/wandb-summary.json,5023,f54e58787790c7d53160c0b7724e8dc6de0f4eae46ef797a082009a2f7d707e2,research/history/evidence-alignment-20260919/legacy_treatments/replica1_original_treatment_05_18_2026_16_34_11_021932/wandb-summary.json,Final small table from a historical modified-policy comparison; shared separately and never pooled with B0.
MUST_GIT,legacy_treatment_final_tables,/home/amax/public/users/qyy/SafeVLA_Original/eval/ObjectNavType/v100safevla---专利版本/05_18_2026_16_34_11_021932/wandb/wandb/run-20260518_163411-4mp81zi3/files/media/table/VideoTable/ObjectNavType_238_9d55e7cff4c844350ea3.table.json,108046,9d55e7cff4c844350ea33b2cca6ce8bb837eee606cfe4af7c1023881f00a4742,research/history/evidence-alignment-20260919/legacy_treatments/replica1_original_treatment_05_18_2026_16_34_11_021932/media/table/VideoTable/ObjectNavType_238_9d55e7cff4c844350ea3.table.json,Final small table from a historical modified-policy comparison; shared separately and never pooled with B0.
MUST_GIT,legacy_treatment_final_tables,/home/amax/public/users/qyy/SafeVLA_Original/eval/ObjectNavType/v100safevla---专利版本/05_18_2026_16_34_11_021932/wandb/wandb/run-20260518_163411-4mp81zi3/files/media/table/AggregatedResults/ObjectNavType_240_2b4646aec2598d389a10.table.json,564,2b4646aec2598d389a10bcf54c624fc7e5e7ba8f13995554003567e40b05a90c,research/history/evidence-alignment-20260919/legacy_treatments/replica1_original_treatment_05_18_2026_16_34_11_021932/media/table/AggregatedResults/ObjectNavType_240_2b4646aec2598d389a10.table.json,Final small table from a historical modified-policy comparison; shared separately and never pooled with B0.
MUST_GIT,legacy_treatment_final_tables,/home/amax/public/users/qyy/SafeVLA_Original/eval/ObjectNavType/v100safevla---专利版本/05_18_2026_16_34_11_021932/wandb/wandb/run-20260518_163411-4mp81zi3/files/media/table/DataStat/ObjectNavType/broad_synset_to_object_ids_1_ee18f400c7332bc37421.table.json,376,ee18f400c7332bc3742140bca5f1b4f77f6a83e5394983cf6d21e3d2d2088378,research/history/evidence-alignment-20260919/full200/media/table/DataStat/ObjectNavType/broad_synset_to_object_ids_1_ee18f400c7332bc37421.table.json,Final small table from a historical modified-policy comparison; shared separately and never pooled with B0.
MUST_GIT,legacy_treatment_final_tables,/home/amax/public/users/qyy/SafeVLA_Original/eval/ObjectNavType/v100safevla---专利版本/05_18_2026_16_34_11_021932/wandb/wandb/run-20260518_163411-4mp81zi3/files/media/table/FullAggregatedResults_241_e4836c1367abaa31914c.table.json,611,e4836c1367abaa31914ccfa447f1bca66ca3557582b0a33fd727fb4ea6ea8019,research/history/evidence-alignment-20260919/legacy_treatments/replica1_original_treatment_05_18_2026_16_34_11_021932/media/table/FullAggregatedResults_241_e4836c1367abaa31914c.table.json,Final small table from a historical modified-policy comparison; shared separately and never pooled with B0.
MUST_GIT,legacy_treatment_final_tables,/home/amax/public/users/qyy/SafeVLA_Original/eval/ObjectNavType/v100safevla---专利版本/05_18_2026_16_34_11_021932/wandb/wandb/run-20260518_163411-4mp81zi3/files/media/table/DataStat/ObjectNavType/synsets_0_ee18f400c7332bc37421.table.json,376,ee18f400c7332bc3742140bca5f1b4f77f6a83e5394983cf6d21e3d2d2088378,research/history/evidence-alignment-20260919/full200/media/table/DataStat/ObjectNavType/broad_synset_to_object_ids_1_ee18f400c7332bc37421.table.json,Final small table from a historical modified-policy comparison; shared separately and never pooled with B0.
MUST_GIT,legacy_treatment_final_tables,/home/amax/public/users/qyy/SafeVLA_Original/eval/ObjectNavType/v100safevla---专利版本/05_18_2026_16_34_11_021932/wandb/wandb/run-20260518_163411-4mp81zi3/files/media/table/metrics_237_2e21cc12306483d44f09.table.json,14784,2e21cc12306483d44f09b98f5f1b4c7fd14a6b4bcc64977cc2dcd821d2b279b2,research/history/evidence-alignment-20260919/legacy_treatments/replica1_original_treatment_05_18_2026_16_34_11_021932/media/table/metrics_237_2e21cc12306483d44f09.table.json,Final small table from a historical modified-policy comparison; shared separately and never pooled with B0.
MUST_GIT,legacy_treatment_final_tables,/home/amax/public/users/qyy/SafeVLA_Original/eval/ObjectNavType/v100safevla---专利版本/05_18_2026_16_34_11_021932/wandb/wandb/run-20260518_163411-4mp81zi3/files/media/table/PerObjectType/ObjectNavType_239_4af7d9eeec9d8fa90350.table.json,2092,4af7d9eeec9d8fa9035090febe7b373131a50d37c6d429e72301ea7ead19b16b,research/history/evidence-alignment-20260919/legacy_treatments/replica1_original_treatment_05_18_2026_16_34_11_021932/media/table/PerObjectType/ObjectNavType_239_4af7d9eeec9d8fa90350.table.json,Final small table from a historical modified-policy comparison; shared separately and never pooled with B0.
MUST_GIT,legacy_treatment_final_tables,/home/amax/public/users/qyy/SafeVLA_Original/eval/ObjectNavType/v100safevla---专利版本-修复幻觉性早退问题/05_25_2026_13_43_41_825916/wandb/wandb/run-20260525_134342-m8838cep/files/wandb-summary.json,5024,437572934e0ffcfaeda466543b1aad683b10d8259bb333f8f2e27f01307361fb,research/history/evidence-alignment-20260919/legacy_treatments/replica1_earlystop_treatment_05_25_2026_13_43_41_825916/wandb-summary.json,Final small table from a historical modified-policy comparison; shared separately and never pooled with B0.
MUST_GIT,legacy_treatment_final_tables,/home/amax/public/users/qyy/SafeVLA_Original/eval/ObjectNavType/v100safevla---专利版本-修复幻觉性早退问题/05_25_2026_13_43_41_825916/wandb/wandb/run-20260525_134342-m8838cep/files/media/table/AggregatedResults/ObjectNavType_238_50e9501e5d8a7c8b7df7.table.json,565,50e9501e5d8a7c8b7df706cf872873d4d4d2ac590de6f2ea60de4062152d672f,research/history/evidence-alignment-20260919/legacy_treatments/replica1_earlystop_treatment_05_25_2026_13_43_41_825916/media/table/AggregatedResults/ObjectNavType_238_50e9501e5d8a7c8b7df7.table.json,Final small table from a historical modified-policy comparison; shared separately and never pooled with B0.
MUST_GIT,legacy_treatment_final_tables,/home/amax/public/users/qyy/SafeVLA_Original/eval/ObjectNavType/v100safevla---专利版本-修复幻觉性早退问题/05_25_2026_13_43_41_825916/wandb/wandb/run-20260525_134342-m8838cep/files/media/table/DataStat/ObjectNavType/synsets_0_ee18f400c7332bc37421.table.json,376,ee18f400c7332bc3742140bca5f1b4f77f6a83e5394983cf6d21e3d2d2088378,research/history/evidence-alignment-20260919/full200/media/table/DataStat/ObjectNavType/broad_synset_to_object_ids_1_ee18f400c7332bc37421.table.json,Final small table from a historical modified-policy comparison; shared separately and never pooled with B0.
MUST_GIT,legacy_treatment_final_tables,/home/amax/public/users/qyy/SafeVLA_Original/eval/ObjectNavType/v100safevla---专利版本-修复幻觉性早退问题/05_25_2026_13_43_41_825916/wandb/wandb/run-20260525_134342-m8838cep/files/media/table/FullAggregatedResults_239_3c101184a51582bd58bd.table.json,612,3c101184a51582bd58bd75322b2eb1346d2a6cdd610acc81f65368ad14526cde,research/history/evidence-alignment-20260919/legacy_treatments/replica1_earlystop_treatment_05_25_2026_13_43_41_825916/media/table/FullAggregatedResults_239_3c101184a51582bd58bd.table.json,Final small table from a historical modified-policy comparison; shared separately and never pooled with B0.
MUST_GIT,legacy_treatment_final_tables,/home/amax/public/users/qyy/SafeVLA_Original/eval/ObjectNavType/v100safevla---专利版本-修复幻觉性早退问题/05_25_2026_13_43_41_825916/wandb/wandb/run-20260525_134342-m8838cep/files/media/table/PerObjectType/ObjectNavType_237_6cb957b24c7c39012de8.table.json,2145,6cb957b24c7c39012de8284ded582eac0bcfb9a2531af3eb135338e910d128de,research/history/evidence-alignment-20260919/legacy_treatments/replica1_earlystop_treatment_05_25_2026_13_43_41_825916/media/table/PerObjectType/ObjectNavType_237_6cb957b24c7c39012de8.table.json,Final small table from a historical modified-policy comparison; shared separately and never pooled with B0.
MUST_GIT,legacy_treatment_final_tables,/home/amax/public/users/qyy/SafeVLA_Original/eval/ObjectNavType/v100safevla---专利版本-修复幻觉性早退问题/05_25_2026_13_43_41_825916/wandb/wandb/run-20260525_134342-m8838cep/files/media/table/metrics_235_370fc4e4150e23c1949c.table.json,14783,370fc4e4150e23c1949c073fdece5fda5e2ef80de6468f3b8b234d22faedf387,research/history/evidence-alignment-20260919/legacy_treatments/replica1_earlystop_treatment_05_25_2026_13_43_41_825916/media/table/metrics_235_370fc4e4150e23c1949c.table.json,Final small table from a historical modified-policy comparison; shared separately and never pooled with B0.
MUST_GIT,legacy_treatment_final_tables,/home/amax/public/users/qyy/SafeVLA_Original/eval/ObjectNavType/v100safevla---专利版本-修复幻觉性早退问题/05_25_2026_13_43_41_825916/wandb/wandb/run-20260525_134342-m8838cep/files/media/table/DataStat/ObjectNavType/broad_synset_to_object_ids_1_ee18f400c7332bc37421.table.json,376,ee18f400c7332bc3742140bca5f1b4f77f6a83e5394983cf6d21e3d2d2088378,research/history/evidence-alignment-20260919/full200/media/table/DataStat/ObjectNavType/broad_synset_to_object_ids_1_ee18f400c7332bc37421.table.json,Final small table from a historical modified-policy comparison; shared separately and never pooled with B0.
MUST_GIT,legacy_treatment_final_tables,/home/amax/public/users/qyy/SafeVLA_Original/eval/ObjectNavType/v100safevla---专利版本-修复幻觉性早退问题/05_25_2026_13_43_41_825916/wandb/wandb/run-20260525_134342-m8838cep/files/media/table/VideoTable/ObjectNavType_236_af551785d4ae638fb119.table.json,130052,af551785d4ae638fb119afdfbd5a9b9ff20b8ae161f0e0da9af888981167d6c2,research/history/evidence-alignment-20260919/legacy_treatments/replica1_earlystop_treatment_05_25_2026_13_43_41_825916/media/table/VideoTable/ObjectNavType_236_af551785d4ae638fb119.table.json,Final small table from a historical modified-policy comparison; shared separately and never pooled with B0.
