local_timestep,end_index,hidden_max_abs,hidden_max_rel,logit_max_abs,logit_max_rel,clean_counter_before,clean_counter_after,clean_start_pos,clean_logits,clean_probabilities,clean_policy_end_prob,clean_end_rank,clean_end_vs_best_other_margin,clean_argmax_action,clean_common_rng_sample,carry_counter_before,carry_counter_after,carry_start_pos,carry_logits,carry_probabilities,carry_policy_end_prob,carry_end_rank,carry_end_vs_best_other_margin,carry_argmax_action,carry_common_rng_sample
0,4,0.0,0.0,0.0,0.0,0,1,0,"[-0.554394603,9.4212532,10.7171507,0.905834794,-2.13945389,0.612252891,-0.922642589,-3.06073546,-4.13788557,-2.99854612,-5.92014837,-2.71761584,-5.15835142,-5.85733366,-6.22586298,-3.98524833,-4.00890732,-7.13666821,-5.03264761,-10.7378988]","[9.99393615e-06,0.214835197,0.785066724,4.30433793e-05,2.04811408e-06,3.20926301e-05,6.91525975e-06,8.15166857e-07,2.77617005e-07,8.67470874e-07,4.67110439e-08,1.14884517e-06,1.0006066e-07,4.97392065e-08,3.44072397e-08,3.2339679e-07,3.15835422e-07,1.38385534e-08,1.13463415e-07,3.7765574e-10]",2.048114083663677e-06,7,-12.85660457611084,2,2,300,301,300,"[-0.554394603,9.4212532,10.7171507,0.905834794,-2.13945389,0.612252891,-0.922642589,-3.06073546,-4.13788557,-2.99854612,-5.92014837,-2.71761584,-5.15835142,-5.85733366,-6.22586298,-3.98524833,-4.00890732,-7.13666821,-5.03264761,-10.7378988]","[9.99393615e-06,0.214835197,0.785066724,4.30433793e-05,2.04811408e-06,3.20926301e-05,6.91525975e-06,8.15166857e-07,2.77617005e-07,8.67470874e-07,4.67110439e-08,1.14884517e-06,1.0006066e-07,4.97392065e-08,3.44072397e-08,3.2339679e-07,3.15835422e-07,1.38385534e-08,1.13463415e-07,3.7765574e-10]",2.048114083663677e-06,7,-12.85660457611084,2,2
1,4,0.0,0.0,0.0,0.0,1,2,1,"[2.40632105,3.05492234,16.0728092,-0.337611556,-3.56299257,-2.73284674,0.175492644,-1.19395447,-4.48415184,-4.92201662,-6.06792974,-2.97882652,-6.82160568,-7.22925186,-6.98941135,-4.83083534,-4.33911562,-7.81213045,-4.58381319,-11.4828939]","[1.16069407e-06,2.22025005e-06,0.999996305,7.46522559e-08,2.96673153e-09,6.80464662e-09,1.24704286e-07,3.17057633e-08,1.18092869e-09,7.62187091e-10,2.42324577e-10,5.3208149e-09,1.14046078e-10,7.58650712e-11,9.6427942e-11,8.34950775e-10,1.36525036e-09,4.2354651e-11,1.06891074e-09,1.07822388e-12]",2.9667315271098005e-09,9,-19.635801315307617,2,2,301,302,301,"[2.40632105,3.05492234,16.0728092,-0.337611556,-3.56299257,-2.73284674,0.175492644,-1.19395447,-4.48415184,-4.92201662,-6.06792974,-2.97882652,-6.82160568,-7.22925186,-6.98941135,-4.83083534,-4.33911562,-7.81213045,-4.58381319,-11.4828939]","[1.16069407e-06,2.22025005e-06,0.999996305,7.46522559e-08,2.96673153e-09,6.80464662e-09,1.24704286e-07,3.17057633e-08,1.18092869e-09,7.62187091e-10,2.42324577e-10,5.3208149e-09,1.14046078e-10,7.58650712e-11,9.6427942e-11,8.34950775e-10,1.36525036e-09,4.2354651e-11,1.06891074e-09,1.07822388e-12]",2.9667315271098005e-09,9,-19.635801315307617,2,2
2,4,0.0,0.0,0.0,0.0,2,3,2,"[3.97370863,1.16468656,16.5668507,-3.4972558,-3.45848608,-3.47561121,-0.309624583,-0.345484048,-4.84278584,-6.96212339,-6.03663492,-2.85769701,-6.60980034,-7.73002052,-7.22125053,-5.1979928,-5.08391905,-7.87059832,-4.14952183,-12.8630295]","[3.39520898e-06,2.04608355e-07,0.999996305,1.93316052e-09,2.0095785e-09,1.97545891e-09,4.68423522e-08,4.51923476e-08,5.03397435e-10,6.04636827e-11,1.52556079e-10,3.66458441e-09,8.60016433e-11,2.80544199e-11,4.66613519e-11,3.52896351e-10,3.9553813e-10,2.43752657e-11,1.00691244e-09,1.65486982e-13]",2.009578503603393e-09,7,-20.02533721923828,2,2,302,303,302,"[3.97370863,1.16468656,16.5668507,-3.4972558,-3.45848608,-3.47561121,-0.309624583,-0.345484048,-4.84278584,-6.96212339,-6.03663492,-2.85769701,-6.60980034,-7.73002052,-7.22125053,-5.1979928,-5.08391905,-7.87059832,-4.14952183,-12.8630295]","[3.39520898e-06,2.04608355e-07,0.999996305,1.93316052e-09,2.0095785e-09,1.97545891e-09,4.68423522e-08,4.51923476e-08,5.03397435e-10,6.04636827e-11,1.52556079e-10,3.66458441e-09,8.60016433e-11,2.80544199e-11,4.66613519e-11,3.52896351e-10,3.9553813e-10,2.43752657e-11,1.00691244e-09,1.65486982e-13]",2.009578503603393e-09,7,-20.02533721923828,2,2
3,4,0.0,0.0,0.0,0.0,3,4,3,"[7.47885466,-0.299667388,14.0753908,-3.8630085,-3.79032588,-2.95591712,1.09782708,0.500407159,-7.22940779,-6.65926218,-6.9579463,-3.54780388,-8.44640064,-7.12410593,-8.46608257,-7.67619753,-5.68981171,-10.0723619,-6.28881407,-13.4712248]","[0.00136322167,5.70686097e-07,0.99863261,1.61754929e-08,1.73949957e-08,4.00684961e-08,2.3084549e-06,1.27018006e-06,5.58276703e-10,9.87325111e-10,7.32392202e-10,2.21691554e-08,1.65316733e-10,6.20270391e-10,1.62094477e-10,3.57117891e-10,2.60308153e-09,3.25215167e-11,1.43002676e-09,1.08658221e-12]",1.7394995666109025e-08,8,-17.8657169342041,2,2,303,304,303,"[7.47885466,-0.299667388,14.0753908,-3.8630085,-3.79032588,-2.95591712,1.09782708,0.500407159,-7.22940779,-6.65926218,-6.9579463,-3.54780388,-8.44640064,-7.12410593,-8.46608257,-7.67619753,-5.68981171,-10.0723619,-6.28881407,-13.4712248]","[0.00136322167,5.70686097e-07,0.99863261,1.61754929e-08,1.73949957e-08,4.00684961e-08,2.3084549e-06,1.27018006e-06,5.58276703e-10,9.87325111e-10,7.32392202e-10,2.21691554e-08,1.65316733e-10,6.20270391e-10,1.62094477e-10,3.57117891e-10,2.60308153e-09,3.25215167e-11,1.43002676e-09,1.08658221e-12]",1.7394995666109025e-08,8,-17.8657169342041,2,2
4,4,0.0,0.0,0.0,0.0,4,5,4,"[6.35786438,-1.45392334,15.0571699,-4.47566319,-2.28450513,-2.08063698,1.55454147,0.265012175,-7.06965828,-6.37771511,-6.83847284,-3.68631363,-7.16256905,-6.26704931,-7.17615795,-7.03323507,-5.35133457,-8.69743443,-6.13949919,-12.9401493]","[0.000166673446,6.74916691e-08,0.999831438,3.28794969e-09,2.94125808e-08,3.6063863e-08,1.36713015e-06,3.76507955e-07,2.45678894e-10,4.90765151e-10,3.09578363e-10,7.23993887e-09,2.23880983e-10,5.48196488e-10,2.20858623e-10,2.54792132e-10,1.36970146e-09,4.82428784e-11,6.22772944e-10,6.93179943e-13]",2.94125808153467e-08,7,-17.3416748046875,2,2,304,305,304,"[6.35786438,-1.45392334,15.0571699,-4.47566319,-2.28450513,-2.08063698,1.55454147,0.265012175,-7.06965828,-6.37771511,-6.83847284,-3.68631363,-7.16256905,-6.26704931,-7.17615795,-7.03323507,-5.35133457,-8.69743443,-6.13949919,-12.9401493]","[0.000166673446,6.74916691e-08,0.999831438,3.28794969e-09,2.94125808e-08,3.6063863e-08,1.36713015e-06,3.76507955e-07,2.45678894e-10,4.90765151e-10,3.09578363e-10,7.23993887e-09,2.23880983e-10,5.48196488e-10,2.20858623e-10,2.54792132e-10,1.36970146e-09,4.82428784e-11,6.22772944e-10,6.93179943e-13]",2.94125808153467e-08,7,-17.3416748046875,2,2
5,4,0.0,0.0,0.0,0.0,5,6,5,"[7.49050856,-1.12333524,13.5013685,-4.75293875,-3.78239846,-2.59234333,2.30192637,0.376236767,-7.84389114,-7.81101656,-6.9125452,-4.10408211,-8.36050606,-7.57574129,-7.09864426,-8.14361668,-6.8668251,-8.38266182,-6.80886078,-14.1833229]","[0.00244594109,4.44121014e-07,0.997537732,1.17810668e-08,3.1094558e-08,1.02216042e-07,1.36481403e-05,1.98956036e-06,5.35550493e-10,5.53449342e-10,1.35918699e-09,2.25413377e-08,3.19476001e-10,7.00255687e-10,1.12838427e-09,3.96854827e-10,1.42277046e-09,3.12475629e-10,1.50767743e-09,9.45409983e-13]",3.1094558039512776e-08,7,-17.283767700195312,2,2,305,306,305,"[7.49050856,-1.12333524,13.5013685,-4.75293875,-3.78239846,-2.59234333,2.30192637,0.376236767,-7.84389114,-7.81101656,-6.9125452,-4.10408211,-8.36050606,-7.57574129,-7.09864426,-8.14361668,-6.8668251,-8.38266182,-6.80886078,-14.1833229]","[0.00244594109,4.44121014e-07,0.997537732,1.17810668e-08,3.1094558e-08,1.02216042e-07,1.36481403e-05,1.98956036e-06,5.35550493e-10,5.53449342e-10,1.35918699e-09,2.25413377e-08,3.19476001e-10,7.00255687e-10,1.12838427e-09,3.96854827e-10,1.42277046e-09,3.12475629e-10,1.50767743e-09,9.45409983e-13]",3.1094558039512776e-08,7,-17.283767700195312,2,2
6,4,0.0,0.0,0.0,0.0,6,7,6,"[10.8091803,0.802403688,7.59597301,-4.59072733,-4.09678888,-4.59974766,0.877360344,1.0460397,-9.34369755,-8.91154671,-7.50051546,-4.23153877,-9.53096676,-8.91305351,-8.34411144,-9.31684399,-7.59617758,-9.13076591,-7.94189548,-15.9148884]","[0.961187482,4.33431196e-05,0.0386660621,1.97112158e-07,3.23019066e-07,1.95342054e-07,4.67168429e-05,5.53006212e-05,1.70029579e-09,2.6194229e-09,1.07400933e-08,2.8229735e-07,1.40991741e-09,2.61547894e-09,4.61996175e-09,1.74657e-09,9.76029568e-09,2.10377804e-09,6.90747637e-09,2.38063584e-12]",3.230190657177445e-07,6,-14.905969619750977,0,0,306,307,306,"[10.8091803,0.802403688,7.59597301,-4.59072733,-4.09678888,-4.59974766,0.877360344,1.0460397,-9.34369755,-8.91154671,-7.50051546,-4.23153877,-9.53096676,-8.91305351,-8.34411144,-9.31684399,-7.59617758,-9.13076591,-7.94189548,-15.9148884]","[0.961187482,4.33431196e-05,0.0386660621,1.97112158e-07,3.23019066e-07,1.95342054e-07,4.67168429e-05,5.53006212e-05,1.70029579e-09,2.6194229e-09,1.07400933e-08,2.8229735e-07,1.40991741e-09,2.61547894e-09,4.61996175e-09,1.74657e-09,9.76029568e-09,2.10377804e-09,6.90747637e-09,2.38063584e-12]",3.230190657177445e-07,6,-14.905969619750977,0,0
7,4,0.0,0.0,0.0,0.0,7,8,7,"[10.0904245,4.18627644,6.27830076,-2.33330011,-4.60951471,-3.47198176,0.163734674,-0.241541818,-9.02724457,-8.41847038,-8.57953072,-4.74808407,-9.20281982,-9.78818226,-8.3853035,-8.73891926,-7.174541,-10.1069775,-9.52907276,-15.7910576]","[0.975688994,0.00266178185,0.0215638876,3.92424909e-06,4.02910985e-07,1.25670431e-06,4.76655587e-05,3.17830381e-05,4.85974638e-09,8.93305607e-09,7.60418128e-09,3.50775281e-07,4.07720213e-09,2.27061236e-09,9.23432353e-09,6.48383791e-09,3.09907691e-08,1.65078595e-09,2.94220426e-09,5.61212014e-12]",4.029109845760104e-07,8,-14.699939727783203,0,0,307,308,307,"[10.0904245,4.18627644,6.27830076,-2.33330011,-4.60951471,-3.47198176,0.163734674,-0.241541818,-9.02724457,-8.41847038,-8.57953072,-4.74808407,-9.20281982,-9.78818226,-8.3853035,-8.73891926,-7.174541,-10.1069775,-9.52907276,-15.7910576]","[0.975688994,0.00266178185,0.0215638876,3.92424909e-06,4.02910985e-07,1.25670431e-06,4.76655587e-05,3.17830381e-05,4.85974638e-09,8.93305607e-09,7.60418128e-09,3.50775281e-07,4.07720213e-09,2.27061236e-09,9.23432353e-09,6.48383791e-09,3.09907691e-08,1.65078595e-09,2.94220426e-09,5.61212014e-12]",4.029109845760104e-07,8,-14.699939727783203,0,0
8,4,5.960464477539062e-07,5.817267810925841e-05,9.5367431640625e-07,3.755858131171408e-07,8,9,8,"[8.85411358,3.73294568,6.59124374,-1.54063988,-3.4005127,-2.85441852,0.396744519,-0.748365819,-8.39559555,-7.77432394,-7.47908211,-4.52854061,-8.47470856,-9.18159962,-7.81565619,-8.00000572,-6.52146435,-9.15700531,-8.88656044,-14.8308258]","[0.900620222,0.0053758435,0.0937108323,2.75522852e-05,4.28968224e-06,7.40611904e-06,0.000191228712,6.08468399e-05,2.90460989e-08,5.40633849e-08,7.26315577e-08,1.38844541e-06,2.68367195e-08,1.32352138e-08,5.18743732e-08,4.31410925e-08,1.89240041e-07,1.35647475e-08,1.77772783e-08,4.65910817e-11]",4.2896822378679644e-06,8,-12.254626274108887,0,0,308,309,308,"[8.85411358,3.73294568,6.59124422,-1.54064023,-3.40051222,-2.85441923,0.39674437,-0.748365939,-8.3955965,-7.77432442,-7.47908211,-4.52854061,-8.47470951,-9.18159962,-7.81565666,-8.00000572,-6.52146435,-9.15700531,-8.88656044,-14.8308268]","[0.900620103,0.00537584303,0.0937108696,2.75522816e-05,4.28968542e-06,7.40611858e-06,0.000191228683,6.08467817e-05,2.90460953e-08,5.40633778e-08,7.26315434e-08,1.3884453e-06,2.6836716e-08,1.3235212e-08,5.18743697e-08,4.31410889e-08,1.89240012e-07,1.35647458e-08,1.77772765e-08,4.65910782e-11]",4.289685421099421e-06,8,-12.25462532043457,0,0
9,4,7.152557373046875e-07,7.652426575077698e-05,1.430511474609375e-06,5.131564080329554e-07,9,10,9,"[9.5328455,2.89417624,5.88019323,-1.24824214,-2.95080137,-3.05347013,0.348458946,-1.24136591,-8.52258587,-7.72785997,-7.05468369,-4.83683491,-8.02867317,-8.81012535,-7.49196815,-7.94126749,-6.50933838,-8.58509159,-8.94297218,-15.0127897]","[0.973346293,0.00127388455,0.0252313614,2.0234871e-05,3.68713154e-06,3.32736317e-06,9.98939286e-05,2.03744821e-05,1.40246872e-08,3.10483124e-08,6.08688921e-08,5.59235161e-07,2.29824497e-08,1.05200044e-08,3.93083042e-08,2.5081663e-08,1.0501126e-07,1.31748994e-08,9.21130816e-09,2.12928338e-11]",3.687131538754329e-06,7,-12.483646392822266,0,0,309,310,309,"[9.5328455,2.89417601,5.88019228,-1.24824154,-2.95080066,-3.05346942,0.348459125,-1.24136615,-8.52258492,-7.72785854,-7.05468369,-4.83683395,-8.02867222,-8.8101244,-7.49196768,-7.94126749,-6.50933695,-8.58509064,-8.94297218,-15.0127907]","[0.973346293,0.00127388397,0.0252313372,2.02348874e-05,3.68713154e-06,3.32736317e-06,9.98939286e-05,2.03744821e-05,1.40246872e-08,3.10483728e-08,6.08688921e-08,5.5923573e-07,2.29824941e-08,1.05200249e-08,3.93083823e-08,2.5081663e-08,1.0501126e-07,1.31749234e-08,9.21130816e-09,2.12928338e-11]",3.687131538754329e-06,7,-12.483646392822266,0,0
10,4,1.1920928955078125e-06,4.145916682318784e-05,9.5367431640625e-07,4.174779064669565e-07,10,11,10,"[10.3063097,2.43168449,5.24452686,-0.856639028,-3.00840259,-3.57051516,0.376202792,-1.52670383,-8.66763496,-7.75594568,-7.16607809,-5.12737179,-7.91619825,-8.70250225,-7.33678436,-8.22142124,-6.65269947,-8.54629612,-9.1748724,-15.316411]","[0.993258238,0.000377707736,0.00629155245,1.40946795e-05,1.63891343e-06,9.34187199e-07,4.83583499e-05,7.21190008e-06,5.71192205e-09,1.42142556e-08,2.56389328e-08,1.96924375e-07,1.21095418e-08,5.51620039e-09,2.16154437e-08,8.92421514e-09,4.28407709e-08,6.44879616e-09,3.43947604e-09,7.40039887e-12]",1.638913431634137e-06,7,-13.314712524414062,0,0,310,311,310,"[10.3063097,2.43168473,5.24452686,-0.85663867,-3.00840259,-3.57051492,0.376202941,-1.52670383,-8.66763496,-7.75594568,-7.16607761,-5.12737179,-7.9161973,-8.7025032,-7.33678436,-8.22142124,-6.65269947,-8.54629707,-9.1748724,-15.316411]","[0.993258238,0.000377707736,0.00629155245,1.40946795e-05,1.63891343e-06,9.34187199e-07,4.83583499e-05,7.21190008e-06,5.71192205e-09,1.42142556e-08,2.56389328e-08,1.96924375e-07,1.21095418e-08,5.51620039e-09,2.16154437e-08,8.92421514e-09,4.28407709e-08,6.44879616e-09,3.43947604e-09,7.40039887e-12]",1.638913431634137e-06,7,-13.314712524414062,0,0
11,4,7.152557373046875e-07,2.229124220320955e-05,1.9073486328125e-06,6.251916602195706e-07,11,12,11,"[11.6929884,2.08256602,4.27290058,-0.805877447,-3.17245746,-4.29221964,0.286014587,-1.86307192,-9.20418358,-7.97443008,-7.49488974,-5.29661083,-8.32929707,-8.73477268,-7.34227848,-8.99399853,-6.76451588,-8.8956089,-9.49985409,-15.8847733]","[0.999317646,6.6980785e-05,0.000598687737,3.72833529e-06,3.49721518e-07,1.14134181e-07,1.11100953e-05,1.29533214e-06,8.39803116e-10,2.87244561e-09,4.63995953e-09,4.18036628e-08,2.01435246e-09,1.34288758e-09,5.40495648e-09,1.03623743e-09,9.63188551e-09,1.14337795e-09,6.24840235e-10,1.05398264e-12]",3.4972151752299396e-07,7,-14.865446090698242,0,0,311,312,311,"[11.6929884,2.08256602,4.27290106,-0.805877924,-3.17245746,-4.29221916,0.286014766,-1.86307168,-9.20418167,-7.97443008,-7.49488926,-5.29661131,-8.32929707,-8.73477268,-7.34227848,-8.99399853,-6.76451588,-8.8956089,-9.49985409,-15.8847742]","[0.999317646,6.6980785e-05,0.000598688028,3.72833529e-06,3.49721518e-07,1.14134281e-07,1.11100953e-05,1.29533339e-06,8.39803116e-10,2.87244561e-09,4.63995953e-09,4.18036628e-08,2.01435246e-09,1.34288758e-09,5.40495648e-09,1.03623743e-09,9.63188551e-09,1.14337795e-09,6.24840235e-10,1.05398264e-12]",3.4972151752299396e-07,7,-14.865446090698242,0,0
12,4,1.9073486328125e-06,4.189008177490905e-05,1.9073486328125e-06,2.1954041073968256e-07,12,13,12,"[12.7637215,1.25820053,2.81739664,-1.11618102,-3.04655385,-4.58090782,0.459366292,-1.50681162,-9.40366173,-8.03103638,-7.45825243,-5.30399513,-8.59998322,-8.6879158,-7.23153687,-9.49767494,-6.71562958,-8.9282465,-9.35202217,-15.9846134]","[0.999935746,1.00736734e-05,4.79003102e-05,9.37576885e-07,1.36036945e-07,2.93289233e-08,4.53167104e-06,6.3439262e-07,2.35939546e-10,9.30943822e-10,1.65074743e-09,1.42319134e-08,5.270272e-10,4.82663409e-10,2.07081707e-09,2.14768869e-10,3.46894513e-09,3.79551307e-10,2.48443432e-10,3.2713708e-13]",1.3603694526409527e-07,7,-15.810275077819824,0,0,312,313,312,"[12.7637205,1.25820076,2.81739664,-1.1161809,-3.04655337,-4.58090782,0.459366232,-1.50681162,-9.40366173,-8.03103542,-7.45825195,-5.30399418,-8.59998226,-8.68791389,-7.23153639,-9.49767399,-6.71562958,-8.92824554,-9.35202217,-15.9846134]","[0.999935746,1.00736834e-05,4.79003102e-05,9.37578648e-07,1.36037073e-07,2.93289233e-08,4.53167559e-06,6.34393814e-07,2.35939546e-10,9.3094743e-10,1.65074743e-09,1.42319134e-08,5.27029198e-10,4.82665241e-10,2.07081707e-09,2.14768869e-10,3.46894513e-09,3.79551307e-10,2.48443432e-10,3.2713708e-13]",1.360370731617877e-07,7,-15.810274124145508,0,0
13,4,9.5367431640625e-07,0.00013996157213114202,9.5367431640625e-07,6.501129519165261e-07,13,14,13,"[13.2047729,0.733468175,1.75678003,-1.50461018,-3.01860762,-4.85200596,0.674122274,-0.864077866,-9.35152054,-8.19006634,-7.50227976,-5.19470978,-8.65135479,-8.70462608,-7.15503597,-9.67323017,-6.63949966,-8.94047642,-8.96654892,-15.9454937]","[0.999980569,3.83506449e-06,1.06706584e-05,4.09060618e-07,9.00050168e-08,1.43890633e-08,3.61409002e-06,7.7618887e-07,1.59925517e-10,5.10893605e-10,1.01632602e-09,1.02140447e-08,3.22103538e-10,3.0539396e-10,1.43826351e-09,1.15931507e-10,2.40842701e-09,2.41230563e-10,2.35022168e-10,2.18872717e-13]",9.00050167729205e-08,7,-16.22338104248047,0,0,313,314,313,"[13.2047739,0.733467698,1.75678015,-1.50461006,-3.01860785,-4.85200596,0.674121857,-0.864077747,-9.35152149,-8.19006634,-7.50227928,-5.19470978,-8.65135479,-8.70462608,-7.15503597,-9.67323017,-6.63950062,-8.94047642,-8.96654797,-15.9454937]","[0.999980569,3.83506085e-06,1.06706493e-05,4.09060249e-07,9.00050168e-08,1.43890357e-08,3.61408638e-06,7.76188188e-07,1.59925212e-10,5.10893605e-10,1.01632402e-09,1.02140447e-08,3.22103538e-10,3.05393377e-10,1.43826351e-09,1.15931285e-10,2.40842235e-09,2.41230119e-10,2.35022168e-10,2.18872297e-13]",9.00050167729205e-08,7,-16.22338104248047,0,0
14,4,9.5367431640625e-07,0.0001239578559761867,1.1920928955078125e-06,1.7891251218316029e-06,14,15,14,"[14.0729227,-0.311573684,0.199889809,-1.81117916,-3.10000896,-4.95885372,0.699458003,-0.421819478,-9.25682831,-8.21149731,-7.45770216,-5.10198545,-8.36486721,-8.33136082,-6.72446728,-9.57297325,-6.69991255,-8.77686596,-8.7158165,-15.8868084]","[0.999996305,5.66097015e-07,9.44097621e-07,1.26363204e-07,3.48248257e-08,5.42753886e-09,1.55588157e-06,5.07004415e-07,7.37932632e-11,2.09892909e-10,4.46033044e-10,4.70372363e-09,1.80048726e-10,1.86183707e-10,9.28552957e-10,5.37917696e-11,9.51635992e-10,1.1925079e-10,1.26757924e-10,9.74208913e-14]",3.482482568983869e-08,7,-17.172931671142578,0,0,314,315,314,"[14.0729227,-0.311573416,0.199889451,-1.81117857,-3.10001016,-4.95885372,0.699457765,-0.421819419,-9.25682831,-8.21149731,-7.45770216,-5.10198498,-8.36486721,-8.33136082,-6.72446775,-9.57297325,-6.69991302,-8.77686596,-8.71581745,-15.8868084]","[0.999996305,5.66097583e-07,9.44096769e-07,1.26363318e-07,3.48247582e-08,5.42753886e-09,1.55588157e-06,5.07004415e-07,7.37932632e-11,2.09892909e-10,4.46033044e-10,4.70372363e-09,1.80048726e-10,1.86183707e-10,9.28552957e-10,5.37917696e-11,9.51635992e-10,1.1925079e-10,1.26757674e-10,9.74208913e-14]",3.482475818827879e-08,7,-17.17293357849121,0,0
15,4,9.5367431640625e-07,0.0001426703092874959,1.430511474609375e-06,7.172165510382911e-07,15,16,15,"[14.4551001,-1.15901315,-0.522346556,-1.99453211,-3.52583766,-5.19508839,0.970866323,-0.167930588,-9.02487183,-8.10505486,-7.29660988,-4.83018494,-8.09045696,-7.88640881,-6.41883421,-9.52540112,-6.90623188,-8.74211597,-8.38442612,-15.7382488]","[0.999997616,1.65529684e-07,3.12879109e-07,7.17817841e-08,1.55230406e-08,2.92435809e-09,1.39274175e-06,4.45961604e-07,6.35005035e-11,1.59311744e-10,3.57561647e-10,4.21217594e-09,1.61654551e-10,1.98246239e-10,8.60131188e-10,3.84945895e-11,5.28311894e-10,8.42511963e-11,1.20481167e-10,7.71247486e-14]",1.5523040630682772e-08,7,-17.980937957763672,0,0,315,316,315,"[14.4551001,-1.15901315,-0.522346377,-1.99453068,-3.52583814,-5.19508839,0.970866203,-0.167930707,-9.02487183,-8.10505486,-7.29660988,-4.83018494,-8.09045792,-7.88640881,-6.41883421,-9.52540112,-6.90623188,-8.74211597,-8.38442707,-15.7382488]","[0.999997616,1.65529684e-07,3.12879109e-07,7.17819262e-08,1.55230406e-08,2.92435809e-09,1.39274175e-06,4.45961604e-07,6.35005035e-11,1.59311744e-10,3.57561647e-10,4.21217594e-09,1.61654551e-10,1.98246239e-10,8.60131188e-10,3.84945895e-11,5.28311894e-10,8.42511963e-11,1.20480931e-10,7.71247486e-14]",1.5523040630682772e-08,7,-17.980937957763672,0,0
16,4,9.5367431640625e-07,0.0003381622664164752,2.86102294921875e-06,1.3942370742370258e-06,16,17,16,"[15.0138159,-1.6044482,-1.04622841,-2.81623602,-4.15878105,-5.79460621,1.20589674,0.235128984,-9.21514988,-8.55747795,-7.00276566,-4.63265133,-8.0863905,-7.77309656,-6.53396702,-9.58667469,-7.44525814,-8.91953182,-8.10202122,-16.1454926]","[0.99999845,6.06428117e-08,1.05976689e-07,1.80512121e-08,4.71461137e-09,9.18367327e-10,1.00761827e-06,3.81678177e-07,3.00257076e-11,5.79583534e-11,2.74359424e-10,2.93526314e-09,9.28340183e-11,1.26989794e-10,4.38446002e-10,2.07081852e-11,1.76257411e-10,4.03532485e-11,9.13942463e-11,2.9355133e-14]",4.714611367973021e-09,7,-19.172595977783203,0,0,316,317,316,"[15.013813,-1.60444844,-1.04622853,-2.81623483,-4.15878105,-5.79460621,1.20589697,0.235129312,-9.21514893,-8.557477,-7.0027647,-4.63265038,-8.0863905,-7.77309656,-6.53396654,-9.58667564,-7.44525766,-8.91953182,-8.10202122,-16.1454906]","[0.99999845,6.06429253e-08,1.05977087e-07,1.80512814e-08,4.71462913e-09,9.18369047e-10,1.00762225e-06,3.81679257e-07,3.00258221e-11,5.79585754e-11,2.74360479e-10,2.93527469e-09,9.28343791e-11,1.26990279e-10,4.38447723e-10,2.07082251e-11,1.76258078e-10,4.03534012e-11,9.13944198e-11,2.93552448e-14]",4.714629131541415e-09,7,-19.17259407043457,0,0
17,4,7.152557373046875e-07,8.05574600235559e-05,1.9073486328125e-06,1.2632209518415038e-06,17,18,17,"[14.1366444,1.95392764,-0.377477229,-3.96015811,-5.59870815,-6.96087933,0.879006624,0.517089605,-9.55332756,-10.2147856,-7.2027216,-4.86814785,-9.25777435,-9.30576515,-7.9638586,-9.9518528,-9.02893639,-9.66963005,-9.01522255,-18.1373806]","[0.999991417,5.11811186e-06,4.9727106e-07,1.3824681e-08,2.68560418e-09,6.87794266e-10,1.74693707e-06,1.21646303e-06,5.14721321e-11,2.65647088e-11,5.40041289e-10,5.57596813e-09,6.91717031e-11,6.59306151e-11,2.52272675e-10,3.45537279e-11,8.69585653e-11,4.58207985e-11,8.81593201e-11,9.62864787e-15]",2.6856041834832922e-09,8,-19.7353515625,0,0,317,318,317,"[14.1366434,1.95392728,-0.377476752,-3.96015835,-5.59870815,-6.96087885,0.879006386,0.517089963,-9.55332565,-10.2147856,-7.2027216,-4.86814785,-9.2577734,-9.3057642,-7.9638586,-9.95185184,-9.02893543,-9.66963005,-9.01522255,-18.1373806]","[0.999991417,5.11811186e-06,4.97272026e-07,1.3824681e-08,2.68560418e-09,6.87794266e-10,1.74693866e-06,1.21646406e-06,5.14723333e-11,2.65647088e-11,5.40041289e-10,5.57596813e-09,6.91719737e-11,6.59306151e-11,2.52272675e-10,3.45537279e-11,8.69585653e-11,4.58207985e-11,8.81593201e-11,9.62864787e-15]",2.6856041834832922e-09,8,-19.7353515625,0,0
18,4,9.5367431640625e-07,0.0006108792731538415,1.9073486328125e-06,2.937323699825356e-07,18,19,18,"[9.38245773,9.67201805,3.21479988,-4.23204517,-7.2283144,-7.89389706,-1.62337279,-1.24778903,-8.24505901,-11.7948027,-7.41042852,-4.93059492,-9.2301836,-12.0052443,-8.66641808,-8.40090847,-8.84819126,-8.56984806,-9.29619122,-19.4265575]","[0.427719831,0.571365297,0.000896560668,5.22944902e-07,2.61331863e-08,1.34318014e-08,7.1021168e-06,1.03395532e-05,9.45423828e-09,2.71639239e-10,2.17821814e-08,2.60063501e-07,3.53013729e-09,2.2008928e-10,6.2034351e-09,8.0898781e-09,5.17235987e-09,6.83237422e-09,3.30465144e-09,1.31693105e-13]",2.613318628164052e-08,8,-16.900333404541016,1,1,318,319,318,"[9.38245678,9.6720171,3.21479988,-4.23204517,-7.2283144,-7.89389706,-1.62337232,-1.24778903,-8.24505806,-11.7948008,-7.41042757,-4.93059444,-9.2301836,-12.0052433,-8.66641712,-8.40090847,-8.84819031,-8.56984806,-9.29619026,-19.4265556]","[0.427719831,0.571365297,0.000896561425,5.22945413e-07,2.61332342e-08,1.34318014e-08,7.10213044e-06,1.03395623e-05,9.45423828e-09,2.71639766e-10,2.17822222e-08,2.60063985e-07,3.53014373e-09,2.2008928e-10,6.20344665e-09,8.0898781e-09,5.17237986e-09,6.83238754e-09,3.30465144e-09,1.31693593e-13]",2.6133234243275183e-08,8,-16.900331497192383,1,1
19,4,1.0132789611816406e-06,0.0001161909312941134,1.9073486328125e-06,2.561730525485473e-07,19,20,19,"[6.02490759,9.23358345,10.8991623,-5.10394859,-5.5841608,-5.56671333,-1.66368425,-3.27677655,-7.41004467,-11.2443409,-6.79992819,-2.96731281,-9.11550426,-12.4016781,-8.85649586,-7.32963896,-6.7130208,-8.50921249,-6.5696373,-17.4553509]","[0.006384735,0.157998547,0.835612297,9.37436937e-08,5.79946757e-08,5.90154734e-08,2.9243547e-06,5.82737414e-07,9.34152222e-09,2.01931249e-10,1.71944095e-08,7.94092671e-07,1.69725067e-09,6.34714503e-11,2.19902985e-09,1.01236424e-08,1.87556051e-08,3.11210857e-09,2.16471907e-08,4.05318303e-13]",5.799467572842332e-08,9,-16.483322143554688,2,2,319,320,319,"[6.02490616,9.2335844,10.8991613,-5.10394764,-5.58416224,-5.56671333,-1.66368437,-3.27677655,-7.41004324,-11.2443399,-6.79992676,-2.96731329,-9.11550426,-12.4016781,-8.85649586,-7.329638,-6.7130208,-8.50921154,-6.56963682,-17.455349]","[0.00638472987,0.1579988,0.835611999,9.374385e-08,5.79947717e-08,5.90155693e-08,2.92435379e-06,5.82737812e-07,9.34153732e-09,2.01931583e-10,1.71944379e-08,7.94092443e-07,1.69725334e-09,6.34715544e-11,2.19903318e-09,1.01236788e-08,1.8755598e-08,3.11211967e-09,2.16471854e-08,4.05318953e-13]",5.7994771651692645e-08,9,-16.48332405090332,2,2
20,4,1.6689300537109375e-06,0.00018596742302179337,1.9073486328125e-06,8.781138376434683e-07,20,21,20,"[10.2750902,9.00090694,4.74653292,-5.12289333,-7.93123341,-6.49756336,-1.49331689,0.530933917,-11.1085072,-11.6278429,-7.9467411,-4.29266357,-10.9729776,-12.7342815,-9.9567337,-10.4913006,-6.22546005,-10.4414644,-8.98647785,-19.8084011]","[0.778999329,0.217854381,0.00309396326,1.6005815e-07,9.65228963e-09,4.04823162e-08,6.03368835e-06,4.56776725e-05,4.02492956e-10,2.39449127e-10,9.50376933e-09,3.67148687e-07,4.60911559e-10,7.91942206e-11,1.27340927e-09,7.46118389e-10,5.31422018e-08,7.84243392e-10,3.3600327e-09,6.70567321e-14]",9.652289634232147e-09,10,-18.206323623657227,0,1,320,321,320,"[10.2750893,9.00090599,4.74653482,-5.12289286,-7.93123198,-6.49756384,-1.49331558,0.530933499,-11.1085072,-11.6278419,-7.94674158,-4.29266167,-10.9729776,-12.7342825,-9.9567337,-10.4913015,-6.22546053,-10.4414654,-8.98647785,-19.8084011]","[0.778999329,0.217854381,0.00309397187,1.60058292e-07,9.65232694e-09,4.04824725e-08,6.03369972e-06,4.56776725e-05,4.02492956e-10,2.39450043e-10,9.50376933e-09,3.67149738e-07,4.60913308e-10,7.91942206e-11,1.27340927e-09,7.46118389e-10,5.31422018e-08,7.84243392e-10,3.3600458e-09,6.70567321e-14]",9.652326937725775e-09,10,-18.206321716308594,0,1
21,4,1.430511474609375e-06,7.409431418636814e-05,2.86102294921875e-06,9.338130553260271e-07,21,22,21,"[11.8814125,9.25713921,1.53190351,-4.26400614,-8.16242981,-7.28166246,0.203362882,-1.11560714,-11.4981136,-10.8768196,-8.00716019,-3.15429831,-10.2734652,-12.2205334,-10.5049829,-11.3490896,-7.84982443,-10.4135923,-10.1945829,-18.2538662]","[0.932369947,0.0675897524,2.9843759e-05,9.07238373e-08,1.83932369e-09,4.43783144e-09,7.90452123e-06,2.11375345e-06,6.5462101e-11,1.21846672e-10,2.14828e-09,2.75208748e-07,2.2276532e-10,3.17868128e-11,1.76726092e-10,7.59816932e-11,2.51432586e-09,1.9363787e-10,2.41048737e-10,7.62085843e-14]",1.8393236933533785e-09,11,-20.043842315673828,0,0,321,322,321,"[11.8814096,9.25714111,1.53190494,-4.26400471,-8.16242981,-7.28166199,0.203362733,-1.11560702,-11.4981117,-10.8768196,-8.00716019,-3.15429854,-10.2734652,-12.2205334,-10.5049829,-11.3490896,-7.84982395,-10.4135923,-10.1945829,-18.2538681]","[0.932369649,0.0675900504,2.98438918e-05,9.07244981e-08,1.83933013e-09,4.43784653e-09,7.90454123e-06,2.11375868e-06,6.54623231e-11,1.21847088e-10,2.14828733e-09,2.75209175e-07,2.22766097e-10,3.17868024e-11,1.76726703e-10,7.59819638e-11,2.51433474e-09,1.93638536e-10,2.41049569e-10,7.62085572e-14]",1.8393301326469214e-09,11,-20.043838500976562,0,0
22,4,1.1920928955078125e-06,4.7287860070355237e-05,1.9073486328125e-06,5.400547706813086e-07,22,23,22,"[12.0495186,7.94926977,3.66588473,-4.25643539,-7.67618942,-6.56003046,1.10367775,-0.967295647,-11.5970421,-10.9991341,-9.49122524,-4.18708611,-10.284853,-12.5034695,-10.8277407,-11.0509386,-8.80004883,-11.5162153,-10.5291348,-18.6860886]","[0.983461022,0.0162945259,0.000224797419,8.150257e-08,2.66680367e-09,8.14201861e-09,1.73395929e-05,2.18588116e-06,5.28672002e-11,9.61290214e-11,4.34240727e-10,8.73554811e-08,1.96364813e-10,2.13565329e-11,1.1410118e-10,9.12759798e-11,8.66772376e-10,5.73176784e-11,1.53806065e-10,4.41014209e-14]",2.66680366678429e-09,9,-19.7257080078125,0,0,322,323,322,"[12.0495186,7.94926977,3.66588378,-4.25643539,-7.67618942,-6.56003046,1.10367835,-0.967295766,-11.5970421,-10.9991341,-9.49122524,-4.18708515,-10.284853,-12.5034676,-10.8277416,-11.0509386,-8.80004787,-11.5162144,-10.5291348,-18.6860867]","[0.983461022,0.0162945259,0.000224797215,8.150257e-08,2.66680367e-09,8.14201861e-09,1.73396093e-05,2.18588116e-06,5.28672002e-11,9.61290214e-11,4.34240727e-10,8.73554811e-08,1.96364813e-10,2.13565329e-11,1.1410118e-10,9.12759798e-11,8.66772376e-10,5.7317897e-11,1.53806065e-10,4.41015869e-14]",2.66680366678429e-09,9,-19.7257080078125,0,0
23,4,1.430511474609375e-06,0.00013061461504548788,1.9073486328125e-06,4.3948498387180734e-06,23,24,23,"[11.2958403,7.17808676,4.5645895,-3.71932817,-7.39656401,-5.44302368,0.847593844,-0.122061461,-10.8980484,-10.6470814,-9.91204166,-4.81110239,-10.0922756,-12.3474636,-10.3248873,-9.9193964,-8.71937752,-11.503541,-10.2702799,-18.7538567]","[0.982787013,0.0160008036,0.00117250404,2.96111125e-07,7.48947837e-09,5.28279251e-08,2.84999314e-05,1.08075583e-05,2.25827315e-10,2.90247992e-10,6.05331563e-10,9.93808982e-08,5.05496589e-10,5.30032615e-11,4.00586925e-10,6.00895833e-10,1.9950801e-09,1.23257682e-10,4.2307019e-10,8.75068925e-14]",7.489478370814595e-09,9,-18.69240379333496,0,0,323,324,323,"[11.2958384,7.17808819,4.56459141,-3.7193265,-7.39656353,-5.44302368,0.847593844,-0.122061998,-10.8980484,-10.6470804,-9.91204166,-4.81110191,-10.0922756,-12.3474646,-10.3248882,-9.9193964,-8.71937656,-11.503541,-10.2702799,-18.7538548]","[0.982786894,0.0160008539,0.00117250846,2.96112233e-07,7.48949258e-09,5.28280211e-08,2.84999824e-05,1.08075774e-05,2.25827704e-10,2.9024963e-10,6.05333783e-10,9.93810758e-08,5.05497533e-10,5.30033552e-11,4.00586869e-10,6.00898054e-10,1.99509143e-09,1.23258126e-10,4.23071744e-10,8.75070483e-14]",7.48949258166931e-09,9,-18.692401885986328,0,0
24,4,9.5367431640625e-07,2.8613612812478095e-05,1.9073486328125e-06,8.54603854349989e-07,24,25,24,"[9.22852802,10.4791145,2.40760684,-1.67506886,-6.81920719,-4.94492865,-0.767198861,-0.476612687,-10.2041979,-9.38132763,-9.278368,-3.64159536,-9.54891109,-12.0272741,-10.0472422,-8.73229504,-8.02026176,-10.8238506,-9.26026344,-17.0001984]","[0.222538233,0.777190447,0.000242726019,4.09291442e-06,2.38759874e-08,1.55578789e-07,1.01464875e-05,1.35679866e-05,8.08869693e-10,1.84182103e-09,2.04155848e-09,5.72770773e-07,1.55763913e-09,1.30655417e-10,9.46332124e-10,3.52467211e-09,7.18373672e-09,4.3527848e-10,2.07885642e-09,9.04510299e-13]",2.3875987409383015e-08,9,-17.298320770263672,1,1,324,325,324,"[9.22852802,10.4791155,2.40760827,-1.67506874,-6.81920624,-4.94493008,-0.767198205,-0.476612657,-10.2041979,-9.38132954,-9.2783699,-3.64159632,-9.54891205,-12.0272751,-10.0472431,-8.73229599,-8.02026367,-10.8238506,-9.2602644,-17.0001984]","[0.222538054,0.777190566,0.000242726062,4.09291124e-06,2.38759927e-08,1.55578519e-07,1.01464793e-05,1.35679766e-05,8.0886986e-10,1.84181426e-09,2.04155093e-09,5.72769807e-07,1.55763358e-09,1.30654945e-10,9.46332235e-10,3.52465901e-09,7.18371052e-09,4.35278563e-10,2.07885287e-09,9.04508673e-13]",2.3875992738453533e-08,9,-17.298320770263672,1,1
25,4,1.1920928955078125e-06,1.0070708412968088e-05,1.9073486328125e-06,1.980416897140458e-07,25,26,25,"[5.51524353,11.7114506,3.68626094,0.0137061775,-3.18040204,-5.70982552,1.42034423,-2.40776157,-8.08566761,-7.51278448,-7.64299917,-2.81041765,-9.61420345,-11.1056385,-9.00835228,-8.0538578,-6.06365919,-9.51686478,-7.97809935,-13.9466429]","[0.002032249,0.997597635,0.0003263322,8.29257806e-06,3.40021273e-07,2.71013771e-08,3.38520331e-05,7.36307982e-07,2.51870125e-09,4.46658932e-09,3.92124955e-09,4.92253037e-07,5.46186707e-10,1.22919147e-10,1.00105824e-09,2.60010591e-09,1.90249327e-08,6.02025874e-10,2.80473844e-09,7.17441688e-12]",3.4002127335952537e-07,8,-14.891852378845215,1,1,325,326,325,"[5.51524448,11.7114506,3.68626046,0.0137061775,-3.18040204,-5.70982504,1.420344,-2.4077611,-8.08566856,-7.51278353,-7.64300013,-2.81041765,-9.61420345,-11.1056385,-9.00835228,-8.05385876,-6.06365871,-9.51686573,-7.9781003,-13.9466448]","[0.00203225086,0.997597635,0.000326331909,8.29257806e-06,3.40021273e-07,2.71013771e-08,3.38520331e-05,7.36308664e-07,2.51869636e-09,4.46659776e-09,3.92124955e-09,4.92253037e-07,5.46186707e-10,1.22919147e-10,1.00105824e-09,2.60010102e-09,1.90249327e-08,6.02025874e-10,2.80473844e-09,7.17441688e-12]",3.4002127335952537e-07,8,-14.891852378845215,1,1
26,4,1.1920928955078125e-06,2.824430885084439e-05,1.9073486328125e-06,9.90715307125356e-07,26,27,26,"[9.90902424,7.65662909,3.48753691,-2.01939821,-1.69684482,-6.22649002,1.73605502,-0.721958935,-9.84844875,-8.69617081,-8.97824478,-5.97714424,-10.3343363,-11.3060741,-9.72712803,-10.2539968,-6.98778582,-11.0746698,-10.4954004,-15.2705393]","[0.903264344,0.0949756056,0.00146892085,5.96165228e-06,8.23094797e-06,8.87666189e-08,0.000254882267,2.18191326e-05,2.37275755e-09,7.5107085e-09,5.66471092e-09,1.13904157e-07,1.45960422e-09,5.52350943e-10,2.67881251e-09,1.58170721e-09,4.14594297e-08,6.96165237e-10,1.24246979e-09,1.04826096e-11]",8.230947969423141e-06,6,-11.60586929321289,0,0,326,327,326,"[9.90902424,7.65662909,3.48753691,-2.0193975,-1.69684529,-6.22649002,1.73605502,-0.72195822,-9.8484478,-8.69617081,-8.97824478,-5.97714376,-10.3343372,-11.3060732,-9.72712803,-10.2539949,-6.98778629,-11.0746679,-10.4954004,-15.2705393]","[0.903264344,0.0949756056,0.00146892085,5.96165773e-06,8.23094797e-06,8.87666189e-08,0.000254882267,2.18191526e-05,2.37276221e-09,7.5107085e-09,5.66471092e-09,1.13904271e-07,1.45960422e-09,5.52350943e-10,2.67881251e-09,1.58171021e-09,4.14594297e-08,6.96166569e-10,1.24246979e-09,1.04826096e-11]",8.230947969423141e-06,6,-11.60586929321289,0,0
27,4,7.748603820800781e-07,0.0011543423170223832,9.5367431640625e-07,1.5833222732908325e-06,27,28,27,"[10.1174593,2.8478086,5.78112364,-0.522475183,-3.62664342,-2.71602964,1.96387708,-0.225871816,-8.39820004,-7.27062654,-8.04045868,-5.21870708,-9.7444067,-8.80614281,-9.19654465,-9.4639616,-6.16412592,-10.3790998,-8.60776234,-13.9619045]","[0.98606813,0.000686653832,0.0129020968,2.360707e-05,1.05905633e-06,2.6326511e-06,0.000283694564,3.17581507e-05,8.96722963e-09,2.76922218e-08,1.28240076e-08,2.15523428e-07,2.33350161e-09,5.96335337e-09,4.03591471e-09,3.08890025e-09,8.37344416e-08,1.23698496e-09,7.2718902e-09,3.438521e-11]",1.059056330632302e-06,8,-13.744102478027344,0,0,327,328,327,"[10.1174603,2.84780812,5.78112316,-0.522474647,-3.62664342,-2.71602869,1.96387708,-0.225871459,-8.39820004,-7.27062559,-8.04045868,-5.21870708,-9.74440575,-8.80614185,-9.1965456,-9.46396065,-6.16412497,-10.3790998,-8.60776329,-13.9619036]","[0.98606813,0.000686652609,0.0129020782,2.360707e-05,1.05905542e-06,2.6326511e-06,0.000283694273,3.17581507e-05,8.96722963e-09,2.76922218e-08,1.28240076e-08,2.15523229e-07,2.33350161e-09,5.96335337e-09,4.03589961e-09,3.08890025e-09,8.37344416e-08,1.23698496e-09,7.27186267e-09,3.438521e-11]",1.0590554211376002e-06,8,-13.74410343170166,0,0
28,4,1.430511474609375e-06,3.147945972159505e-05,1.9073486328125e-06,9.853403071247158e-07,28,29,28,"[10.1562433,1.72304213,6.84058762,-0.952606559,-3.25133824,-3.02857399,2.20932388,-0.786388636,-8.49956799,-7.66805935,-8.39830208,-5.02264309,-9.00310326,-8.88756752,-8.3509264,-8.87341022,-5.57918596,-10.2310133,-8.9056673,-14.5894461]","[0.964396358,0.000209779479,0.0350174569,1.44458636e-05,1.45016361e-06,1.81201665e-06,0.000341155421,1.70581134e-05,7.62324159e-09,1.75089152e-08,8.43566461e-09,2.46688529e-07,4.60741711e-09,5.17170839e-09,8.84491946e-09,5.24544141e-09,1.41398658e-07,1.34952982e-09,5.0789386e-09,1.72718645e-11]",1.450163608751609e-06,8,-13.407581329345703,0,0,328,329,328,"[10.1562452,1.72304165,6.84058762,-0.952607274,-3.25133824,-3.02857399,2.20932436,-0.78638941,-8.49956894,-7.66805983,-8.39830303,-5.02264404,-9.00310421,-8.88756847,-8.35092831,-8.87341213,-5.57918596,-10.2310143,-8.90566921,-14.589447]","[0.964396477,0.000209778897,0.0350173935,1.44458245e-05,1.45016099e-06,1.81201335e-06,0.000341154984,1.70580661e-05,7.62322827e-09,1.7508885e-08,8.43563264e-09,2.46687875e-07,4.6073998e-09,5.1716893e-09,8.8448866e-09,5.24542187e-09,1.41398402e-07,1.34952749e-09,5.07891951e-09,1.72718315e-11]",1.4501609939543414e-06,8,-13.407583236694336,0,0
29,4,9.5367431640625e-07,0.0015374267240986228,1.430511474609375e-06,1.4454640222538728e-06,29,30,29,"[7.16668653,2.44900846,9.43814754,0.412356466,-1.10151279,-3.4534781,1.4405067,-1.53555691,-7.72774601,-6.87708187,-7.29735994,-4.00320673,-8.04640484,-8.10457802,-7.58332253,-7.31782722,-4.78248119,-9.06626511,-7.76563931,-14.0290041]","[0.0933934972,0.000834555249,0.905314803,0.000108880049,2.39598048e-05,2.28054091e-06,0.000304416666,1.55231701e-05,3.1750222e-08,7.43335136e-08,4.8827097e-08,1.316115e-06,2.30862902e-08,2.17816662e-08,3.66833923e-08,4.78379647e-08,6.03752653e-07,8.32597191e-09,3.05695558e-08,5.82297821e-11]",2.395980482106097e-05,6,-10.539660453796387,2,2,329,330,329,"[7.16668653,2.44900727,9.43814659,0.412357062,-1.10151303,-3.45347834,1.44050717,-1.53555703,-7.72774601,-6.87708092,-7.29735899,-4.00320673,-8.04640388,-8.10457802,-7.58332205,-7.31782722,-4.78247976,-9.06626415,-7.76563835,-14.0290031]","[0.0933935791,0.000834554725,0.905314684,0.000108880246,2.3959823e-05,2.28054068e-06,0.000304416928,1.55231828e-05,3.17502185e-08,7.43337907e-08,4.88272747e-08,1.31611478e-06,2.30863773e-08,2.17816645e-08,3.66833888e-08,4.78379576e-08,6.03754302e-07,8.32600211e-09,3.05696659e-08,5.82297752e-11]",2.3959823010955006e-05,6,-10.53965950012207,2,2
30,4,1.9073486328125e-06,0.00023256463464349508,2.86102294921875e-06,1.2944329910169472e-06,30,31,30,"[6.17593765,2.5388906,11.0312281,-0.582878947,-2.12003446,-1.01303208,0.372273028,-0.265876234,-7.25890779,-6.83723402,-7.19612455,-2.02237201,-7.73470402,-7.51029348,-8.02615356,-7.21500921,-5.30610132,-9.13345814,-6.83673239,-13.462141]","[0.00772490865,0.000203396732,0.99201715,8.96554229e-06,1.9275185e-06,5.83127485e-06,2.33020437e-05,1.23097516e-05,1.13035243e-08,1.72323649e-08,1.20359589e-08,2.12526265e-06,7.02390146e-09,8.79101236e-09,5.24812194e-09,1.18107968e-08,7.96722261e-08,1.73423209e-09,1.72410122e-08,2.2865659e-11]",1.9275184968137182e-06,9,-13.151262283325195,2,2,330,331,330,"[6.17593622,2.53888917,11.0312309,-0.582879543,-2.12003231,-1.01303339,0.3722727,-0.265876144,-7.25890779,-6.8372345,-7.19612408,-2.02237201,-7.73470402,-7.51029348,-8.02615261,-7.21500874,-5.30610085,-9.13345718,-6.83673191,-13.462141]","[0.00772487512,0.000203395757,0.99201715,8.96550682e-06,1.92751645e-06,5.83125302e-06,2.33019546e-05,1.2309717e-05,1.13035039e-08,1.72323009e-08,1.20359136e-08,2.12525651e-06,7.02388814e-09,8.7909795e-09,5.24810195e-09,1.18107755e-08,7.96720769e-08,1.73422876e-09,1.72409784e-08,2.28656157e-11]",1.9275164504506392e-06,9,-13.151263236999512,2,2
31,4,9.5367431640625e-07,4.717945557786152e-05,9.5367431640625e-07,8.841629437483789e-07,31,32,31,"[7.21861744,5.71692514,8.75861359,0.164585203,-5.47314739,-1.23578632,0.884693861,-0.606722772,-8.75355244,-7.29097271,-8.57170296,-2.20144415,-8.43601799,-9.14004326,-9.68870544,-7.98621035,-7.05875969,-10.3987236,-8.22713757,-14.5133038]","[0.169760197,0.0378145725,0.791858673,0.000146658931,5.22242715e-07,3.61522143e-05,0.000301333843,6.78162469e-05,1.9643144e-08,8.48009094e-08,2.35605828e-08,1.37643374e-05,2.69844307e-08,1.33462397e-08,7.71043407e-09,4.23119744e-08,1.0696688e-07,3.79072107e-09,3.32528813e-08,6.19129609e-11]",5.222427148510178e-07,9,-14.23176097869873,2,0,331,332,331,"[7.21861744,5.71692419,8.75861454,0.164585263,-5.47314644,-1.23578632,0.884694338,-0.606723309,-8.75355244,-7.29097223,-8.57170296,-2.20144343,-8.43601704,-9.1400423,-9.68870449,-7.98621035,-7.05875921,-10.3987226,-8.22713661,-14.5133038]","[0.169760063,0.0378145054,0.791858852,0.000146658829,5.22242829e-07,3.61521888e-05,0.00030133361,6.7816196e-05,1.96431102e-08,8.48009236e-08,2.35605864e-08,1.37643256e-05,2.69844858e-08,1.33462681e-08,7.71043496e-09,4.23118998e-08,1.06967001e-07,3.79072196e-09,3.32528884e-08,6.19129747e-11]",5.222428285378555e-07,9,-14.23176097869873,2,0
32,4,1.1920928955078125e-06,0.0006184610538184643,9.5367431640625e-07,7.408402780129109e-07,32,33,32,"[6.6355896,4.76609468,9.62366009,-0.36204958,-5.41233444,-1.11192226,0.921486497,-0.599031508,-8.09627151,-7.04490376,-8.35667896,-2.18582487,-8.03120804,-9.10558319,-8.51078415,-7.64195395,-6.73744345,-9.49840832,-7.60972214,-14.0638733]","[0.0476030074,0.00734045589,0.944793522,4.35109469e-05,2.78796591e-07,2.05557226e-05,0.000157047514,3.43303618e-05,1.9040046e-08,5.44843282e-08,1.46748906e-08,7.02332136e-06,2.03200461e-08,6.93952051e-09,1.25790383e-08,2.99899838e-08,7.40969099e-08,4.68520867e-09,3.09723163e-08,4.87496467e-11]",2.787965911466017e-07,9,-15.035994529724121,2,2,332,333,332,"[6.63558912,4.76609468,9.62365913,-0.362049311,-5.41233349,-1.11192167,0.921486139,-0.599031389,-8.09627151,-7.04490328,-8.35667896,-2.18582511,-8.03120804,-9.10558224,-8.51078415,-7.64195395,-6.73744297,-9.49840832,-7.60972214,-14.0638742]","[0.0476030298,0.00734046288,0.944793522,4.35109869e-05,2.78797131e-07,2.05557626e-05,0.000157047514,3.43303909e-05,1.9040117e-08,5.44843282e-08,1.46748906e-08,7.02332773e-06,2.03201225e-08,6.93954716e-09,1.25790862e-08,2.99899838e-08,7.40969099e-08,4.68520867e-09,3.09724335e-08,4.87496467e-11]",2.787971311590809e-07,9,-15.035992622375488,2,2
33,4,9.5367431640625e-07,0.00011768167314585298,1.9073486328125e-06,1.4793806712987134e-06,33,34,33,"[7.34986544,5.08574724,8.65695763,0.32232216,-4.89547825,-2.54769111,1.05547655,-0.216091752,-8.77385902,-6.96635056,-8.05364418,-0.175391093,-9.07743359,-9.16245651,-9.4678278,-9.01002121,-6.31151199,-10.4582186,-6.94782162,-13.963419]","[0.208195269,0.0216359943,0.769367456,0.000184691758,1.00088846e-06,1.04716855e-05,0.000384461251,0.000107799635,2.0702668e-08,1.26187771e-07,4.25413909e-08,0.000112277688,1.52822039e-08,1.40365835e-08,1.03428235e-08,1.63479488e-08,2.42890223e-07,3.84165055e-09,1.28547697e-07,1.15406185e-10]",1.0008884601120371e-06,9,-13.552435874938965,2,2,333,334,333,"[7.34986639,5.08574677,8.65695858,0.322322637,-4.89547825,-2.54769087,1.05547702,-0.216091886,-8.77385902,-6.96635103,-8.05364513,-0.175391123,-9.07743549,-9.16245747,-9.4678278,-9.01002216,-6.31151295,-10.4582186,-6.94782257,-13.963419]","[0.208195269,0.0216359627,0.769367456,0.000184691758,1.00088755e-06,1.04716755e-05,0.000384461076,0.000107799533,2.0702668e-08,1.26187643e-07,4.25413909e-08,0.000112277572,1.52821453e-08,1.40365302e-08,1.03428235e-08,1.6347883e-08,2.42889769e-07,3.84165055e-09,1.28547441e-07,1.15406185e-10]",1.0008875506173354e-06,9,-13.552436828613281,2,2
34,4,7.152557373046875e-07,7.214974903035909e-05,1.9073486328125e-06,4.97934388477006e-06,34,35,34,"[8.48482609,2.9647615,7.94480658,-0.701812029,-4.28110123,-1.91027355,2.06600237,-0.0897778571,-9.15838623,-7.2176981,-7.82634687,-0.946018219,-8.92841816,-9.15938568,-9.38980103,-9.13333607,-6.11546946,-10.3767157,-7.17547226,-14.1292315]","[0.629414201,0.00252117519,0.366782874,6.44511092e-05,1.79789674e-06,1.92487332e-05,0.00102630584,0.000118859345,1.36957921e-08,9.53712131e-08,5.18900727e-08,5.04862255e-05,1.72369905e-08,1.36821114e-08,1.08663833e-08,1.40432217e-08,2.87150073e-07,4.05016776e-09,9.94844811e-08,9.50116721e-11]",1.7978967434828519e-06,9,-12.7659273147583,0,2,334,335,334,"[8.48482609,2.96476173,7.9448061,-0.70181179,-4.2811017,-1.91027391,2.06600261,-0.0897783041,-9.15838623,-7.21769857,-7.82634783,-0.9460181,-8.92841816,-9.15938568,-9.38980103,-9.13333607,-6.11546898,-10.3767157,-7.17547226,-14.1292334]","[0.62941426,0.00252117543,0.366782725,6.44511165e-05,1.79789697e-06,1.9248735e-05,0.00102630642,0.00011885936,1.36957938e-08,9.53710497e-08,5.18900798e-08,5.04862328e-05,1.72369941e-08,1.36821132e-08,1.08663842e-08,1.40432235e-08,2.87150101e-07,4.05016864e-09,9.94844953e-08,9.50113183e-11]",1.7978969708565273e-06,9,-12.765928268432617,0,2
35,4,9.5367431640625e-07,1.0247211321257055e-05,9.5367431640625e-07,5.875504598407133e-07,35,36,35,"[7.97741938,3.0954392,8.56441975,-1.32201195,-4.36506033,-2.30547166,2.10389972,0.304338008,-8.54641151,-7.38074541,-7.78426886,-2.22951365,-8.74543095,-9.3392086,-8.5132885,-8.92809296,-5.95118666,-9.81327438,-8.27528095,-13.5033913]","[0.355920762,0.00269858539,0.640153825,3.25582951e-05,1.55268265e-06,1.21772882e-05,0.00100118946,0.000165568097,2.37216646e-08,7.61003918e-08,5.08322486e-08,1.31382785e-05,1.94406926e-08,1.07358842e-08,2.45205563e-08,1.61950471e-08,3.17860668e-07,6.68271261e-09,3.11096606e-08,1.66861219e-10]",1.5526826473433175e-06,9,-12.929479598999023,2,2,335,336,335,"[7.97741938,3.09543872,8.56441975,-1.32201219,-4.36505985,-2.3054719,2.10389972,0.304338187,-8.54641151,-7.38074541,-7.78426886,-2.22951317,-8.74543095,-9.3392086,-8.51328945,-8.92809391,-5.95118666,-9.81327534,-8.27528095,-13.5033903]","[0.355920762,0.00269858539,0.640153825,3.25582951e-05,1.55268265e-06,1.21772773e-05,0.00100118946,0.000165568097,2.37216646e-08,7.61003918e-08,5.08322486e-08,1.31382913e-05,1.94406926e-08,1.07358842e-08,2.45205083e-08,1.61950471e-08,3.17860668e-07,6.68271261e-09,3.11096606e-08,1.66861538e-10]",1.5526826473433175e-06,9,-12.929479598999023,2,2
36,4,7.152557373046875e-07,0.00015601232007611543,1.9073486328125e-06,1.4026661574462196e-06,36,37,36,"[8.10574341,3.21713471,7.84745598,-0.509925842,-4.22735596,-3.65805912,1.93291271,0.330805868,-8.58189011,-7.42674303,-7.92142344,-1.91414297,-8.75375462,-9.09837151,-8.25121403,-8.40394878,-6.67501211,-9.87187576,-8.00922298,-13.4638519]","[0.560962737,0.0042251111,0.4332726,0.000101670841,2.47022786e-06,4.36495247e-06,0.00116978958,0.000235679341,3.17385371e-08,1.00753631e-07,6.14360474e-08,2.49662226e-05,2.67268341e-08,1.89357561e-08,4.41771917e-08,3.79197438e-08,2.13665146e-07,8.73681749e-09,5.62720395e-08,2.40645531e-10]",2.4702278551558265e-06,9,-12.333099365234375,0,0,336,337,336,"[8.10574436,3.21713519,7.84745598,-0.509926558,-4.22735691,-3.65805912,1.93291271,0.330805928,-8.58189011,-7.42674398,-7.92142391,-1.91414249,-8.75375652,-9.09837246,-8.25121498,-8.40394878,-6.67501211,-9.87187672,-8.00922298,-13.4638519]","[0.560963035,0.00422511343,0.433272362,0.000101670696,2.47022444e-06,4.3649502e-06,0.00116978912,0.000235679225,3.17384909e-08,1.00753581e-07,6.14360758e-08,2.49662098e-05,2.67267435e-08,1.89356939e-08,4.41771277e-08,3.79197616e-08,2.13665047e-07,8.73680417e-09,5.62720643e-08,2.4064517e-10]",2.470224444550695e-06,9,-12.333101272583008,0,0
37,4,4.76837158203125e-07,5.8587138482835144e-05,9.5367431640625e-07,3.3154062748508295e-06,37,38,37,"[7.80741882,3.73724866,7.35944843,-0.231053635,-4.66232777,-3.28457403,1.61873686,-0.035956163,-7.96730089,-7.74638414,-7.88380432,-2.43401289,-8.253438,-9.25614929,-7.95689964,-7.57664776,-6.57120657,-9.54551601,-8.44468403,-13.7034187]","[0.602837384,0.0102931336,0.385167062,0.000194596971,2.31557055e-06,9.18350906e-06,0.0012373419,0.000236518768,8.49819415e-08,1.05991141e-07,9.23822512e-08,2.14982283e-05,6.38350315e-08,2.34199895e-08,8.58704325e-08,1.25598646e-07,3.43275076e-07,1.75354096e-08,5.27232338e-08,2.74259782e-10]",2.3155705548560945e-06,9,-12.469746589660645,0,0,337,338,337,"[7.80741882,3.7372489,7.35944796,-0.231054336,-4.66232777,-3.28457308,1.61873686,-0.0359560438,-7.96730089,-7.74638462,-7.88380432,-2.43401289,-8.25343895,-9.25614929,-7.95689869,-7.57664776,-6.57120657,-9.54551601,-8.44468403,-13.7034187]","[0.602837503,0.010293141,0.385166913,0.000194596825,2.31557101e-06,9.18352907e-06,0.00123734213,0.000236518812,8.49819628e-08,1.0599117e-07,9.23822654e-08,2.14982338e-05,6.38349249e-08,2.34199948e-08,8.58706173e-08,1.25598675e-07,3.43275133e-07,1.75354131e-08,5.27232444e-08,2.74259837e-10]",2.3155710096034454e-06,9,-12.469746589660645,0,0
38,4,9.5367431640625e-07,0.0029424128588289022,1.9073486328125e-06,2.1459795789269265e-06,38,39,38,"[7.09674931,3.69968557,7.30005932,0.236087739,-3.98951936,-3.34729934,1.54742467,-0.135252953,-7.55188227,-7.37097597,-7.37010479,-2.72175431,-7.82390118,-8.94214249,-7.5816021,-7.0595088,-6.20716143,-8.92417622,-8.17590904,-13.208416]","[0.441561699,0.0147796907,0.541112781,0.000462853932,6.76527998e-06,1.28587581e-05,0.00171771203,0.000319280574,1.91942561e-07,2.30005341e-07,2.30205913e-07,2.40363843e-05,1.46229567e-07,4.77957833e-08,1.86322282e-07,3.14055796e-07,7.36505854e-07,4.86622085e-08,1.02839643e-07,6.70765277e-10]",6.765279977116734e-06,9,-11.289578437805176,2,0,338,339,338,"[7.09674883,3.69968581,7.30005884,0.236088246,-3.98952031,-3.34729862,1.54742467,-0.135252714,-7.55188227,-7.37097597,-7.37010479,-2.72175431,-7.82390118,-8.94214249,-7.5816021,-7.05950785,-6.2071619,-8.92417622,-8.17590904,-13.2084141]","[0.441561669,0.0147797046,0.541112781,0.000462854368,6.76527952e-06,1.28587571e-05,0.00171771285,0.000319280865,1.91942945e-07,2.30005767e-07,2.30205899e-07,2.40364297e-05,1.46229567e-07,4.77957798e-08,1.86322268e-07,3.14056365e-07,7.36505797e-07,4.86622085e-08,1.02839635e-07,6.70766498e-10]",6.765279522369383e-06,9,-11.289579391479492,2,0
39,4,9.5367431640625e-07,5.1352402806514874e-05,1.9073486328125e-06,2.401983010713593e-06,39,40,39,"[6.4530139,3.85864544,8.01402473,-0.260555029,-3.61538148,-3.49933481,1.5705353,-0.252466977,-7.63387775,-7.5034256,-7.52779722,-2.15784216,-7.76879644,-9.41847706,-7.48708916,-7.20053911,-6.4051218,-8.76512527,-7.55202103,-13.4091835]","[0.170980364,0.012771043,0.814487875,0.000207625257,7.24932852e-06,8.14134091e-06,0.00129572453,0.000209311373,1.30342769e-07,1.48505165e-07,1.44929686e-07,3.11386102e-05,1.13891865e-07,2.18798792e-08,1.50951152e-07,2.01040379e-07,4.45378134e-07,4.20526369e-08,1.41461058e-07,4.04486805e-10]",7.249328518810216e-06,9,-11.629405975341797,2,0,339,340,339,"[6.45301294,3.8586452,8.01402378,-0.260554403,-3.61538148,-3.49933362,1.57053518,-0.252466857,-7.6338768,-7.50342417,-7.52779627,-2.15784168,-7.76879644,-9.41847515,-7.4870882,-7.20053768,-6.40512037,-8.76512432,-7.55202103,-13.4091816]","[0.170980364,0.0127710551,0.814487875,0.000207625664,7.24933534e-06,8.14136365e-06,0.00129572581,0.000209311562,1.30343025e-07,1.48505606e-07,1.44929956e-07,3.11386357e-05,1.13891865e-07,2.1879961e-08,1.50951436e-07,2.01040962e-07,4.45378959e-07,4.20526369e-08,1.41461186e-07,4.04486805e-10]",7.24933534002048e-06,9,-11.62940502166748,2,0
40,4,4.76837158203125e-07,0.002509410260245204,1.9073486328125e-06,4.8299311856681015e-06,40,41,40,"[6.37786198,5.40135622,5.34840965,0.1048958,-3.405967,-2.32302308,0.74143219,0.0425036438,-7.30095673,-6.8881402,-7.69231987,-2.22444129,-8.17111206,-9.00199509,-7.31818676,-7.80674696,-6.06291914,-8.64653206,-7.42369509,-13.3905716]","[0.574227512,0.216268331,0.205115527,0.00108335121,3.2360942e-05,9.5573545e-05,0.00204745145,0.00101782451,6.58337399e-07,9.9479189e-07,4.45124641e-07,0.000105475359,2.75768627e-07,1.20142573e-07,6.47091326e-07,3.96996597e-07,2.27050054e-06,1.71424361e-07,5.82295854e-07,1.49197921e-09]",3.236094198655337e-05,9,-9.783828735351562,0,0,340,341,340,"[6.3778615,5.4013567,5.34840965,0.104896307,-3.40596724,-2.32302308,0.741432428,0.0425037704,-7.30095625,-6.88814068,-7.69232035,-2.22444201,-8.17111206,-9.00199509,-7.31818676,-7.80674791,-6.06292009,-8.64653206,-7.42369556,-13.3905697]","[0.574227333,0.216268465,0.205115572,0.00108335249,3.23609347e-05,9.55736105e-05,0.00204745191,0.00101782475,6.58337797e-07,9.94791662e-07,4.45124101e-07,0.000105475236,2.75768826e-07,1.20142658e-07,6.47091156e-07,3.96995716e-07,2.27049577e-06,1.71424489e-07,5.82295684e-07,1.49197876e-09]",3.236093471059576e-05,9,-9.783828735351562,0,0
41,4,7.152557373046875e-07,0.00013488905096892267,9.5367431640625e-07,3.190153847754118e-07,41,42,41,"[5.80481148,6.99368525,5.33893108,0.747357607,-4.20278597,-3.59000492,0.767923594,-0.360366732,-7.21814442,-7.25607729,-7.56186485,-2.60704756,-8.59240627,-9.31368065,-7.67476749,-7.84706497,-6.61521101,-8.60896015,-7.39740944,-13.5819969]","[0.202992663,0.666502297,0.127394602,0.00129138562,9.14610973e-06,1.68796432e-05,0.00131821912,0.000426557322,4.48417182e-07,4.31726619e-07,3.17985098e-07,4.51082924e-05,1.13461347e-07,5.51572761e-08,2.84035991e-07,2.39081487e-07,8.19470074e-07,1.11598574e-07,3.74825277e-07,7.72496733e-10]",9.146109732682817e-06,9,-11.196471214294434,1,1,341,342,341,"[5.80481148,6.99368477,5.33893108,0.747357368,-4.20278597,-3.59000421,0.767923713,-0.360366672,-7.21814442,-7.25607777,-7.56186438,-2.60704803,-8.59240532,-9.3136797,-7.67476749,-7.8470645,-6.61521149,-8.60896015,-7.39740944,-13.5819979]","[0.202992707,0.666502178,0.127394646,0.00129138597,9.14610791e-06,1.68796705e-05,0.00131822028,0.000426557468,4.4841795e-07,4.31726562e-07,3.17985069e-07,4.51082851e-05,1.13461546e-07,5.51573756e-08,2.84036503e-07,2.3908143e-07,8.1946996e-07,1.11598773e-07,3.7482522e-07,7.72496622e-10]",9.146107913693413e-06,9,-11.196470260620117,1,1
42,4,4.76837158203125e-07,5.805394903291017e-05,1.430511474609375e-06,1.9543897167295654e-07,42,43,42,"[5.8175559,7.37191677,5.64817476,2.32719564,-3.90266132,-3.65973949,1.27078724,-0.33472997,-7.42741823,-6.76967573,-8.49180698,-2.19470263,-8.6901226,-9.86365032,-8.29515553,-7.46125937,-6.26468849,-9.15899849,-8.23837948,-12.6204758]","[0.151058495,0.714818001,0.127521634,0.00460575614,9.07211233e-06,1.15666617e-05,0.00160143233,0.000321544765,2.67254933e-07,5.1591735e-07,9.21866032e-08,5.00570495e-05,7.56033103e-08,2.3382114e-08,1.12220569e-07,2.58362292e-07,8.54857035e-07,4.73053845e-08,1.18776335e-07,1.48460233e-09]",9.07211233425187e-06,9,-11.274578094482422,1,2,342,343,342,"[5.81755543,7.37191629,5.64817429,2.32719541,-3.90266156,-3.65973878,1.27078736,-0.33472994,-7.4274168,-6.76967525,-8.49180603,-2.19470263,-8.6901226,-9.86364937,-8.29515457,-7.46125793,-6.26468801,-9.15899754,-8.23837948,-12.6204758]","[0.151058495,0.714818001,0.127521634,0.00460575614,9.07211233e-06,1.15666835e-05,0.00160143303,0.000321544765,2.67255444e-07,5.1591735e-07,9.21867738e-08,5.00571441e-05,7.56033103e-08,2.33821602e-08,1.12220782e-07,2.58362775e-07,8.54857035e-07,4.73053845e-08,1.18776335e-07,1.48460233e-09]",9.07211233425187e-06,9,-11.274578094482422,1,2
43,4,7.152557373046875e-07,3.288344669272192e-05,1.9073486328125e-06,9.399993246006488e-07,43,44,43,"[6.10188723,6.85282278,6.03683138,1.77697182,-4.44059324,-3.6373105,0.937290072,-0.412160069,-7.42166281,-7.14804029,-8.33164978,-3.10108304,-8.77126503,-9.57444572,-7.99063015,-7.54272366,-6.57920551,-9.08866787,-7.91409826,-13.0091839]","[0.245300919,0.519788086,0.229850665,0.00324647641,6.47378147e-06,1.44550422e-05,0.00140198437,0.000363650732,3.28470207e-07,4.31845848e-07,1.32219e-07,2.47115422e-05,8.51866275e-08,3.81552283e-08,1.859501e-07,2.91017926e-07,7.62729201e-07,6.20189908e-08,2.00740047e-07,1.22988986e-09]",6.4737814682303e-06,9,-11.293416023254395,1,1,343,344,343,"[6.1018877,6.85282278,6.03683138,1.77697217,-4.4405942,-3.63731027,0.937290192,-0.412159681,-7.42166328,-7.14804077,-8.33164978,-3.10108376,-8.77126503,-9.57444572,-7.9906311,-7.54272366,-6.57920647,-9.08866882,-7.91409874,-13.0091858]","[0.245301008,0.519788027,0.22985065,0.00324647781,6.4737751e-06,1.44550404e-05,0.00140198413,0.000363650819,3.28470179e-07,4.31845791e-07,1.32218986e-07,2.47115386e-05,8.51866133e-08,3.81552248e-08,1.85950071e-07,2.91017898e-07,7.62729087e-07,6.20189837e-08,2.00740018e-07,1.22988975e-09]",6.473775101767387e-06,9,-11.293416976928711,1,1
44,4,9.5367431640625e-07,5.234406125964597e-05,1.9073486328125e-06,5.623219294648152e-07,44,45,44,"[5.94962406,7.78374529,5.67299938,1.4796567,-4.53005075,-3.82398725,0.766730785,-0.741981566,-7.65250683,-7.3478775,-8.56328964,-2.87130213,-9.01041794,-9.82401848,-8.11314297,-7.68092299,-6.1825695,-9.52913094,-7.52056503,-13.455122]","[0.124432035,0.778898597,0.0943616703,0.00142445927,3.49676839e-06,7.08445805e-06,0.000698281103,0.000154456109,1.54028697e-07,2.08881929e-07,6.19518232e-08,1.83675929e-05,3.96158271e-08,1.75600476e-08,9.71739453e-08,1.49713443e-07,6.69865585e-07,2.35827073e-08,1.75753357e-07,4.65111866e-10]",3.4967683859576937e-06,9,-12.313796043395996,1,1,344,345,344,"[5.94962406,7.78374338,5.67299891,1.47965622,-4.53005028,-3.82398748,0.766730785,-0.741981149,-7.65250683,-7.34787703,-8.56328869,-2.87130213,-9.01041698,-9.82401848,-8.11314201,-7.68092299,-6.18256855,-9.52912998,-7.52056408,-13.455121]","[0.124432236,0.778898299,0.0943617672,0.00142446079,3.49678044e-06,7.08446896e-06,0.000698282151,0.000154456327,1.54028925e-07,2.08882227e-07,6.19519156e-08,1.83676202e-05,3.96158875e-08,1.75601063e-08,9.71742864e-08,1.49713699e-07,6.69866665e-07,2.35827908e-08,1.75753627e-07,4.65113503e-10]",3.496780436762492e-06,9,-12.313793182373047,1,1
45,4,7.152557373046875e-07,2.0546907762764022e-05,1.430511474609375e-06,3.4365632473054575e-07,45,46,45,"[8.28138065,3.45027184,6.53506565,0.693770409,-2.97719407,-6.21194363,1.57109249,-0.873923123,-8.61635113,-7.33991814,-7.15988207,-3.20286489,-8.56619358,-8.75528431,-7.15165949,-8.96715069,-5.16809034,-8.98829746,-8.68706512,-13.9147758]","[0.84441644,0.00673647504,0.147279307,0.000427857769,1.08898003e-05,4.28732051e-07,0.00102876371,8.92192838e-05,3.872265e-08,1.38775519e-07,1.66150357e-07,8.68985171e-06,4.07144114e-08,3.36997843e-08,1.67522188e-07,2.72655782e-08,1.21765947e-06,2.66950533e-08,3.60790224e-08,1.93592628e-10]",1.0889800250879489e-05,7,-11.258574485778809,0,0,345,346,345,"[8.2813797,3.45027184,6.53506613,0.69377017,-2.97719407,-6.21194267,1.57109284,-0.873923361,-8.61635113,-7.33991814,-7.15988207,-3.20286465,-8.56619358,-8.75528336,-7.15165806,-8.96715069,-5.16809034,-8.98829746,-8.68706512,-13.9147758]","[0.84441632,0.00673648017,0.147279486,0.000427858089,1.08898084e-05,4.28732761e-07,0.00102876441,8.92193493e-05,3.87226429e-08,1.38775619e-07,1.66150656e-07,8.68985717e-06,4.07144825e-08,3.36998411e-08,1.67522614e-07,2.72655729e-08,1.21765925e-06,2.66950977e-08,3.60790153e-08,1.93592586e-10]",1.0889808436331805e-05,7,-11.258573532104492,0,0
46,4,7.152557373046875e-07,0.000297178776236251,1.430511474609375e-06,1.2654679721890716e-06,46,47,46,"[9.60407162,2.51686072,6.54481936,0.400357395,-3.82003689,-5.64356089,0.732143402,-0.699901521,-8.96632481,-7.58048248,-7.03417969,-3.98884869,-8.57378197,-8.49302197,-7.35194874,-9.38114834,-5.91850328,-9.35556507,-8.27629375,-14.6560516]","[0.954165399,0.000797420158,0.0447720774,9.60508696e-05,1.41126134e-06,2.27856404e-07,0.00013384255,3.19642859e-05,8.21491319e-09,3.28447705e-08,5.67182141e-08,1.19204708e-06,1.21641728e-08,1.31872708e-08,4.12779002e-08,5.42558487e-09,1.73083322e-07,5.56619062e-09,1.63786762e-08,2.77706226e-11]",1.4112613371253246e-06,7,-13.424108505249023,0,0,346,347,346,"[9.60407162,2.5168612,6.54482079,0.400357902,-3.82003713,-5.64356184,0.732143819,-0.699901819,-8.96632576,-7.58048296,-7.03418112,-3.98884869,-8.57378197,-8.49302197,-7.35194874,-9.38114929,-5.91850424,-9.35556507,-8.27629375,-14.6560526]","[0.95416528,0.000797420042,0.0447721407,9.60509497e-05,1.41126111e-06,2.27855949e-07,0.000133842535,3.19642822e-05,8.21491231e-09,3.28447669e-08,5.6718207e-08,1.19204697e-06,1.2164171e-08,1.31872699e-08,4.12778967e-08,5.42558443e-09,1.73082981e-07,5.56619018e-09,1.63786744e-08,2.77706191e-11]",1.4112611097516492e-06,7,-13.424108505249023,0,0
47,4,7.152557373046875e-07,4.9984730139840394e-05,9.5367431640625e-07,1.0857045253942488e-06,47,48,47,"[9.74306774,2.62691855,6.13581562,0.494095594,-3.91255236,-5.6947298,0.750988603,-0.769287407,-8.94396019,-7.64573812,-7.18476915,-3.82774544,-8.41582489,-8.66223812,-7.28036213,-9.1599741,-6.09260321,-9.30258083,-8.68798256,-15.0840464]","[0.97258389,0.000789628597,0.0263825879,9.35727949e-05,1.14121326e-06,1.92033411e-07,0.00012098092,2.64526625e-05,7.45168371e-09,2.72938525e-08,4.32773568e-08,1.24221788e-06,1.26362956e-08,9.87650939e-09,3.93319439e-08,6.00399463e-09,1.28997812e-07,5.20602406e-09,9.62551638e-09,1.60564079e-11]",1.141213260780205e-06,8,-13.655620574951172,0,0,347,348,347,"[9.74306679,2.62691903,6.13581562,0.49409613,-3.91255212,-5.69472885,0.750988841,-0.769287467,-8.94396019,-7.64573812,-7.18476963,-3.82774544,-8.41582489,-8.66223907,-7.28036213,-9.1599741,-6.09260273,-9.30258083,-8.68798161,-15.0840464]","[0.97258389,0.000789629295,0.0263826121,9.35728822e-05,1.1412144e-06,1.92033781e-07,0.000120981029,2.64526861e-05,7.45168371e-09,2.72938525e-08,4.32773568e-08,1.24221913e-06,1.26362956e-08,9.87650939e-09,3.93319439e-08,6.00399463e-09,1.28998067e-07,5.20604448e-09,9.62551638e-09,1.60564079e-11]",1.1412143976485822e-06,8,-13.655618667602539,0,0
48,4,7.152557373046875e-07,2.996364673890639e-05,9.5367431640625e-07,4.175054186816851e-07,48,49,48,"[9.54242611,3.25042844,5.7036128,0.722466588,-3.75360322,-5.44547367,0.64039135,-0.856582582,-8.92136383,-7.41303539,-7.59213305,-3.62461376,-8.32552242,-8.98174667,-7.33659649,-8.87460136,-5.97405481,-9.32284355,-8.88252926,-15.0960369]","[0.976859391,0.00180822331,0.0210211575,0.000144335194,1.64225276e-06,3.02461331e-07,0.000132961984,2.9757739e-05,9.35643474e-09,4.22832791e-08,3.53498315e-08,1.86835462e-06,1.69777667e-08,8.80818529e-09,4.56421034e-08,9.8043369e-09,1.7828296e-07,6.26251984e-09,9.72692504e-09,1.9475253e-11]",1.642252755118534e-06,8,-13.296029090881348,0,0,348,349,348,"[9.54242611,3.25042844,5.70361328,0.722466588,-3.75360346,-5.44547367,0.640391588,-0.85658294,-8.92136383,-7.41303635,-7.59213305,-3.62461424,-8.32552242,-8.98174667,-7.33659649,-8.87460136,-5.97405529,-9.32284355,-8.88253021,-15.0960369]","[0.976859391,0.00180822331,0.0210211668,0.000144335194,1.64225116e-06,3.02461331e-07,0.000132961984,2.9757739e-05,9.35643474e-09,4.22832791e-08,3.53498315e-08,1.86835462e-06,1.69777667e-08,8.80818529e-09,4.56421034e-08,9.8043369e-09,1.7828296e-07,6.26251984e-09,9.72692504e-09,1.9475253e-11]",1.6422511635028059e-06,8,-13.296030044555664,0,0
49,4,9.5367431640625e-07,1.7949076209333725e-05,1.9073486328125e-06,1.4748857211088762e-06,49,50,49,"[9.67145824,3.36881518,4.93107367,0.383924067,-3.32898831,-5.2609868,0.432782859,-0.700307667,-8.99912643,-7.34768057,-7.64329815,-3.56377292,-8.21202564,-9.28929234,-7.32240725,-8.78658009,-5.71396351,-9.24299431,-8.71702957,-15.145504]","[0.989322603,0.00181190297,0.00864201598,9.15826604e-05,2.23519714e-06,3.23786878e-07,9.61683836e-05,3.09697134e-05,7.70558461e-09,4.01809395e-08,2.98974925e-08,1.76746164e-06,1.69293219e-08,5.76485748e-09,4.12093435e-08,9.5304582e-09,2.05842099e-07,6.03804029e-09,1.02168904e-08,1.64993852e-11]",2.235197143818368e-06,7,-13.000446319580078,0,0,349,350,349,"[9.67146015,3.36881495,4.93107414,0.383923501,-3.32898903,-5.26098633,0.432783097,-0.700307786,-8.99912739,-7.34768105,-7.64329958,-3.56377292,-8.21202564,-9.28929329,-7.32240772,-8.78658104,-5.71396446,-9.24299431,-8.71702957,-15.1455059]","[0.989322603,0.00181189866,0.00864200294,9.15823985e-05,2.23519078e-06,3.23786566e-07,9.61681944e-05,3.09696516e-05,7.70557129e-09,4.01807867e-08,2.98973788e-08,1.76745823e-06,1.692929e-08,5.76483528e-09,4.12092653e-08,9.53042179e-09,2.05841488e-07,6.0380172e-09,1.02168904e-08,1.64993227e-11]",2.235190777355456e-06,7,-13.000449180603027,0,0
50,4,5.960464477539062e-07,0.0002564924652688205,9.5367431640625e-07,1.1671943411784014e-06,50,51,50,"[9.63497066,4.11019278,4.88638878,-0.612799168,-3.44320726,-5.50066757,0.420195401,-0.81064254,-9.18467522,-7.91735506,-7.60592985,-3.67078185,-8.3716383,-9.85571861,-7.80047989,-8.84244347,-5.87174511,-9.34070683,-8.59049606,-15.5735378]","[0.987343073,0.003936294,0.00855431333,3.49879083e-05,2.06389404e-06,2.63720523e-07,9.82974161e-05,2.87075436e-05,6.62521726e-09,2.35282531e-08,3.21247953e-08,1.64381572e-06,1.49381627e-08,3.38664519e-09,2.64452495e-08,9.32887989e-09,1.81964623e-07,5.66808156e-09,1.20018457e-08,1.11314664e-11]",2.0638940441131126e-06,7,-13.078178405761719,0,0,350,351,350,"[9.63497162,4.11019278,4.88638878,-0.612798452,-3.44320798,-5.50066805,0.420195431,-0.8106426,-9.18467617,-7.91735506,-7.60592985,-3.67078233,-8.3716383,-9.85571861,-7.80047989,-8.84244442,-5.87174511,-9.34070683,-8.59049702,-15.5735378]","[0.987343073,0.00393629074,0.00855430495,3.49879083e-05,2.06389177e-06,2.63720267e-07,9.82973288e-05,2.87075163e-05,6.62519239e-09,2.35282531e-08,3.21247349e-08,1.64381402e-06,1.49381343e-08,3.38663875e-09,2.64452495e-08,9.32884436e-09,1.81964467e-07,5.66808156e-09,1.20018457e-08,1.11314447e-11]",2.063891770376358e-06,7,-13.078179359436035,0,0
51,4,9.5367431640625e-07,0.00034274192876182497,1.9073486328125e-06,6.179477622936247e-07,51,52,51,"[9.09884548,4.5312748,5.41166401,-0.964558005,-3.71084547,-5.42599869,0.611490071,-0.714714587,-8.88498592,-8.29941559,-7.69701004,-3.83295155,-8.25607014,-10.1039276,-8.09580994,-8.53590393,-6.37882996,-9.34940243,-8.54049587,-15.8446856]","[0.965497792,0.0100249108,0.0241784658,4.11406181e-05,2.63981224e-06,4.74997847e-07,0.000198948066,5.28172895e-05,1.49441668e-08,2.68399756e-08,4.90234129e-08,2.33637866e-06,2.80289747e-08,4.41664527e-09,3.29008323e-08,2.11873434e-08,1.83181768e-07,9.39243439e-09,2.10902549e-08,1.41877465e-11]",2.6398122372484067e-06,7,-12.809690475463867,0,0,351,352,351,"[9.09884644,4.5312748,5.41166401,-0.964558601,-3.71084571,-5.42599964,0.611489952,-0.714714646,-8.88498688,-8.29941559,-7.69701052,-3.83295155,-8.25607014,-10.1039276,-8.09580994,-8.53590488,-6.37883043,-9.34940243,-8.54049683,-15.8446875]","[0.965497911,0.0100249033,0.0241784453,4.11405454e-05,2.63980974e-06,4.74996966e-07,0.000198947906,5.28172532e-05,1.49441686e-08,2.68399791e-08,4.90234164e-08,2.33637661e-06,2.80289765e-08,4.41664572e-09,3.29008394e-08,2.1187347e-08,1.83181442e-07,9.39243527e-09,2.10902584e-08,1.41876944e-11]",2.639809736137977e-06,7,-12.8096923828125,0,0
52,4,7.152557373046875e-07,2.017565020651091e-05,9.5367431640625e-07,2.209799419006231e-07,52,53,52,"[8.2164669,4.49198008,6.98904514,-1.82992804,-3.27328396,-4.84960747,1.078915,-0.861055315,-8.67495346,-8.39408207,-7.72476912,-4.05404806,-8.04880524,-10.1546087,-8.0786438,-8.26110649,-6.84189749,-9.22942638,-8.61350822,-15.6322412]","[0.75864321,0.0183026306,0.222318217,3.28808892e-05,7.76429806e-06,1.60514253e-06,0.000602890213,8.66402625e-05,3.50095171e-08,4.63625653e-08,9.05413486e-08,3.55648399e-06,6.54815366e-08,7.97225574e-09,6.355652e-08,5.29563948e-08,2.1891384e-07,2.01086454e-08,3.72282223e-08,3.33176854e-11]",7.764298061374575e-06,7,-11.489750862121582,0,0,352,353,352,"[8.2164669,4.49198008,6.98904467,-1.82992804,-3.27328324,-4.84960842,1.07891476,-0.861055255,-8.67495346,-8.39408207,-7.72476816,-4.05404758,-8.04880524,-10.1546087,-8.0786438,-8.26110649,-6.84189701,-9.22942543,-8.61350822,-15.6322403]","[0.75864327,0.0183026325,0.222318158,3.28808928e-05,7.76430625e-06,1.60514094e-06,0.000602889981,8.66402697e-05,3.50095206e-08,4.63625689e-08,9.05413557e-08,3.55648422e-06,6.54815366e-08,7.97225663e-09,6.355652e-08,5.29563984e-08,2.18913868e-07,2.01086472e-08,3.72282258e-08,3.33176889e-11]",7.764306246826891e-06,7,-11.489749908447266,0,0
53,4,4.76837158203125e-07,0.0003562522178981453,1.9073486328125e-06,1.1949934730637324e-07,53,54,53,"[8.21465588,4.10681772,7.71393299,-1.86532271,-3.2415874,-4.75079107,1.15132809,-1.1023314,-8.66369915,-8.35128498,-7.96784687,-4.1750555,-8.0723753,-10.1772728,-7.882689,-8.1675005,-6.74530458,-9.18011379,-8.65336895,-15.9611645]","[0.615937471,0.0101280352,0.373315036,2.58141245e-05,6.51858454e-06,1.44116859e-06,0.000527196331,5.53631289e-05,2.87978565e-08,3.93586284e-08,5.77517305e-08,2.56302792e-06,5.20198249e-08,6.33904662e-09,6.28851922e-08,4.72995012e-08,1.96113803e-07,1.71824119e-08,2.90968902e-08,1.95034232e-11]",6.518584541481687e-06,7,-11.456243515014648,0,0,353,354,353,"[8.21465683,4.10681772,7.71393347,-1.86532283,-3.24158764,-4.75079107,1.15132821,-1.1023314,-8.6637001,-8.35128593,-7.96784735,-4.1750555,-8.0723753,-10.1772738,-7.88268948,-8.16750145,-6.74530458,-9.18011379,-8.6533699,-15.9611664]","[0.615937591,0.0101280268,0.373314917,2.58141026e-05,6.51857908e-06,1.44116598e-06,0.000527195923,5.5363078e-05,2.87978068e-08,3.93585573e-08,5.7751631e-08,2.5630261e-06,5.2019832e-08,6.33902353e-09,6.28852064e-08,4.72994159e-08,1.96113831e-07,1.71824155e-08,2.90968387e-08,1.95033885e-11]",6.518579084513476e-06,7,-11.456244468688965,0,0
54,4,9.5367431640625e-07,2.6894069378613494e-05,1.9073486328125e-06,1.2154421710874885e-05,54,55,54,"[8.58589172,5.46436262,5.67182016,-2.16673112,-3.52851701,-5.31409121,0.0430989191,0.0251327306,-8.71361065,-9.41184807,-8.32612228,-3.71224833,-8.93069363,-12.1218348,-8.0660429,-8.38352871,-6.762321,-9.06200981,-7.78386164,-16.7875862]","[0.91011411,0.0401266553,0.0493776798,1.94666463e-05,4.98741019e-06,8.36392587e-07,0.00017742216,0.000174263172,2.79265322e-08,1.38923841e-08,4.11435224e-08,4.15032082e-06,2.24770353e-08,9.24367971e-10,5.33644595e-08,3.88481034e-08,1.96540256e-07,1.97110417e-08,7.07623897e-08,8.7003035e-12]",4.987410193280084e-06,7,-12.114408493041992,0,0,354,355,354,"[8.58589077,5.46436262,5.67182016,-2.16673064,-3.52851629,-5.31409073,0.0430987701,0.0251324251,-8.71361065,-9.41184711,-8.32612133,-3.71224761,-8.93069363,-12.1218338,-8.06604099,-8.3835268,-6.762321,-9.06200981,-7.78386116,-16.7875862]","[0.91011399,0.0401266925,0.0493777171,1.94666645e-05,4.98741429e-06,8.36393326e-07,0.000177422306,0.000174263158,2.79265286e-08,1.38924081e-08,4.11435188e-08,4.15032446e-06,2.24770336e-08,9.24367916e-10,5.33646549e-08,3.8848242e-08,1.96540427e-07,1.97110772e-08,7.07625176e-08,8.70030263e-12]",4.987414286006242e-06,7,-12.11440658569336,0,0
55,4,8.344650268554688e-07,3.161812492180616e-05,9.5367431640625e-07,5.157238319952739e-06,55,56,55,"[8.45864391,6.65209723,4.4662919,0.0574987829,-5.47446156,-5.35702896,0.933007836,-0.0751235783,-8.873559,-8.77877235,-8.4064827,-3.08814526,-9.3894577,-11.7167187,-8.58237171,-8.69359112,-6.79229116,-9.13562107,-8.27089024,-15.6340752]","[0.844844997,0.138740674,0.0155926729,0.000189760627,7.51114612e-07,8.44707927e-07,0.000455443776,0.000166191501,2.50897862e-08,2.75843455e-08,4.00262792e-08,8.16714419e-06,1.49776813e-08,1.46126433e-09,3.35705117e-08,3.00369649e-08,2.010853e-07,1.93056682e-08,4.58387426e-08,2.90697761e-11]",7.511146122851642e-07,9,-13.93310546875,0,0,355,356,355,"[8.45864487,6.65209723,4.46629095,0.0574986041,-5.47446251,-5.35702801,0.933007479,-0.0751231909,-8.873559,-8.7787714,-8.40648174,-3.08814526,-9.38945675,-11.7167187,-8.58237171,-8.69359112,-6.79229164,-9.13562107,-8.27089024,-15.6340752]","[0.844845176,0.138740569,0.0155926477,0.000189760496,7.51113305e-07,8.44708097e-07,0.000455443223,0.00016619153,2.50897916e-08,2.75843508e-08,4.00262863e-08,8.16713873e-06,1.49776849e-08,1.46126189e-09,3.35705188e-08,3.00369116e-08,2.01084958e-07,1.93056717e-08,4.58387497e-08,2.9069783e-11]",7.511133048865304e-07,9,-13.933107376098633,0,0
56,4,1.1920928955078125e-06,4.523454117588699e-05,1.9073486328125e-06,2.6763566438603448e-06,56,57,56,"[8.31376076,6.43553162,4.23005724,-0.289520591,-5.39136696,-5.46906567,0.777925432,0.292747647,-8.65535736,-8.79469299,-8.15342522,-2.7177515,-9.15636921,-11.2627983,-8.4954195,-8.40323448,-6.98159599,-9.30798912,-8.00000668,-15.8763332]","[0.854138613,0.130564108,0.0143879335,0.000156736773,9.53821313e-07,8.82516645e-07,0.000455781468,0.00028057344,3.64698529e-08,3.17264366e-08,6.02449077e-08,1.38230371e-05,2.20976908e-08,2.68866551e-09,4.27950688e-08,4.6927731e-08,1.94464036e-07,1.89888922e-08,7.02343499e-08,2.66626912e-11]",9.53821313487424e-07,8,-13.705127716064453,0,0,356,357,356,"[8.3137598,6.43553162,4.23005772,-0.289519817,-5.391366,-5.46906567,0.777925134,0.292747051,-8.65535641,-8.79469204,-8.15342331,-2.71775103,-9.15636826,-11.2627964,-8.49541759,-8.40323353,-6.98159409,-9.30798817,-8.00000572,-15.8763313]","[0.854138494,0.130564228,0.0143879531,0.000156736889,9.53823019e-07,8.8251744e-07,0.000455781672,0.000280573702,3.64699204e-08,3.17264934e-08,6.02451351e-08,1.3823048e-05,2.20977725e-08,2.6886704e-09,4.27952251e-08,4.69278127e-08,1.9446459e-07,1.8988926e-08,7.02343428e-08,2.66627935e-11]",9.538230187899899e-07,8,-13.70512580871582,0,0
57,4,7.152557373046875e-07,0.00022140220971778035,1.3709068298339844e-06,1.0902879694185685e-05,57,58,57,"[7.24010754,7.21374607,5.04844236,0.125738055,-4.92984247,-4.88644409,0.501856685,-0.252626121,-8.16345787,-8.07234383,-8.09059238,-2.35230112,-8.92921734,-10.6154652,-8.61596584,-8.08748722,-6.84158039,-9.58350658,-7.56989002,-15.1471825]","[0.478846967,0.466388822,0.0535018295,0.00038946225,2.48230072e-06,2.59239914e-06,0.000567298499,0.000266774296,9.7839191e-08,1.07172468e-07,1.05234555e-07,3.26788213e-05,4.54933762e-08,8.42596481e-09,6.22288141e-08,1.05561831e-07,3.66941947e-07,2.36479778e-08,1.77131795e-07,9.0681733e-11]",2.482300715200836e-06,9,-12.169950485229492,0,1,357,358,357,"[7.24010754,7.21374702,5.04844236,0.125736684,-4.92984295,-4.88644457,0.501856208,-0.252626181,-8.16345787,-8.07234383,-8.09059238,-2.35230136,-8.92921734,-10.6154652,-8.6159668,-8.08748722,-6.84158039,-9.58350658,-7.5698905,-15.1471825]","[0.478846759,0.466389,0.0535018072,0.000389461522,2.48229958e-06,2.592398e-06,0.000567297975,0.000266774179,9.78391483e-08,1.07172418e-07,1.05234506e-07,3.26788067e-05,4.54933584e-08,8.42596037e-09,6.2228672e-08,1.05561782e-07,3.66941805e-07,2.36479671e-08,1.7713171e-07,9.06816913e-11]",2.4822995783324586e-06,9,-12.169950485229492,0,1
58,4,7.152557373046875e-07,1.9744074961636215e-05,1.9073486328125e-06,1.1905545989066013e-06,58,59,58,"[8.26289082,7.70540237,3.44595885,0.700904489,-3.04894185,-5.60409927,0.83325851,-1.58674073,-9.01489162,-7.66676664,-8.48435402,-2.56489277,-9.30925655,-10.3176804,-8.53131199,-8.65605259,-6.11264896,-9.74359703,-8.51057339,-15.0454617]","[0.632136405,0.361990064,0.00511498004,0.000328610942,7.72937528e-06,6.00417764e-07,0.000375113334,3.33557182e-05,1.98228101e-08,7.632174e-08,3.36956916e-08,1.25419228e-05,1.47680828e-08,5.3873066e-09,3.21499556e-08,2.83795973e-08,3.610715e-07,9.56515578e-09,3.28237242e-08,4.76564344e-11]",7.729375283815898e-06,8,-11.311832427978516,0,0,358,359,358,"[8.26289082,7.70540285,3.44595885,0.700903654,-3.04894233,-5.60410023,0.83325839,-1.58674026,-9.01489258,-7.66676664,-8.48435497,-2.56489277,-9.30925655,-10.3176813,-8.53131294,-8.65605259,-6.11264992,-9.74359703,-8.51057339,-15.0454636]","[0.632136285,0.361990184,0.00511497911,0.000328610564,7.7293671e-06,6.00417081e-07,0.000375113275,3.33557145e-05,1.98227692e-08,7.63217898e-08,3.3695688e-08,1.2541921e-05,1.4768081e-08,5.38729505e-09,3.21500124e-08,2.83796471e-08,3.61071102e-07,9.56517265e-09,3.28237206e-08,4.76563337e-11]",7.729367098363582e-06,8,-11.311833381652832,0,0
59,4,9.5367431640625e-07,0.00024377541558351368,1.9073486328125e-06,3.483988848529407e-07,59,60,59,"[9.03542233,3.42163229,6.61705494,0.803117514,-2.26202297,-5.56234884,1.75969458,-2.50246072,-9.028265,-6.86503267,-7.51777697,-3.96815872,-7.80012512,-8.51978874,-7.48642921,-8.36423397,-5.61342907,-9.20543003,-9.61718845,-13.9741955]","[0.91432929,0.00333475973,0.0814364776,0.000243140981,1.13418646e-05,4.18187398e-07,0.000632840442,8.91792479e-06,1.30660194e-08,1.13664015e-07,5.9175143e-08,2.05929769e-06,4.46186945e-08,2.17255973e-08,6.1059616e-08,2.53821675e-08,3.97362896e-07,1.0944631e-08,7.25064542e-09,9.29293725e-11]",1.1341864592395723e-05,6,-11.297445297241211,0,0,359,360,359,"[9.03542423,3.42163348,6.61705494,0.803117752,-2.26202369,-5.56235027,1.75969422,-2.50246048,-9.02826595,-6.86503363,-7.5177784,-3.96815872,-7.80012655,-8.51978874,-7.48643064,-8.36423397,-5.61342955,-9.20543098,-9.61719036,-13.9741964]","[0.914329469,0.00333475904,0.0814363509,0.000243140574,1.13418355e-05,4.18186318e-07,0.000632839045,8.91790933e-06,1.30659723e-08,1.13663603e-07,5.91749334e-08,2.05929405e-06,4.46185346e-08,2.17255192e-08,6.10593958e-08,2.53820769e-08,3.97361816e-07,1.0944591e-08,7.25061922e-09,9.29290395e-11]",1.1341835488565266e-05,6,-11.29744815826416,0,0
60,4,7.152557373046875e-07,7.296795229194686e-05,1.430511474609375e-06,2.214161895608413e-06,60,61,60,"[7.8492527,5.34512424,5.47179699,2.69346976,-4.59303665,-4.89665318,-0.0975840241,-0.218690917,-7.43494225,-7.12806749,-7.74633932,-4.02238941,-8.18824196,-9.42269707,-7.6664381,-8.30110741,-5.73303556,-9.02295017,-8.16319847,-14.120822]","[0.846752346,0.0692193061,0.0785670653,0.00488234451,3.34301876e-06,2.46762875e-06,0.00029956369,0.000265395181,1.94946239e-07,2.64965109e-07,1.42783179e-07,5.91517755e-06,9.17827307e-08,2.67081592e-08,1.5465983e-07,8.19868404e-08,1.06916252e-06,3.98337683e-08,9.41103195e-08,2.43374237e-10]",3.343018761370331e-06,8,-12.442289352416992,0,2,360,361,360,"[7.84925318,5.34512281,5.47179651,2.69346857,-4.59303761,-4.8966527,-0.097583808,-0.218690604,-7.43494177,-7.12806702,-7.74633932,-4.02238941,-8.188241,-9.42269707,-7.66643715,-8.30110645,-5.73303604,-9.02295017,-8.16319847,-14.120822]","[0.846752644,0.0692191944,0.0785670057,0.00488233706,3.3430133e-06,2.46763193e-06,0.000299563631,0.000265395269,1.9494631e-07,2.6496545e-07,1.42783094e-07,5.91517301e-06,9.17827592e-08,2.67081663e-08,1.54660029e-07,8.19868688e-08,1.06916195e-06,3.98337789e-08,9.4110348e-08,2.43374321e-10]",3.3430133044021204e-06,8,-12.442291259765625,0,2
61,4,7.152557373046875e-07,1.1522487511683721e-05,1.430511474609375e-06,5.408965080277994e-07,61,62,61,"[9.58441448,4.91144085,4.04577684,2.64470458,-4.51820374,-5.99997139,1.07157195,-1.25969183,-8.77623558,-6.92378473,-7.70140886,-4.23273087,-9.00297356,-8.4307909,-8.16420937,-9.02311707,-6.8494277,-9.43588543,-9.10336304,-14.6760044]","[0.985738873,0.00921117794,0.00387580693,0.00095473812,7.39728932e-07,1.68092797e-07,0.00019800743,1.9240937e-05,1.04672466e-08,6.6733179e-08,3.06636565e-08,9.84128633e-07,8.34375236e-09,1.47862345e-08,1.93033234e-08,8.177377e-09,7.18844717e-08,5.41191048e-09,7.54681295e-09,2.86810749e-11]",7.397289323307632e-07,8,-14.102618217468262,0,0,361,362,361,"[9.58441448,4.91144037,4.04577684,2.64470315,-4.51820374,-5.99997091,1.07157207,-1.25969231,-8.77623558,-6.92378426,-7.70140886,-4.23273039,-9.00297356,-8.43078995,-8.16420841,-9.02311611,-6.84942818,-9.43588448,-9.10336208,-14.6760035]","[0.985738873,0.00921117514,0.00387580693,0.000954736315,7.39728932e-07,1.68092953e-07,0.00019800743,1.9240937e-05,1.04672466e-08,6.6733179e-08,3.06636565e-08,9.84129542e-07,8.34375236e-09,1.47862629e-08,1.93033589e-08,8.177377e-09,7.18843367e-08,5.41191048e-09,7.54681295e-09,2.86811287e-11]",7.397289323307632e-07,8,-14.102618217468262,0,0
62,4,9.5367431640625e-07,3.0933108064346015e-05,9.5367431640625e-07,2.9188993266870966e-07,62,63,62,"[9.50111675,4.62953758,3.94048047,1.87529993,-5.34123611,-5.42882538,1.63361979,-0.791293621,-8.769454,-7.31421232,-7.6365509,-4.22772932,-8.98412895,-8.89524269,-8.39842319,-8.89537239,-7.55998802,-9.42862797,-9.01627254,-15.246048]","[0.987738132,0.00756731583,0.0037991642,0.000481716677,3.53744639e-07,3.2407857e-07,0.000378295605,3.34737633e-05,1.14771197e-08,4.91854415e-08,3.56325494e-08,1.07715823e-06,9.25980803e-09,1.01205675e-08,1.66329919e-08,1.01192539e-08,3.84679062e-08,5.9368781e-09,8.96687258e-09,1.76638079e-11]",3.537446389145771e-07,8,-14.842352867126465,0,0,362,363,362,"[9.50111675,4.62953711,3.94047952,1.87529945,-5.34123659,-5.4288249,1.63362026,-0.791293561,-8.769454,-7.31421185,-7.6365509,-4.22772932,-8.98412895,-8.89524269,-8.39842224,-8.89537144,-7.55998802,-9.42862797,-9.01627254,-15.246048]","[0.987738132,0.0075673121,0.00379916048,0.000481716444,3.53744639e-07,3.2407857e-07,0.000378295779,3.34737961e-05,1.14771197e-08,4.91854415e-08,3.56325494e-08,1.07715823e-06,9.25980803e-09,1.01205675e-08,1.66329919e-08,1.01192539e-08,3.84679062e-08,5.9368781e-09,8.96687258e-09,1.76638079e-11]",3.537446389145771e-07,8,-14.842353820800781,0,0
63,4,9.5367431640625e-07,0.0002537278342060745,9.5367431640625e-07,3.063150586513075e-07,63,64,63,"[8.26744175,6.2479372,4.45718956,1.55047941,-4.61771107,-4.65809298,1.02430379,-1.16751647,-8.60062408,-7.27693367,-7.65868235,-3.97560835,-8.95948505,-9.50913811,-8.54577637,-8.58108139,-7.34828186,-9.16652393,-8.75379086,-15.1035681]","[0.864394307,0.114723466,0.0191399325,0.00104609772,2.19159938e-06,2.10486246e-06,0.000618097663,6.90496599e-05,4.08323544e-08,1.53417687e-07,1.04733182e-07,4.16507282e-06,2.85201498e-08,1.64604224e-08,4.31344702e-08,4.16381809e-08,1.42852983e-07,2.31865407e-08,3.50335796e-08,6.12084411e-11]",2.1915993784205057e-06,8,-12.885152816772461,0,1,363,364,363,"[8.26744175,6.24793673,4.45718956,1.55047929,-4.61771107,-4.65809345,1.02430403,-1.16751611,-8.60062408,-7.27693367,-7.65868235,-3.97560835,-8.95948505,-9.50913906,-8.54577541,-8.58108139,-7.34828281,-9.16652393,-8.75379086,-15.103569]","[0.864394307,0.114723399,0.0191399325,0.00104609772,2.19159938e-06,2.10486041e-06,0.000618097663,6.90497181e-05,4.08323544e-08,1.53417687e-07,1.04733182e-07,4.16507282e-06,2.85201498e-08,1.64604224e-08,4.31344702e-08,4.16381809e-08,1.42852841e-07,2.31865407e-08,3.50335796e-08,6.12084411e-11]",2.1915993784205057e-06,8,-12.885152816772461,0,1
64,4,9.5367431640625e-07,6.460441363742575e-05,2.86102294921875e-06,1.3175479125493439e-06,64,65,64,"[7.46512222,6.97910452,5.926301,0.814303279,-3.18724418,-4.05339193,1.00485742,-2.56749535,-8.68638134,-7.40079165,-7.85653973,-3.64994407,-8.83913708,-10.2683554,-8.57242298,-8.39342213,-6.34859514,-9.25877476,-8.36597729,-15.1036539]","[0.545655906,0.335617065,0.117116287,0.000705512823,1.29019336e-05,5.4261468e-06,0.000853614067,2.39777492e-05,5.27727337e-08,1.90868704e-07,1.21005641e-07,8.12281814e-06,4.52969111e-08,1.08484324e-08,5.91427991e-08,7.07360783e-08,5.46635476e-07,2.97730338e-08,7.27041609e-08,8.61835395e-11]",1.2901933587272651e-05,7,-10.652366638183594,0,1,364,365,364,"[7.46512222,6.97910452,5.92630196,0.814302206,-3.18724465,-4.05339193,1.00485766,-2.56749582,-8.68638134,-7.40079165,-7.8565402,-3.64994526,-8.83913517,-10.2683554,-8.57242298,-8.39342213,-6.34859562,-9.25877476,-8.36597729,-15.1036568]","[0.545655787,0.335617036,0.117116392,0.000705512124,1.29019327e-05,5.42615089e-06,0.00085361395,2.39777237e-05,5.27727266e-08,1.90868491e-07,1.21005627e-07,8.12281087e-06,4.52970745e-08,1.08484315e-08,5.9142792e-08,7.07360002e-08,5.46634908e-07,2.97730303e-08,7.27042178e-08,8.61831925e-11]",1.290193267777795e-05,7,-10.652366638183594,0,1
65,4,9.5367431640625e-07,2.936125201813411e-05,1.430511474609375e-06,4.2801553945537307e-07,65,66,65,"[6.06745434,6.68323755,8.70373154,0.417774409,-2.64397192,-2.88789511,1.27915466,-2.87054396,-8.33000088,-6.89343882,-7.92576551,-3.06155062,-8.73348045,-10.2815781,-8.42802238,-7.74946642,-5.89615202,-9.38819313,-7.84618568,-14.2681351]","[0.0594366677,0.110023558,0.829803169,0.000209136357,9.78881872e-06,7.67000802e-06,0.000494905631,7.80425307e-06,3.32138086e-08,1.39704326e-07,4.97595103e-08,6.4472988e-06,2.21865264e-08,4.71802153e-09,3.0112588e-08,5.9352935e-08,3.78727123e-07,1.15279271e-08,5.38811129e-08,8.75830658e-11]",9.788818715605885e-06,6,-11.34770393371582,2,2,365,366,365,"[6.06745481,6.68323708,8.70373154,0.417774588,-2.6439712,-2.88789487,1.27915466,-2.87054372,-8.33000088,-6.89343929,-7.92576647,-3.06155133,-8.73348141,-10.2815781,-8.42802238,-7.74946642,-5.8961525,-9.38819313,-7.84618711,-14.2681351]","[0.0594366938,0.110023513,0.829803169,0.000209136357,9.78881872e-06,7.67000802e-06,0.000494905631,7.80425307e-06,3.32138086e-08,1.39704326e-07,4.97595103e-08,6.4472988e-06,2.21865264e-08,4.71802153e-09,3.0112588e-08,5.9352935e-08,3.78726781e-07,1.15279271e-08,5.38811129e-08,8.75830658e-11]",9.788818715605885e-06,6,-11.347702980041504,2,2
66,4,7.152557373046875e-07,1.406258797942428e-05,1.430511474609375e-06,2.425566663077916e-07,66,67,66,"[6.74487638,8.65146828,5.325037,1.47440958,-4.79962063,-3.45112801,-0.6420753,-0.668518841,-8.0531559,-7.25586367,-9.11947823,-2.0429709,-8.57949638,-10.875761,-8.85571098,-7.64652443,-5.89974928,-10.1726294,-7.60211372,-14.1244507]","[0.125337854,0.843537867,0.030300783,0.000644388201,1.21442554e-06,4.67750033e-06,7.76193119e-05,7.55936926e-05,4.69222137e-08,1.04144974e-07,1.61540186e-08,1.91235613e-05,2.77199046e-08,2.78956636e-09,2.10297078e-08,7.0465461e-08,4.04194992e-07,5.63512126e-09,7.36654115e-08,1.08305039e-10]",1.2144255379098468e-06,9,-13.451088905334473,1,1,366,367,366,"[6.74487591,8.65146732,5.325037,1.47440994,-4.79962015,-3.45112777,-0.642075181,-0.668518782,-8.05315495,-7.25586271,-9.11947823,-2.04297113,-8.57949543,-10.875761,-8.85571003,-7.646523,-5.89974976,-10.1726294,-7.60211277,-14.1244497]","[0.125337914,0.843537867,0.0303008128,0.000644389133,1.21442679e-06,4.67750442e-06,7.76193847e-05,7.55937654e-05,4.6922306e-08,1.04145165e-07,1.61540186e-08,1.91235613e-05,2.77199597e-08,2.78956636e-09,2.10297486e-08,7.0465596e-08,4.04195362e-07,5.63512126e-09,7.36655537e-08,1.0830524e-10]",1.2144267884650617e-06,9,-13.451087951660156,1,1
67,4,9.5367431640625e-07,0.0001104484181269072,1.9073486328125e-06,1.387147108289355e-06,67,68,67,"[7.58284378,8.10138988,3.7623744,1.0424453,-5.46223164,-2.86574221,-0.251311421,-0.214846149,-8.45993423,-7.37581015,-8.53825378,-2.39385557,-8.61189175,-10.4277563,-8.98525715,-7.93116713,-6.84255838,-9.44224453,-8.24522591,-13.8695078]","[0.369845569,0.621186674,0.00810609479,0.000534024788,7.99127633e-07,1.07215346e-05,0.000146450242,0.000151889079,3.98776976e-08,1.17912471e-07,3.6873665e-08,1.71868051e-05,3.42559616e-08,5.57334801e-09,2.35822704e-08,6.76661216e-08,2.00977595e-07,1.49320183e-08,4.94285075e-08,1.78394924e-10]",7.991276333996211e-07,9,-13.563621520996094,1,1,367,368,367,"[7.5828433,8.10138893,3.76237535,1.04244673,-5.46223116,-2.86574221,-0.251311243,-0.214846447,-8.45993423,-7.37581015,-8.53825378,-2.39385557,-8.61189079,-10.4277563,-8.98525524,-7.93116713,-6.84255838,-9.44224453,-8.24522591,-13.8695059]","[0.369845659,0.621186495,0.00810610689,0.000534025894,7.99128884e-07,1.07215519e-05,0.000146450329,0.000151889151,3.9877758e-08,1.17912435e-07,3.68737254e-08,1.71867996e-05,3.42560149e-08,5.57335733e-09,2.35823538e-08,6.76661003e-08,2.00977922e-07,1.49320432e-08,4.94284933e-08,1.78395562e-10]",7.991288839548361e-07,9,-13.563619613647461,1,1
68,4,1.1920928955078125e-06,5.405045158113353e-05,1.9073486328125e-06,6.123523235146422e-07,68,69,68,"[7.09266853,8.95502663,4.05505943,0.56436336,-5.7018671,-2.38202143,-0.843242884,-0.121671468,-8.60725117,-7.69244432,-8.3265028,-2.37293291,-8.67219734,-10.5435677,-9.09293556,-7.86963415,-6.63665199,-9.5947094,-8.16842175,-14.158844]","[0.133519083,0.859716296,0.00640215911,0.000195135581,3.70635576e-07,1.02503227e-05,4.77552239e-05,9.82641723e-05,2.02840376e-08,5.06348812e-08,2.68585598e-08,1.03439079e-05,1.9008553e-08,2.92566193e-09,1.24802932e-08,4.24128679e-08,1.45537598e-07,7.55626495e-09,3.14583879e-08,7.87280588e-11]",3.706355755639379e-07,9,-14.656893730163574,1,1,368,369,368,"[7.09266853,8.95502663,4.05506134,0.564363122,-5.70186853,-2.38202071,-0.843242586,-0.121671543,-8.60725212,-7.6924448,-8.3265028,-2.37293291,-8.6721983,-10.5435677,-9.09293556,-7.86963511,-6.63665295,-9.5947094,-8.16842175,-14.158844]","[0.133519083,0.859716296,0.00640217122,0.000195135581,3.70634865e-07,1.02503327e-05,4.77552239e-05,9.82641723e-05,2.02840376e-08,5.06348812e-08,2.68585598e-08,1.03439079e-05,1.9008553e-08,2.92566193e-09,1.24802932e-08,4.24128679e-08,1.45537456e-07,7.55626495e-09,3.14583879e-08,7.87280588e-11]",3.7063486502120213e-07,9,-14.65689468383789,1,1
69,4,1.430511474609375e-06,0.00017734539869707078,1.9073486328125e-06,3.3133487704617437e-06,69,70,69,"[6.48077202,9.9028511,3.03599381,0.539677382,-6.10760117,-1.76205695,-1.51101601,0.396322012,-8.46119308,-7.55683804,-8.09642696,-2.16258478,-8.52406883,-10.3739452,-8.84492016,-7.6523056,-6.17461491,-9.54801464,-7.85855007,-13.8550148]","[0.0315749831,0.967237592,0.00100761559,8.30153876e-05,1.07716467e-07,8.30859972e-06,1.06795687e-05,7.19283562e-05,1.02359969e-08,2.52863472e-08,1.47416337e-08,5.56648092e-06,9.61219815e-09,1.51158153e-09,6.97395564e-09,2.29839934e-08,1.00734631e-07,3.45246343e-09,1.87005433e-08,4.65182233e-11]",1.07716466857255e-07,9,-16.010452270507812,1,1,369,370,369,"[6.48077011,9.9028511,3.03599429,0.53967917,-6.10760021,-1.7620554,-1.51101577,0.396321625,-8.46119118,-7.55683708,-8.09642601,-2.16258383,-8.52406788,-10.3739433,-8.8449192,-7.65230417,-6.17461443,-9.54801369,-7.85854864,-13.8550129]","[0.0315749273,0.967237711,0.00100761664,8.3015555e-05,1.07716481e-07,8.30861609e-06,1.06795696e-05,7.19283053e-05,1.02359978e-08,2.52863508e-08,1.47416355e-08,5.56649229e-06,9.61223545e-09,1.51158752e-09,6.97395652e-09,2.29839969e-08,1.00734646e-07,3.45246387e-09,1.87006179e-08,4.65182268e-11]",1.0771648106810972e-07,9,-16.010452270507812,1,1
70,4,5.364418029785156e-07,4.37503622379154e-05,1.9073486328125e-06,1.8239895780425286e-06,70,71,70,"[6.33107185,8.59732628,3.77333379,0.457494408,-3.09268832,-2.86855221,1.14728296,-2.33255816,-8.41993809,-6.5645237,-8.05337906,-1.24877012,-8.77838993,-9.82017136,-8.38472271,-7.4100132,-5.36506128,-9.59868813,-7.51664257,-13.5924797]","[0.0931967124,0.898715794,0.00722086057,0.000262143119,7.52858659e-06,9.42008137e-06,0.000522528193,1.61003027e-05,3.65694071e-08,2.33837739e-07,5.2760992e-08,4.75901616e-05,2.555314e-08,9.01581121e-09,3.78802341e-08,1.00397564e-07,7.75951719e-07,1.12510676e-08,9.02433186e-08,2.07353842e-10]",7.5285865932528395e-06,9,-11.690014839172363,1,1,370,371,370,"[6.33107185,8.59732628,3.77333403,0.457495242,-3.09268904,-2.86855173,1.14728272,-2.33255768,-8.41993809,-6.56452465,-8.05337906,-1.24876964,-8.77838993,-9.82017136,-8.38472462,-7.41001272,-5.36506176,-9.59868813,-7.51664305,-13.5924788]","[0.0931967124,0.898715794,0.00722086383,0.000262143352,7.52857932e-06,9.42008955e-06,0.000522527902,1.61003027e-05,3.65694071e-08,2.33837511e-07,5.2760992e-08,4.75901616e-05,2.555314e-08,9.01581121e-09,3.78800884e-08,1.00397564e-07,7.7595098e-07,1.12510676e-08,9.02431481e-08,2.07354245e-10]",7.528579317295225e-06,9,-11.69001579284668,1,1
71,4,1.430511474609375e-06,2.9537559385062195e-05,1.9073486328125e-06,1.120623346650973e-05,71,72,71,"[4.58908272,9.55285835,4.69225788,1.85520947,-2.67982984,-2.18842983,-0.042551063,-1.48838127,-6.98776722,-6.10831356,-7.96964121,-2.30201674,-7.88260651,-9.8549242,-7.60336876,-6.50516462,-5.09644508,-8.89115429,-8.15272713,-12.1241512]","[0.00688127801,0.984939337,0.00762917334,0.0004470571,4.79535311e-06,7.83849737e-06,6.70156369e-05,1.57855593e-05,6.45515428e-08,1.55542438e-07,2.41815883e-08,6.99685461e-06,2.63804676e-08,3.67042352e-09,3.4878255e-08,1.0459221e-07,4.27856207e-07,9.62225677e-09,2.0135916e-08,3.79493048e-10]",4.7953531066013966e-06,9,-12.232687950134277,1,1,371,372,371,"[4.58908367,9.55286026,4.69225788,1.85521042,-2.67983079,-2.18842983,-0.0425515398,-1.48838139,-6.98776817,-6.10831356,-7.96964216,-2.30201769,-7.88260794,-9.85492516,-7.60336876,-6.50516558,-5.09644508,-8.89115524,-8.15272808,-12.1241522]","[0.00688127195,0.984939337,0.00762915891,0.000447056664,4.79533946e-06,7.83848191e-06,6.70154404e-05,1.57855302e-05,6.45513012e-08,1.55542153e-07,2.41814959e-08,6.99682778e-06,2.63804676e-08,3.67040953e-09,3.48781199e-08,1.04591813e-07,4.27855383e-07,9.62222124e-09,2.01358397e-08,3.79491605e-10]",4.79533946418087e-06,9,-12.232690811157227,1,1
72,4,9.5367431640625e-07,0.0008051799959503114,1.430511474609375e-06,1.4476587466560886e-06,72,73,72,"[5.19392395,8.6597271,4.3064847,0.301584035,-0.741116405,-2.43278313,0.185936719,-1.15352654,-7.45093679,-6.43824291,-7.9505682,-3.16298127,-8.05601215,-10.0122204,-7.69513464,-6.80369997,-4.66276026,-9.0344305,-7.92226219,-12.5389738]","[0.0299103502,0.95719552,0.0123143503,0.000224442643,7.91163329e-05,1.45741978e-05,0.000199931092,5.23791969e-05,9.64335243e-08,2.65482299e-07,5.85115352e-08,7.02204761e-06,5.2655885e-08,7.44520934e-09,7.55395178e-08,1.84212638e-07,1.5671759e-06,1.97936583e-08,6.01913683e-08,5.95007266e-10]",7.911633292678744e-05,6,-9.400843620300293,1,1,372,373,372,"[5.193923,8.6597271,4.30648565,0.301583618,-0.741117477,-2.43278217,0.185936451,-1.15352678,-7.45093632,-6.43824339,-7.95056725,-3.16298127,-8.0560112,-10.0122204,-7.69513321,-6.80369902,-4.66276026,-9.03442955,-7.92226219,-12.5389738]","[0.0299103204,0.95719552,0.0123143625,0.00022444241,7.91162602e-05,1.45742133e-05,0.000199931092,5.23791496e-05,9.64335243e-08,2.65482299e-07,5.85115352e-08,7.02204761e-06,5.2655885e-08,7.44520934e-09,7.55395178e-08,1.84212979e-07,1.5671759e-06,1.97936583e-08,6.01913683e-08,5.95007266e-10]",7.91162601672113e-05,6,-9.40084457397461,1,1
73,4,9.5367431640625e-07,0.09375,9.5367431640625e-07,1.9909735783585347e-05,73,74,73,"[6.65831852,7.84022951,3.84671426,-0.880219102,-3.38806629,-2.94975376,-0.0082327947,-0.328782409,-8.09124947,-6.63606215,-8.19456196,-2.79360104,-8.27106953,-9.39846992,-8.45506096,-7.6915946,-5.22836208,-9.29549503,-7.63315153,-13.4416904]","[0.231286794,0.754133523,0.0139022954,0.000123085003,1.00244633e-05,1.55388134e-05,0.000294377242,0.000213644336,9.08855853e-08,3.89470614e-07,8.19646502e-08,1.81649466e-05,7.59276162e-08,2.45910137e-08,6.3167505e-08,1.35538528e-07,1.59158844e-06,2.72582152e-08,1.43695871e-07,4.31348263e-10]",1.002446333586704e-05,9,-11.228296279907227,1,0,373,374,373,"[6.65831852,7.84022951,3.84671474,-0.880219698,-3.38806677,-2.94975305,-0.00823263079,-0.328782231,-8.09125042,-6.63606167,-8.19456291,-2.79360104,-8.27106953,-9.39846992,-8.45506191,-7.6915946,-5.22836208,-9.29549503,-7.63315105,-13.4416904]","[0.231286794,0.754133523,0.0139023075,0.000123085003,1.00244633e-05,1.55388425e-05,0.000294377242,0.000213644336,9.08855853e-08,3.89470614e-07,8.19646502e-08,1.81649466e-05,7.59276162e-08,2.45910137e-08,6.3167505e-08,1.35538528e-07,1.59158844e-06,2.72582152e-08,1.43695871e-07,4.31348263e-10]",1.002446333586704e-05,9,-11.228296279907227,1,0
74,4,9.5367431640625e-07,8.020910900086164e-05,1.430511474609375e-06,1.3726162251259666e-06,74,75,74,"[9.21230125,4.88720369,4.31492567,-0.191085368,-1.64869356,-4.06153059,1.70236576,-0.434241146,-9.69634533,-6.36941147,-8.27070999,-3.64257383,-9.17314053,-9.29472351,-8.79924679,-9.37315464,-5.49920321,-10.2370567,-8.76912308,-12.4133396]","[0.979031801,0.0129548032,0.00730959978,8.07156393e-05,1.87900059e-05,1.68284714e-06,0.000536134001,6.32931333e-05,6.01002581e-09,1.67395967e-07,2.50046917e-08,2.55855821e-06,1.01414788e-08,8.98044927e-09,1.47394497e-08,8.30300806e-09,3.9964263e-07,3.4998382e-09,1.51901975e-08,3.9710038e-10]",1.8790005924529396e-05,7,-10.860994338989258,0,0,374,375,374,"[9.21230125,4.88720322,4.31492424,-0.191085607,-1.64869416,-4.06152964,1.70236504,-0.43424055,-9.69634438,-6.36941147,-8.27070999,-3.64257383,-9.17314053,-9.29472256,-8.79924583,-9.37315464,-5.49920273,-10.2370567,-8.76912308,-12.4133396]","[0.979031801,0.0129547976,0.00730958953,8.07156393e-05,1.87899877e-05,1.68285032e-06,0.000536133419,6.32931915e-05,6.01002581e-09,1.67395967e-07,2.50046917e-08,2.55855821e-06,1.01414788e-08,8.98046704e-09,1.47394497e-08,8.30300806e-09,3.9964263e-07,3.4998382e-09,1.51901975e-08,3.9710038e-10]",1.878998773463536e-05,7,-10.860995292663574,0,0
75,4,9.5367431640625e-07,3.948057201341726e-05,1.9073486328125e-06,3.1217203400046856e-07,75,76,75,"[8.59106541,3.99501109,5.23712015,1.52748203,-3.56282687,-4.45896006,1.38993633,0.515489161,-8.91594315,-6.4107461,-7.32187557,-4.19198895,-8.62632751,-8.96307659,-8.08000088,-8.9382534,-6.55187321,-9.28235722,-8.93793488,-12.6151571]","[0.955145121,0.00963892136,0.0333787017,0.000817323744,5.03153979e-06,2.05359856e-06,0.0007122932,0.000297092251,2.38162059e-08,2.91652441e-07,1.17264598e-07,2.68200392e-06,3.18163984e-08,2.27196892e-08,5.4943623e-08,2.32906991e-08,2.53264716e-07,1.65097216e-08,2.32981634e-08,5.89283067e-10]",5.031539785704808e-06,7,-12.153892517089844,0,0,375,376,375,"[8.59106541,3.99501061,5.23711967,1.52748156,-3.56282783,-4.45895958,1.38993609,0.515489161,-8.91594505,-6.41074562,-7.3218751,-4.19198942,-8.62632847,-8.96307659,-8.08000183,-8.9382534,-6.55187321,-9.28235722,-8.93793488,-12.6151581]","[0.95514524,0.00963891391,0.0333786905,0.000817323395,5.03153615e-06,2.05359879e-06,0.000712292909,0.000297092309,2.38161171e-08,2.91652498e-07,1.17264719e-07,2.68200165e-06,3.18162847e-08,2.2719691e-08,5.49436301e-08,2.32907009e-08,2.53264744e-07,1.65097234e-08,2.32981652e-08,5.89283122e-10]",5.031536147726001e-06,7,-12.15389347076416,0,0
76,4,1.0132789611816406e-06,3.6953206290490925e-05,1.9073486328125e-06,5.173810677661095e-07,76,77,76,"[8.20541859,2.69505572,9.40430546,-2.49728417,-2.33422613,-5.05203819,2.4443996,-0.921636224,-9.37168789,-7.63533688,-6.95464659,-4.56269455,-8.67466927,-9.57679462,-8.25731564,-8.69323063,-6.27874565,-9.42812157,-8.53845215,-14.5385113]","[0.23127912,0.000935440941,0.76701951,5.20010144e-06,6.12106169e-06,4.041068e-07,0.00072804431,2.51366146e-05,5.37645661e-09,3.05199457e-08,6.02842718e-08,6.59197269e-07,1.07946123e-08,4.37945635e-09,1.63855809e-08,1.05961275e-08,1.18506961e-07,5.0814406e-09,1.23699015e-08,3.06600474e-11]",6.1210616877360735e-06,6,-11.738531112670898,2,2,376,377,376,"[8.20541859,2.69505453,9.4043045,-2.49728417,-2.33422518,-5.05203915,2.44440007,-0.921635747,-9.37168789,-7.6353364,-6.95464563,-4.56269503,-8.67467022,-9.57679367,-8.25731468,-8.69323063,-6.27874565,-9.42812157,-8.53845215,-14.5385132]","[0.231279299,0.000935440243,0.767019331,5.20010508e-06,6.12107669e-06,4.04106686e-07,0.000728044834,2.51366546e-05,5.37645484e-09,3.0519999e-08,6.02843713e-08,6.59197667e-07,1.07946097e-08,4.37945502e-09,1.63856075e-08,1.0596124e-08,1.18507032e-07,5.08144904e-09,1.2369898e-08,3.06600405e-11]",6.121076694398653e-06,6,-11.738529205322266,2,2
77,4,7.152557373046875e-07,0.000677653995808214,9.5367431640625e-07,3.55739615542916e-07,77,78,77,"[8.87825298,4.15619135,6.50670624,-1.74112511,-3.66935992,-3.41368818,0.4261415,0.670205295,-8.93872547,-8.44692039,-7.72804785,-3.35325122,-9.19368553,-10.7722702,-8.79602337,-8.63510799,-6.95151138,-9.72224045,-8.14512062,-15.5057411]","[0.90681833,0.00806779694,0.0846390203,2.2160677e-05,3.22226401e-06,4.16100147e-06,0.000193559725,0.000247064541,1.6584595e-08,2.71202367e-08,5.56539099e-08,4.42023565e-06,1.28522011e-08,2.65097788e-09,1.91284037e-08,2.24679493e-08,1.20987622e-07,7.5757951e-09,3.66744395e-08,2.33177037e-11]",3.222264012947562e-06,9,-12.547613143920898,0,0,377,378,377,"[8.87825298,4.15619087,6.50670671,-1.74112558,-3.66935945,-3.41368866,0.42614162,0.670205534,-8.93872547,-8.44692039,-7.72804737,-3.35325193,-9.19368458,-10.7722702,-8.79602337,-8.63510799,-6.95151234,-9.72224045,-8.14512062,-15.5057411]","[0.90681833,0.00806779321,0.0846390575,2.2160677e-05,3.2222672e-06,4.16100147e-06,0.000193559725,0.000247064541,1.6584595e-08,2.71202367e-08,5.56539099e-08,4.42023111e-06,1.28522011e-08,2.65097788e-09,1.91284037e-08,2.24679493e-08,1.20987522e-07,7.5757951e-09,3.66744395e-08,2.33177037e-11]",3.2222671961790184e-06,9,-12.547612190246582,0,0
78,4,1.1920928955078125e-06,1.8440003259456716e-05,1.9073486328125e-06,1.8717167904469534e-06,78,79,78,"[8.53735638,4.07485294,6.93913555,-2.65078449,-3.69094682,-3.90731478,1.43702435,-0.382138878,-8.85416794,-8.72999668,-7.76040506,-3.48448896,-8.51009846,-10.2814837,-8.4668293,-8.46426296,-7.07122231,-9.63758278,-8.40633297,-15.9505749]","[0.823196292,0.00949429628,0.166496426,1.13908345e-05,4.02549176e-06,3.24228495e-06,0.000678997661,0.000110107183,2.30388046e-08,2.60847859e-08,6.87820858e-08,4.94860205e-06,3.25003349e-08,5.52821655e-09,3.39374999e-08,3.40246729e-08,1.37019939e-07,1.05251434e-08,3.60539332e-08,1.9077892e-11]",4.025491762149613e-06,8,-12.228302955627441,0,0,378,379,378,"[8.53735447,4.07485199,6.93913651,-2.65078378,-3.69094586,-3.9073143,1.43702424,-0.382138163,-8.85416698,-8.72999573,-7.76040459,-3.48448801,-8.5100975,-10.2814827,-8.46682835,-8.46426201,-7.0712204,-9.63758087,-8.40633202,-15.950573]","[0.823195875,0.00949430093,0.166496813,1.13908609e-05,4.02550131e-06,3.24229291e-06,0.000678998593,0.000110107445,2.30388828e-08,2.60848729e-08,6.87821782e-08,4.94860888e-06,3.25004414e-08,5.52823476e-09,3.39375461e-08,3.4024719e-08,1.37020407e-07,1.05251781e-08,3.60539829e-08,1.90779562e-11]",4.025501311843982e-06,8,-12.228300094604492,0,0
79,4,9.5367431640625e-07,0.0012471419759094715,1.9073486328125e-06,5.165423999642371e-07,79,80,79,"[8.56052876,3.24499154,7.90838242,-2.83245015,-2.9068706,-3.64845181,1.98297131,-1.15391576,-9.14003277,-8.3459034,-7.87398767,-4.09223366,-8.20950794,-9.75416374,-8.14215755,-8.33541775,-7.17264128,-9.42226887,-8.82584667,-16.2038937]","[0.654740334,0.003217811,0.341071576,7.38178369e-06,6.85236864e-06,3.26419558e-06,0.000910903036,3.95493735e-05,1.34528069e-08,2.97644949e-08,4.77143587e-08,2.09432574e-06,3.41140982e-08,7.27945437e-09,3.64909063e-08,3.00782652e-08,9.62143716e-08,1.01446833e-08,1.84188362e-08,1.15084461e-11]",6.8523686422850005e-06,7,-11.467399597167969,0,0,379,380,379,"[8.56052971,3.24499154,7.90838289,-2.83245063,-2.90687108,-3.64845252,1.98297155,-1.15391517,-9.14003277,-8.34590435,-7.87398767,-4.09223318,-8.20950794,-9.75416374,-8.14215755,-8.33541775,-7.17264223,-9.42226887,-8.82584667,-16.2038956]","[0.654740453,0.00321780844,0.341071486,7.38177141e-06,6.85236364e-06,3.26419013e-06,0.000910902803,3.95493407e-05,1.34528095e-08,2.97645002e-08,4.77143658e-08,2.09432619e-06,3.41141053e-08,7.27945526e-09,3.64909098e-08,3.00782723e-08,9.62142153e-08,1.01446851e-08,1.84188398e-08,1.15084036e-11]",6.852363640064141e-06,7,-11.467400550842285,0,0
80,4,9.5367431640625e-07,1.9913337382604368e-05,1.1920928955078125e-06,1.0719063538999762e-06,80,81,80,"[8.42958927,2.43584514,8.30036068,-1.11212409,-3.40110159,-3.54296112,1.97133958,-1.46843684,-8.76158524,-7.59782124,-7.9286685,-4.33010387,-7.58366013,-9.14189148,-7.57072735,-7.85637093,-6.81816292,-9.08739662,-8.87943363,-15.6905727]","[0.531074703,0.00132466399,0.466694146,3.81278223e-05,3.86502279e-06,3.35384539e-06,0.000832479331,2.66991447e-05,1.81602999e-08,5.81486574e-08,4.17690629e-08,1.52648056e-06,5.8977907e-08,1.24153239e-08,5.97456662e-08,4.49007267e-08,1.26806341e-07,1.31106956e-08,1.61414473e-08,1.77788131e-11]",3.865022790705552e-06,7,-11.830690383911133,0,2,380,381,380,"[8.42958927,2.43584442,8.30036068,-1.11212528,-3.40110183,-3.5429616,1.97134006,-1.46843672,-8.76158619,-7.59782171,-7.92866898,-4.33010483,-7.58366108,-9.14189243,-7.57072783,-7.85637093,-6.81816292,-9.08739758,-8.87943459,-15.6905737]","[0.531074703,0.00132466271,0.466694146,3.81277823e-05,3.86501961e-06,3.35384243e-06,0.000832479738,2.66991683e-05,1.81602999e-08,5.81486574e-08,4.17689812e-08,1.5264792e-06,5.8977907e-08,1.24153239e-08,5.97456662e-08,4.49007267e-08,1.26806341e-07,1.31106699e-08,1.61414473e-08,1.77787802e-11]",3.865019607474096e-06,7,-11.83069133758545,0,2
81,4,9.5367431640625e-07,6.567497621290386e-05,1.9073486328125e-06,1.6107090914374567e-06,81,82,81,"[8.82929039,1.81801724,8.007864,-0.351549596,-4.60718203,-3.40452623,2.07642055,-1.74370265,-8.75765896,-7.54372549,-7.90673304,-4.62430191,-7.27189636,-8.86109352,-7.11644936,-7.67923975,-7.25972605,-8.72532177,-8.95050716,-15.7487974]","[0.693476439,0.00062527979,0.304993629,7.14239286e-05,1.01308456e-06,3.3725039e-06,0.000809650752,1.77516631e-05,1.5963094e-08,5.37428946e-08,3.73825841e-08,9.95888854e-07,7.05303407e-08,1.4394467e-08,8.23918995e-08,4.69319268e-08,7.13938633e-08,1.64877321e-08,1.3163282e-08,1.46860232e-11]",1.0130845566891367e-06,8,-13.436471939086914,0,0,381,382,381,"[8.82928944,1.81801689,8.00786495,-0.351550162,-4.60718107,-3.40452647,2.07642055,-1.74370289,-8.75765896,-7.54372549,-7.90673256,-4.62430143,-7.27189636,-8.86109352,-7.11644888,-7.67923975,-7.25972509,-8.72532177,-8.95050526,-15.7487984]","[0.693476021,0.000625280023,0.304994047,7.14238922e-05,1.01308592e-06,3.37250526e-06,0.000809650985,1.77516704e-05,1.59630851e-08,5.37428626e-08,3.73825628e-08,9.95889081e-07,7.0530298e-08,1.4394459e-08,8.23920061e-08,4.69319019e-08,7.13938206e-08,1.64877232e-08,1.31633229e-08,1.46860146e-11]",1.0130859209311893e-06,8,-13.436470031738281,0,0
82,4,1.430511474609375e-06,8.823334792396054e-05,1.9073486328125e-06,1.924711796164047e-06,82,83,82,"[9.77413559,1.53182209,6.81018019,-0.123872355,-5.02783442,-3.87572479,1.99945915,-1.73117375,-9.08097076,-8.07101154,-7.82770538,-4.67321968,-7.51477146,-9.14425468,-6.87050724,-8.0873251,-7.48632908,-8.67407799,-9.14609718,-16.0672989]","[0.950244665,0.000250175159,0.0490462668,4.77732792e-05,3.54340926e-07,1.12144096e-06,0.000399334094,9.57509837e-06,6.15413187e-09,1.68961183e-08,2.15502851e-08,5.0515979e-07,2.94685591e-08,5.77675241e-09,5.61253835e-08,1.66226872e-08,3.0318752e-08,9.24440346e-09,5.76611869e-09,5.68909329e-12]",3.5434092637842696e-07,9,-14.801969528198242,0,2,382,383,382,"[9.77413464,1.53182232,6.81017876,-0.123872116,-5.02783394,-3.87572408,1.99945867,-1.73117304,-9.08097076,-8.07101154,-7.82770491,-4.67321873,-7.51477003,-9.14425373,-6.87050533,-8.08732414,-7.48632908,-8.67407608,-9.14609718,-16.067297]","[0.950244784,0.00025017545,0.0490462556,4.77733738e-05,3.54341665e-07,1.12144312e-06,0.000399334356,9.57511747e-06,6.15413276e-09,1.68961201e-08,2.15502869e-08,5.05160813e-07,2.94685627e-08,5.7767533e-09,5.61256073e-08,1.66227512e-08,3.03187555e-08,9.24440435e-09,5.76611958e-09,5.68911541e-12]",3.5434166534287215e-07,9,-14.801968574523926,0,2
83,4,9.5367431640625e-07,5.7429238950135186e-05,1.9073486328125e-06,8.564612699046847e-07,83,84,83,"[9.3010416,3.27228332,5.20284843,-0.779984832,-4.8603096,-4.20979595,2.13756728,-0.556752741,-8.69836521,-8.3859396,-7.87598085,-3.98751783,-8.56955242,-9.74150658,-7.87913513,-8.24646187,-7.43497896,-9.08727074,-8.54550838,-15.9349613]","[0.980504036,0.00236152764,0.0162789617,4.10502071e-05,6.93829406e-07,1.32974151e-06,0.000759262766,5.13172672e-05,1.49418877e-08,2.0421659e-08,3.40066535e-08,1.66073812e-06,1.69960881e-08,5.26472155e-09,3.38995427e-08,2.34782132e-08,5.28553095e-08,1.01275965e-08,1.74096968e-08,1.07545483e-11]",6.9382940637297e-07,9,-14.161351203918457,0,0,383,384,383,"[9.30104351,3.27228284,5.20284796,-0.779984951,-4.86030912,-4.20979691,2.1375668,-0.556753218,-8.69836617,-8.38594055,-7.87598085,-3.98751736,-8.56955338,-9.74150658,-7.87913418,-8.24646187,-7.43497849,-9.08727074,-8.54550838,-15.9349623]","[0.980504155,0.00236152089,0.0162789244,4.10500943e-05,6.93828156e-07,1.32973776e-06,0.000759260729,5.13171763e-05,1.49418895e-08,2.04215862e-08,3.40065291e-08,1.66073676e-06,1.69960259e-08,5.26472199e-09,3.38994184e-08,2.34782149e-08,5.28551141e-08,1.01275974e-08,1.74096328e-08,1.07545084e-11]",6.93828155817755e-07,9,-14.161352157592773,0,0
84,4,8.642673492431641e-07,0.0004938834463246167,1.430511474609375e-06,5.594704930445005e-07,84,85,84,"[6.03500271,8.13971329,4.28426695,-1.06537604,-5.84787416,-3.05805469,0.923069954,-0.553757668,-7.67644835,-8.27746964,-7.56672335,-4.00111103,-8.34922981,-10.0531034,-7.7991972,-7.46711969,-7.39088011,-8.61104679,-7.82580662,-15.3623629]","[0.106532916,0.874073565,0.0184990279,8.78675201e-05,7.35894787e-07,1.19789584e-05,0.000641799881,0.000146562044,1.18216057e-07,6.48120846e-08,1.31925589e-07,4.66503525e-06,6.03239982e-08,1.09776064e-08,1.04560378e-07,1.45742533e-07,1.57288568e-07,4.64286174e-08,1.01814763e-07,5.42908218e-11]",7.358947868851828e-07,9,-13.987586975097656,1,0,384,385,384,"[6.03500319,8.13971233,4.28426838,-1.06537664,-5.84787464,-3.05805469,0.923070431,-0.553757668,-7.67644978,-8.27747059,-7.56672382,-4.00111055,-8.34922981,-10.0531025,-7.79919815,-7.46712112,-7.39087963,-8.61104774,-7.82580662,-15.3623619]","[0.106533043,0.874073386,0.0184990671,8.78675855e-05,7.35895298e-07,1.19789665e-05,0.00064180058,0.000146562146,1.18215915e-07,6.48120704e-08,1.31925674e-07,4.66504343e-06,6.03242185e-08,1.09776455e-08,1.04560357e-07,1.45742504e-07,1.57288696e-07,4.64286067e-08,1.0181494e-07,5.42908114e-11]",7.358952984759526e-07,9,-13.987586975097656,1,0
85,4,9.5367431640625e-07,6.870255310786888e-05,9.5367431640625e-07,3.1045479431668355e-07,85,86,85,"[10.6664534,1.74212527,6.44631529,1.28592741,-5.29109859,-6.71278429,2.36614394,-1.15194833,-9.54998779,-8.1629343,-7.43223906,-4.12602329,-9.07751751,-8.9677248,-8.04701614,-9.38045979,-7.08179092,-9.52194309,-8.99237251,-15.6093121]","[0.985056221,0.000131121735,0.0144769931,8.30903373e-05,1.15660285e-07,2.79096124e-08,0.000244727358,7.25762538e-06,1.63520331e-09,6.54578702e-09,1.35924898e-08,3.70825887e-07,2.62278954e-09,2.92715563e-09,7.35028305e-09,1.93730165e-09,1.92972784e-08,1.68171277e-09,2.85589263e-09,3.81980775e-12]",1.1566028490506142e-07,8,-15.957551956176758,0,0,385,386,385,"[10.6664524,1.74212575,6.44631481,1.28592753,-5.29109812,-6.71278429,2.3661437,-1.15194798,-9.54998779,-8.16293335,-7.4322381,-4.12602282,-9.07751751,-8.96772385,-8.0470171,-9.38045979,-7.08179092,-9.52194309,-8.99237156,-15.6093121]","[0.985056221,0.000131121851,0.0144769996,8.30904246e-05,1.15660505e-07,2.79096657e-08,0.000244727591,7.25763221e-06,1.63520653e-09,6.5457999e-09,1.35925147e-08,3.70826598e-07,2.62279443e-09,2.92716118e-09,7.35028305e-09,1.93730165e-09,1.92973157e-08,1.68171277e-09,2.85589263e-09,3.81980775e-12]",1.156605051733095e-07,8,-15.957550048828125,0,0
86,4,9.5367431640625e-07,0.00014158290287014097,9.5367431640625e-07,2.562298959674081e-06,86,87,86,"[11.3310003,1.98861039,4.82243824,-0.709291577,-5.16764832,-6.10549498,1.20437229,0.0756020695,-9.5760994,-8.11607552,-7.14188194,-4.76334715,-8.63527393,-8.74431705,-8.49152565,-9.62323856,-6.72578859,-9.93746185,-8.73635674,-16.0650616]","[0.998365343,8.74865073e-05,0.00148818491,5.89192496e-06,6.82365453e-08,2.67125397e-08,3.99347409e-05,1.29161281e-05,8.30713109e-10,3.57710928e-09,9.47586898e-09,1.02235703e-07,2.12836837e-09,1.90849025e-09,2.45740228e-09,7.92463262e-10,1.43656571e-08,5.78779691e-10,1.92374472e-09,1.26279076e-12]",6.823654530307977e-08,8,-16.49864959716797,0,0,386,387,386,"[11.3310003,1.98861074,4.82243824,-0.70929122,-5.16764832,-6.10549545,1.20437229,0.0756018758,-9.57609844,-8.11607647,-7.14188194,-4.7633462,-8.63527393,-8.74431801,-8.4915266,-9.62323952,-6.72578907,-9.93746281,-8.73635674,-16.0650616]","[0.998365343,8.74865946e-05,0.00148818491,5.89192496e-06,6.82365453e-08,2.67125397e-08,3.99347409e-05,1.29161153e-05,8.30716218e-10,3.57710928e-09,9.47586898e-09,1.02236093e-07,2.12836837e-09,1.90849025e-09,2.45740228e-09,7.92463262e-10,1.43656571e-08,5.78779691e-10,1.92374472e-09,1.26279076e-12]",6.823654530307977e-08,8,-16.49864959716797,0,0
87,4,9.5367431640625e-07,0.0002515904197935015,1.9073486328125e-06,1.3357064290175913e-06,87,88,87,"[12.4762297,2.87680554,3.32065225,-1.82055736,-4.94055843,-7.07706738,-0.0111560151,-0.351724535,-10.4728489,-9.09433651,-6.63617754,-4.14434814,-9.19792461,-9.57363415,-8.70013523,-10.4296007,-6.77973366,-9.94103241,-8.59075165,-17.7307816]","[0.999819458,6.77554999e-05,0.000105609928,6.17882336e-07,2.7283857e-08,3.22130456e-09,3.77327842e-06,2.68418125e-06,1.07960231e-10,4.28492131e-10,5.00620212e-09,6.04917147e-08,3.86327054e-10,2.65330147e-10,6.35540343e-10,1.12731643e-10,4.33673986e-09,1.83750251e-10,7.09001913e-10,7.60646496e-14]",2.728385695149882e-08,8,-17.41678810119629,0,0,387,388,387,"[12.4762297,2.87680507,3.32065248,-1.82055783,-4.94055653,-7.07706738,-0.01115603,-0.351724744,-10.4728489,-9.09433556,-6.63617659,-4.14434719,-9.19792461,-9.57363415,-8.70013523,-10.4296007,-6.77973366,-9.94103241,-8.59075069,-17.7307816]","[0.999819458,6.77554999e-05,0.000105609928,6.17882336e-07,2.72839618e-08,3.22130456e-09,3.77327842e-06,2.68418125e-06,1.07960231e-10,4.28493796e-10,5.00620212e-09,6.04917147e-08,3.86327054e-10,2.65330147e-10,6.35540343e-10,1.12731643e-10,4.33673986e-09,1.83750251e-10,7.09001913e-10,7.60646496e-14]",2.7283961756552344e-08,8,-17.416786193847656,0,0
88,4,1.6689300537109375e-06,4.473442095331848e-05,2.86102294921875e-06,2.0880136162304552e-06,88,89,88,"[11.0581646,5.33825254,1.08498549,-1.19893622,-5.74047184,-6.65756607,-1.86118674,0.275096864,-9.19243526,-9.13919735,-6.78112984,-4.58823061,-8.53096867,-10.4007988,-7.42373562,-9.07172489,-6.70132732,-8.65576649,-9.21317482,-18.2836571]","[0.996656418,0.00326903234,4.64781624e-05,4.73537193e-06,5.0464962e-08,2.01697912e-08,2.44198145e-06,2.06784825e-05,1.59890301e-09,1.68633185e-09,1.78253607e-08,1.59735933e-07,3.09807957e-09,4.77568929e-10,9.37472677e-09,1.8040357e-09,1.93061886e-08,2.73459855e-09,1.56608249e-09,1.80116813e-13]",5.046496198701789e-08,8,-16.79863739013672,0,0,388,389,388,"[11.0581617,5.33825397,1.08498549,-1.19893372,-5.74047184,-6.65756607,-1.86118662,0.275097251,-9.19243431,-9.13919544,-6.78113031,-4.58823109,-8.53096676,-10.4007988,-7.42373466,-9.07172298,-6.70132637,-8.65576649,-9.21317577,-18.2836552]","[0.996656418,0.00326904631,4.6478297e-05,4.73539922e-06,5.04651574e-08,2.01698303e-08,2.44198873e-06,2.06785407e-05,1.59890912e-09,1.6863384e-09,1.78253945e-08,1.59736231e-07,3.09809733e-09,4.77569873e-10,9.3747623e-09,1.80404602e-09,1.93062633e-08,2.73460898e-09,1.56608548e-09,1.80117843e-13]",5.046515738627022e-08,8,-16.798633575439453,0,0
89,4,9.5367431640625e-07,0.0001431393320672214,9.5367431640625e-07,8.647150025353767e-06,89,90,89,"[8.53465462,6.33794117,1.92631865,0.0827157795,-4.51749802,-5.85728931,-1.07042491,-0.0332349129,-7.90556717,-8.3397789,-6.90769625,-3.61385918,-7.85120153,-10.3279781,-7.12486887,-8.05514336,-6.12916088,-8.37081909,-8.21507168,-16.4534531]","[0.898474753,0.0998815671,0.00121211004,0.000191811909,1.92764924e-06,5.04851926e-07,6.05442328e-05,0.000170812214,6.51039684e-08,4.21727293e-08,1.7659481e-07,4.75853631e-06,6.87414712e-08,5.77522075e-09,1.42121905e-07,5.60593669e-08,3.84673029e-07,4.08837906e-08,4.77741118e-08,1.26272213e-11]",1.927649236677098e-06,8,-13.052152633666992,0,0,389,390,389,"[8.53465366,6.33794022,1.92631876,0.0827164948,-4.51749754,-5.85728884,-1.07042468,-0.0332350694,-7.90556717,-8.33977795,-6.90769625,-3.61385918,-7.85120058,-10.3279781,-7.12486792,-8.0551424,-6.12915993,-8.37081909,-8.21507168,-16.4534531]","[0.898474753,0.0998815671,0.00121211121,0.000191812287,1.92765106e-06,5.04852892e-07,6.0544291e-05,0.00017081236,6.51042171e-08,4.21728892e-08,1.76595151e-07,4.7585404e-06,6.87417199e-08,5.77522075e-09,1.4212219e-07,5.60593669e-08,3.84673768e-07,4.08839469e-08,4.77741118e-08,1.2627269e-11]",1.9276510556665016e-06,8,-13.05215072631836,0,0
90,4,7.152557373046875e-07,0.0009530617389827967,9.5367431640625e-07,2.9391898692665563e-07,90,91,90,"[7.40609407,8.11875343,3.07110333,-2.29557538,-3.68989158,-5.54459143,-0.608378291,-0.858360589,-8.24606705,-9.61465549,-7.07445002,-3.08544135,-7.99376535,-11.5299644,-8.03613281,-7.5631671,-7.10317183,-8.52722263,-7.65344477,-16.9617958]","[0.327524543,0.667955995,0.00429122383,2.00383711e-05,4.969565e-06,7.77737057e-07,0.000108293556,8.43406306e-05,5.21912185e-08,1.32808475e-08,1.6843147e-07,9.09552546e-06,6.71691822e-08,1.9562254e-09,6.4382931e-08,1.03318115e-07,1.63662762e-07,3.93996054e-08,9.4399347e-08,8.55863557e-12]",4.9695649977365974e-06,8,-11.808645248413086,1,1,390,391,390,"[7.40609455,8.11875343,3.07110333,-2.29557538,-3.68989253,-5.54459095,-0.60837847,-0.858360589,-8.24606609,-9.61465645,-7.07444954,-3.08544087,-7.99376488,-11.5299644,-8.03613281,-7.56316614,-7.10317183,-8.52722263,-7.65344524,-16.9617958]","[0.327524632,0.667955935,0.00429122336,2.00383693e-05,4.96955954e-06,7.77737e-07,0.000108293549,8.43406233e-05,5.21912114e-08,1.32808466e-08,1.68431612e-07,9.09553364e-06,6.71691822e-08,1.95622518e-09,6.43829239e-08,1.03318108e-07,1.63662747e-07,3.93996018e-08,9.43993399e-08,8.5586347e-12]",4.969559540768387e-06,8,-11.808646202087402,1,1
91,4,9.5367431640625e-07,0.0003397985710762441,1.9073486328125e-06,2.777063343728514e-07,91,92,91,"[5.8205018,8.59853649,3.32469106,-3.39578772,-1.71705532,-7.21076775,2.89000678,-1.50952852,-8.5651207,-8.95985603,-6.45194244,-3.22512126,-8.73255634,-10.9569674,-7.43386173,-8.40304852,-6.68265009,-8.128479,-8.1878109,-16.0109806]","[0.0580565296,0.933977008,0.00478557497,5.77121409e-06,3.09265597e-05,1.27186965e-07,0.00309851323,3.80591882e-05,3.28287371e-08,2.21219612e-08,2.71641568e-07,6.84521046e-06,2.77675909e-08,3.00253977e-09,1.01754608e-07,3.86047567e-08,2.15675783e-07,5.08025231e-08,4.78760782e-08,1.91672216e-11]",3.092655970249325e-05,6,-10.315591812133789,1,1,391,392,391,"[5.82050133,8.59853745,3.32469058,-3.39578772,-1.7170558,-7.2107687,2.89000702,-1.5095284,-8.5651207,-8.95985603,-6.45194244,-3.22512078,-8.7325573,-10.9569674,-7.43386269,-8.40304756,-6.68265009,-8.128479,-8.1878109,-16.0109787]","[0.0580564514,0.933977127,0.00478557078,5.77121455e-06,3.09265342e-05,1.27186738e-07,0.00309851067,3.80591555e-05,3.28287406e-08,2.21218777e-08,2.71641341e-07,6.84521137e-06,2.77674879e-08,3.00253999e-09,1.01754239e-07,3.86047603e-08,2.15675399e-07,5.08025302e-08,4.78759006e-08,1.91672234e-11]",3.09265342366416e-05,6,-10.315593719482422,1,1
92,4,1.430511474609375e-06,0.000275527621852234,1.430511474609375e-06,7.675013193875202e-07,92,93,92,"[10.2651091,2.113693,5.23382378,-1.58195996,-3.42890906,-5.41779375,2.48559904,-0.621285141,-8.79481602,-8.28848457,-7.64872265,-3.2785902,-8.67653942,-9.67714119,-7.96078491,-9.08614731,-7.09226227,-9.74333763,-8.83334637,-15.4933081]","[0.992786825,0.000286247086,0.00648330664,7.10786844e-06,1.12103555e-06,1.53411548e-07,0.000415200368,1.85761182e-05,5.23884669e-09,8.69226824e-09,1.64808114e-08,1.30287322e-06,5.89662408e-09,2.16793938e-09,1.20628627e-08,3.91481958e-09,2.87504722e-08,2.02907646e-09,5.04084152e-09,6.45830308e-12]",1.121035552387184e-06,8,-13.694018363952637,0,0,392,393,392,"[10.26511,2.11369252,5.23382378,-1.58196056,-3.42890906,-5.41779518,2.4855988,-0.621284664,-8.79481697,-8.28848457,-7.64872265,-3.27858973,-8.67654037,-9.67714119,-7.96078587,-9.08614826,-7.09226227,-9.74333858,-8.83334541,-15.4933081]","[0.992786825,0.000286246563,0.00648330012,7.10785525e-06,1.12103453e-06,1.53411122e-07,0.000415199756,1.85761182e-05,5.23884669e-09,8.69226824e-09,1.64807474e-08,1.30287196e-06,5.89660187e-09,2.16793938e-09,1.20628627e-08,3.91481958e-09,2.87504722e-08,2.02906869e-09,5.04084152e-09,6.45827879e-12]",1.1210345292056445e-06,8,-13.694019317626953,0,0
93,4,9.5367431640625e-07,5.87406029808335e-05,1.9073486328125e-06,1.7878410289995372e-06,93,94,93,"[8.74508953,4.03856945,6.03966665,-1.07612085,-5.41246605,-4.37640095,1.01155138,0.108351409,-8.46681023,-8.31205845,-7.49042606,-4.70961428,-8.15652275,-9.46530342,-8.21754169,-8.43584347,-7.82941961,-9.14249992,-8.33119965,-15.5625973]","[0.928891063,0.00839361642,0.0620889813,5.04275085e-05,6.59806403e-07,1.85940439e-06,0.000406753999,0.000164845551,3.11122967e-08,3.63194701e-08,8.25980777e-08,1.33248216e-06,4.24314912e-08,1.14628351e-08,3.99197368e-08,3.20908526e-08,5.88500875e-08,1.58301052e-08,3.56308512e-08,2.57792884e-11]",6.598064032914408e-07,9,-14.15755558013916,0,0,393,394,393,"[8.74508762,4.03856897,6.03966522,-1.07611918,-5.41246605,-4.37639999,1.0115515,0.108351216,-8.46680832,-8.31205845,-7.49042559,-4.7096138,-8.1565218,-9.46530151,-8.21754169,-8.43584156,-7.82941866,-9.14249897,-8.33119965,-15.5625954]","[0.928891063,0.00839362852,0.0620890111,5.04276541e-05,6.59807654e-07,1.85940985e-06,0.000406754785,0.000164845696,3.11124211e-08,3.63196122e-08,8.25983975e-08,1.33248466e-06,4.24316511e-08,1.14628778e-08,3.99198896e-08,3.20909734e-08,5.88503113e-08,1.58301656e-08,3.56309862e-08,2.57793873e-11]",6.598076538466557e-07,9,-14.157553672790527,0,0
94,4,5.364418029785156e-07,7.369461673079059e-05,9.5367431640625e-07,1.7653743498158292e-06,94,95,94,"[7.85068226,6.28064299,5.49036026,-2.05891442,-4.14611101,-4.035357,0.298969299,-0.202579051,-9.21918964,-8.81277275,-7.68836546,-4.68554926,-8.52006245,-10.330267,-8.01397324,-8.44250011,-7.31092358,-9.27269268,-8.28674889,-15.8499966]","[0.767261147,0.159618706,0.0724216476,3.81294158e-05,4.72935926e-06,5.283262e-06,0.000402973004,0.000244037219,2.96204199e-08,4.447298e-08,1.36905314e-07,2.75757452e-06,5.95961609e-08,9.7511732e-09,9.88577824e-08,6.44026912e-08,1.99683157e-07,2.80773396e-08,7.52567573e-08,3.90722801e-11]",4.729359261546051e-06,8,-11.996793746948242,0,0,394,395,394,"[7.85068226,6.28064251,5.49036026,-2.05891347,-4.14611053,-4.03535652,0.29896912,-0.202579409,-9.2191906,-8.8127737,-7.68836546,-4.68554878,-8.52006245,-10.330266,-8.01397228,-8.44250107,-7.31092262,-9.27269268,-8.28674793,-15.8499966]","[0.767261207,0.159618646,0.0724216551,3.81294558e-05,4.72935972e-06,5.28326245e-06,0.000402973033,0.000244037234,2.96204234e-08,4.44729835e-08,1.36905328e-07,2.75757475e-06,5.9596168e-08,9.75117409e-09,9.88579814e-08,6.44026983e-08,1.9968337e-07,2.80773413e-08,7.52567644e-08,3.90722836e-11]",4.729359716293402e-06,8,-11.996792793273926,0,0
95,4,9.5367431640625e-07,0.0003275265626143664,9.5367431640625e-07,3.7558598364739737e-07,95,96,95,"[7.99702358,8.44290543,4.08893394,-1.35630107,-4.78648949,-4.77775764,-1.63288593,-0.476093203,-9.50865364,-9.37862301,-7.98986292,-4.65309238,-8.29481125,-11.3370056,-7.74992847,-8.03376389,-6.81149483,-9.21443081,-8.84472275,-16.7160053]","[0.387249142,0.604831636,0.0077755074,3.3565495e-05,1.08687925e-06,1.0964111e-06,2.5455045e-05,8.09398771e-05,9.66877511e-09,1.10114229e-08,4.41544081e-08,1.24198084e-06,3.25489111e-08,1.55356095e-09,5.61274973e-08,4.22578985e-08,1.43460596e-07,1.29763107e-08,1.87807512e-08,7.16569599e-12]",1.0868792514884262e-06,9,-13.229394912719727,1,0,395,396,395,"[7.99702406,8.44290447,4.08893394,-1.35630083,-4.78649044,-4.77775764,-1.63288581,-0.476093024,-9.50865269,-9.37862301,-7.98986197,-4.65309238,-8.29481125,-11.3370056,-7.74992895,-8.03376389,-6.81149483,-9.21442986,-8.8447237,-16.7160053]","[0.38724947,0.604831278,0.00777550973,3.35655095e-05,1.08687857e-06,1.09641167e-06,2.54550578e-05,8.09399062e-05,9.66878755e-09,1.10114167e-08,4.41544685e-08,1.24198129e-06,3.25489573e-08,1.55356294e-09,5.61275719e-08,4.22579554e-08,1.43460639e-07,1.29763027e-08,1.87807405e-08,7.16569208e-12]",1.0868785693674e-06,9,-13.229394912719727,1,0
96,4,2.86102294921875e-06,7.675590313738212e-05,3.814697265625e-06,0.0013216208899393678,96,97,96,"[14.3819637,-0.000845618546,4.76105118,-2.97869849,-5.37427902,-7.14828587,3.05375099,-2.45893145,-11.473321,-9.85885239,-7.44118214,-4.29940081,-9.57261086,-9.3108387,-7.94854546,-10.9181767,-8.16279221,-9.95296955,-9.97079659,-17.0430775]","[0.999921083,5.67010204e-07,6.63218307e-05,2.88620168e-08,2.62990052e-09,4.46166243e-10,1.20277791e-05,4.85352523e-08,5.9041565e-12,2.96697493e-11,3.32884442e-10,7.70462538e-09,3.95026407e-11,5.13230396e-11,2.00423581e-10,1.0286186e-11,1.61772026e-10,2.70046208e-11,2.65274989e-11,2.25031734e-14]",2.6299005195795644e-09,8,-19.756242752075195,0,0,396,397,396,"[14.3819656,-0.000846736133,4.76105309,-2.97869945,-5.37428045,-7.1482873,3.05375171,-2.45893288,-11.4733219,-9.85885334,-7.44118309,-4.29940128,-9.57261086,-9.31083965,-7.94854593,-10.9181786,-8.16279411,-9.9529705,-9.97079945,-17.0430813]","[0.999921083,5.67008613e-07,6.63218307e-05,2.88619049e-08,2.62989053e-09,4.46164522e-10,1.20277673e-05,4.85352523e-08,5.9041565e-12,2.96696348e-11,3.32884442e-10,7.70462538e-09,3.95026407e-11,5.13228453e-11,2.00422817e-10,1.02861469e-11,1.61771416e-10,2.70046208e-11,2.65273983e-11,2.2503087e-14]",2.6298905275723428e-09,8,-19.75624656677246,0,0
97,4,9.5367431640625e-07,0.0005133928498253226,9.5367431640625e-07,5.077608875581063e-07,97,98,97,"[12.417285,1.98091662,4.38201427,-1.62807286,-5.89530087,-6.6792779,1.51975393,-0.469548911,-10.3919411,-9.51711845,-7.89664221,-3.92001081,-9.26594543,-9.41871452,-7.71999645,-10.4754086,-7.57988739,-9.73377895,-9.48762417,-16.7812786]","[0.999624968,2.93345947e-05,0.000323715387,7.94356993e-07,1.11373355e-08,5.0851745e-09,1.84969322e-05,2.53020744e-06,1.24141128e-10,2.97746855e-10,1.5052577e-09,8.02860001e-08,3.82762488e-10,3.28536337e-10,1.79608173e-09,1.14200253e-10,2.06621276e-09,2.39746056e-10,3.06658587e-10,2.08479081e-13]",1.1137335498290213e-08,8,-18.312585830688477,0,0,397,398,397,"[12.4172859,1.98091674,4.3820138,-1.62807286,-5.89529991,-6.67927837,1.51975381,-0.469549149,-10.3919411,-9.51711845,-7.89664173,-3.92001081,-9.26594639,-9.41871452,-7.71999645,-10.4754086,-7.57988691,-9.73377895,-9.48762417,-16.7812786]","[0.999624968,2.93345674e-05,0.000323715096,7.94356254e-07,1.11373355e-08,5.08515496e-09,1.84968976e-05,2.53020494e-06,1.24141128e-10,2.97745717e-10,1.5052577e-09,8.02860001e-08,3.82762488e-10,3.28535088e-10,1.79608173e-09,1.14199809e-10,2.06621276e-09,2.39746056e-10,3.06658587e-10,2.08478295e-13]",1.1137335498290213e-08,8,-18.312585830688477,0,0
98,4,7.152557373046875e-07,3.757964077522047e-05,1.9073486328125e-06,2.048802116405568e-06,98,99,98,"[11.4262648,2.79270291,4.26170206,-1.91075885,-4.74112654,-6.10348368,1.5629611,0.0945504159,-9.97805786,-8.91823387,-8.01678658,-4.46054363,-9.15514469,-9.97345161,-7.90984726,-9.64324856,-6.87259483,-9.70044041,-9.75864887,-16.4878006]","[0.998983562,0.0001778484,0.000772731029,1.61199068e-06,9.5093263e-08,2.43492231e-08,5.199718e-05,1.19744946e-05,5.05568032e-10,1.45899703e-09,3.59375152e-09,1.25894033e-07,1.15123988e-09,5.07901166e-10,3.99937417e-09,7.06618486e-10,1.12840297e-08,6.67339572e-10,6.29603703e-10,7.5272129e-13]",9.509326304169008e-08,8,-16.167390823364258,0,0,398,399,398,"[11.4262638,2.79270244,4.26170301,-1.91075754,-4.74112606,-6.10348368,1.56296134,0.0945502222,-9.97805786,-8.91823387,-8.01678658,-4.46054363,-9.15514374,-9.97345066,-7.90984726,-9.64324665,-6.87259388,-9.70044041,-9.75864887,-16.4877987]","[0.998983562,0.000177848575,0.000772732485,1.61199534e-06,9.5093263e-08,2.43492693e-08,5.19972782e-05,1.19745055e-05,5.05568032e-10,1.45899981e-09,3.5937584e-09,1.25894147e-07,1.1512421e-09,5.07903108e-10,3.99937417e-09,7.0662115e-10,1.12840723e-08,6.67340849e-10,6.29604868e-10,7.527227e-13]",9.509326304169008e-08,8,-16.167388916015625,0,0
99,4,7.152557373046875e-07,0.00017438818758819252,1.9073486328125e-06,8.560406968172174e-06,99,100,99,"[10.7007189,3.03135514,4.33304787,-2.55773568,-4.03973627,-4.49363327,1.61163545,-0.053091567,-9.67499733,-8.48315048,-8.12325096,-4.97665405,-8.75022793,-10.2047634,-7.64586258,-9.39822865,-6.90380764,-9.49019146,-9.34074497,-16.2250233]","[0.997685552,0.000465834048,0.00171217963,1.74148659e-06,3.95635396e-07,2.51287219e-07,0.000112630194,2.13143921e-05,1.41231959e-09,4.65098227e-09,6.66573241e-09,1.55023358e-07,3.56085939e-09,8.31492819e-10,1.0744202e-08,1.86265181e-09,2.25654997e-08,1.6989975e-09,1.97286121e-09,2.0197277e-12]",3.9563539644404955e-07,7,-14.740455627441406,0,0,399,400,399,"[10.7007208,3.0313549,4.33304834,-2.5577364,-4.03973675,-4.49363327,1.61163509,-0.0530920215,-9.67499733,-8.48315048,-8.12325096,-4.97665405,-8.75022984,-10.2047634,-7.64586258,-9.39822865,-6.90380859,-9.49019146,-9.34074402,-16.2250214]","[0.997685552,0.000465833175,0.00171217707,1.74148158e-06,3.95634657e-07,2.51286735e-07,0.000112629968,2.13143503e-05,1.41231427e-09,4.65098227e-09,6.6657071e-09,1.55023059e-07,3.56084584e-09,8.31489655e-10,1.0744202e-08,1.86264826e-09,2.25654571e-08,1.69899417e-09,1.97286121e-09,2.0197277e-12]",3.9563465747960436e-07,7,-14.740457534790039,0,0
100,4,7.152557373046875e-07,0.00022799817088525742,1.9073486328125e-06,9.883312941383338e-07,100,101,100,"[9.8147707,3.47146678,4.94494343,-3.98296285,-3.72457552,-2.8924582,1.40391755,-0.120616734,-9.3861618,-8.64108753,-7.93010759,-5.26069641,-8.37181187,-10.1751099,-7.57625723,-8.94012165,-7.43647528,-9.13860893,-9.09996796,-16.3038998]","[0.990383685,0.0017415731,0.00760088814,1.00814736e-06,1.30538888e-06,3.00002034e-06,0.000220300892,4.79644477e-05,4.53883953e-09,9.56150092e-09,1.9467068e-08,2.80938536e-07,1.25161579e-08,2.06209672e-09,2.77316801e-08,7.09017911e-09,3.18920748e-08,5.81373039e-09,6.04278627e-09,4.49374652e-12]",1.3053888778813416e-06,7,-13.539346694946289,0,0,400,401,400,"[9.81476974,3.47146678,4.94494247,-3.98296237,-3.72457552,-2.89245844,1.40391755,-0.120616615,-9.3861618,-8.64108753,-7.93010712,-5.26069641,-8.37181187,-10.1751099,-7.57625675,-8.94011974,-7.4364748,-9.13860893,-9.09996796,-16.3038979]","[0.990383685,0.00174157461,0.00760088814,1.00814839e-06,1.30539138e-06,3.00002307e-06,0.00022030111,4.7964495e-05,4.53883953e-09,9.56151958e-09,1.94671053e-08,2.80938792e-07,1.25161819e-08,2.06209672e-09,2.77317334e-08,7.09019288e-09,3.18921316e-08,5.81374104e-09,6.04278627e-09,4.49376387e-12]",1.3053913789917715e-06,7,-13.539344787597656,0,0
101,4,1.430511474609375e-06,6.356484664138407e-05,1.9073486328125e-06,4.202848344903032e-07,101,102,101,"[9.59448147,3.95933652,5.88260269,-4.65438366,-4.03784895,-2.63350296,1.25675488,-0.850917876,-9.28795719,-9.26290131,-8.33279419,-5.74862242,-8.06838799,-10.5085926,-7.36988735,-8.59961128,-7.96171427,-8.93486881,-9.5777216,-17.3233948]","[0.972500443,0.00347198127,0.0237597208,6.30501745e-07,1.16800243e-06,4.75711477e-06,0.000232734703,2.82820292e-05,6.12845374e-09,6.28394137e-09,1.59284141e-08,2.11088349e-07,2.07493027e-08,1.80815685e-09,4.17213997e-08,1.21982113e-08,2.30850841e-08,8.72358985e-09,4.58677896e-09,1.984286e-12]",1.1680024272209266e-06,7,-13.632329940795898,0,0,401,402,401,"[9.59448147,3.95933557,5.88260269,-4.65438366,-4.03784847,-2.63350296,1.25675499,-0.850917518,-9.28795719,-9.2628994,-8.33279419,-5.74862289,-8.06838894,-10.5085917,-7.3698864,-8.59961033,-7.96171427,-8.93486786,-9.57772064,-17.3233929]","[0.972500443,0.00347197778,0.0237597208,6.30501745e-07,1.16800345e-06,4.75711477e-06,0.000232734703,2.82820292e-05,6.12845374e-09,6.28396535e-09,1.59284141e-08,2.11088349e-07,2.07493027e-08,1.80815685e-09,4.17213997e-08,1.21982113e-08,2.30850841e-08,8.72358985e-09,4.58677896e-09,1.98429359e-12]",1.1680034504024661e-06,7,-13.632329940795898,0,0
102,4,9.5367431640625e-07,2.6759358661365695e-05,1.9073486328125e-06,4.5651174218619417e-07,102,103,102,"[10.3922148,3.23610473,6.58499956,-4.72714329,-4.51626873,-3.02040005,0.862382174,-1.30565417,-8.80971432,-9.58734989,-9.20869732,-6.3579154,-8.00635815,-10.4092808,-7.03387785,-8.56435871,-7.89781761,-9.10261059,-9.97438335,-18.2196445]","[0.977447152,0.000762490265,0.0217090473,2.65362502e-07,3.27658285e-07,1.46240836e-06,7.10132663e-05,8.12406233e-06,4.47509541e-09,2.05626272e-09,3.00279845e-09,5.19522558e-08,9.99298866e-09,9.03897013e-10,2.64263278e-08,5.7194991e-09,1.11386758e-08,3.33886629e-09,1.39634571e-09,3.66539779e-13]",3.276582845046505e-07,7,-14.908483505249023,0,0,402,403,402,"[10.3922148,3.23610497,6.58499956,-4.72714424,-4.51626778,-3.02040005,0.862382054,-1.30565357,-8.80971622,-9.58735085,-9.20869732,-6.3579154,-8.00636005,-10.4092817,-7.03387833,-8.56436062,-7.89781761,-9.10261059,-9.97438335,-18.2196445]","[0.977447152,0.000762490265,0.0217090473,2.65362246e-07,3.27658626e-07,1.46240836e-06,7.10132663e-05,8.1240687e-06,4.47507853e-09,2.05626272e-09,3.00279845e-09,5.19522558e-08,9.99295136e-09,9.03897013e-10,2.64263278e-08,5.7194991e-09,1.11386758e-08,3.33886629e-09,1.39634571e-09,3.66539779e-13]",3.276586255651637e-07,7,-14.908482551574707,0,0
103,4,9.5367431640625e-07,0.0005317118484526873,9.5367431640625e-07,5.127369604451815e-07,103,104,103,"[12.3198338,1.16248,4.75251293,-3.26462221,-4.97195101,-3.33523059,1.34918916,-0.681432307,-8.43407726,-8.98168182,-9.3348608,-5.8444891,-8.3330822,-9.35210037,-7.4043045,-9.2880764,-7.23114777,-9.81638527,-10.0649509,-17.3499451]","[0.999449074,1.42621057e-05,0.000516791071,1.70418858e-07,3.09053867e-08,1.58800731e-07,1.71897736e-05,2.25622489e-06,9.6928443e-10,5.60570201e-10,3.93772986e-10,1.29150211e-08,1.07229248e-09,3.87043037e-10,2.71441514e-09,4.12633538e-10,3.22758242e-09,2.4328925e-10,1.89745816e-10,1.30118626e-13]",3.0905386694257686e-08,8,-17.291784286499023,0,0,403,404,403,"[12.3198347,1.16248059,4.75251389,-3.26462245,-4.97195005,-3.33523083,1.34918869,-0.681432545,-8.43407726,-8.98168182,-9.3348608,-5.84448957,-8.3330822,-9.35210037,-7.40430498,-9.2880764,-7.23114681,-9.81638527,-10.0649519,-17.3499451]","[0.999449074,1.42620911e-05,0.000516791071,1.70418545e-07,3.09053867e-08,1.58800574e-07,1.71897555e-05,2.25622284e-06,9.6928443e-10,5.60570201e-10,3.93772986e-10,1.29150211e-08,1.07229037e-09,3.87043037e-10,2.71441003e-09,4.12632734e-10,3.22758242e-09,2.43288778e-10,1.89745455e-10,1.30118626e-13]",3.0905386694257686e-08,8,-17.291784286499023,0,0
104,4,1.9073486328125e-06,0.00047051627188920975,1.9669532775878906e-06,1.4942023881303612e-05,104,105,104,"[13.292202,-1.99963629,0.639203072,-2.46888232,-5.89182997,-2.56088686,2.60590196,0.0678140372,-7.85089588,-7.91555595,-7.66663551,-4.67826986,-7.22221422,-7.33091688,-6.05815697,-8.810462,-7.53463984,-8.11656857,-8.91123867,-15.4722948]","[0.999971509,2.28468593e-07,3.19786409e-06,1.42901101e-07,4.66088323e-09,1.30340325e-07,2.28552726e-05,1.80596282e-06,6.57137844e-10,6.15992424e-10,7.90096488e-10,1.56859432e-08,1.23222521e-09,1.10530129e-09,3.94669453e-09,2.51723087e-10,9.01582198e-10,5.03821984e-10,2.2759164e-10,3.21902959e-13]",4.660883234919311e-09,9,-19.184032440185547,0,0,404,405,404,"[13.292202,-1.9996351,0.639205039,-2.46888351,-5.89183044,-2.5608871,2.60590172,0.0678130239,-7.85089588,-7.91555786,-7.66663599,-4.67827082,-7.2222147,-7.33091831,-6.05815792,-8.810462,-7.53463936,-8.11656952,-8.91123962,-15.4722958]","[0.999971509,2.2846902e-07,3.19787023e-06,1.42900973e-07,4.66088323e-09,1.30340212e-07,2.28552726e-05,1.80596123e-06,6.57137844e-10,6.15991258e-10,7.90096488e-10,1.56859432e-08,1.23222288e-09,1.10529919e-09,3.94669453e-09,2.51723087e-10,9.01582198e-10,5.03820985e-10,2.27591182e-10,3.21902959e-13]",4.660883234919311e-09,9,-19.184032440185547,0,0
105,4,9.5367431640625e-07,0.0027103943284600973,1.430511474609375e-06,5.730689281335799e-06,105,106,105,"[13.4301805,-3.14868259,-0.132612184,-2.59938312,-6.2676034,-2.12625337,3.0395236,0.691720188,-7.64879465,-7.6669898,-7.16846371,-4.30960178,-7.00902224,-6.88971758,-5.85407543,-8.24759293,-7.67827415,-7.52903366,-8.37214947,-14.5826263]","[0.999964595,6.30775787e-08,1.28747433e-06,1.0925303e-07,2.78833867e-09,1.75352241e-07,3.07170776e-05,2.93590165e-06,7.00651093e-10,6.88017254e-10,1.13267962e-09,1.9755781e-08,1.32847155e-09,1.49680635e-09,4.21636948e-09,3.84988402e-10,6.80297374e-10,7.8979423e-10,3.3990144e-10,6.82617754e-13]",2.788338671066981e-09,10,-19.697784423828125,0,0,405,406,405,"[13.4301805,-3.14868283,-0.132612944,-2.59938312,-6.2676034,-2.12625217,3.03952384,0.691719949,-7.64879417,-7.6669898,-7.16846514,-4.30960226,-7.00902081,-6.8897171,-5.85407495,-8.24759197,-7.67827415,-7.52903318,-8.37214947,-14.5826254]","[0.999964595,6.30775787e-08,1.28747308e-06,1.0925303e-07,2.78833867e-09,1.75352412e-07,3.07170776e-05,2.93590165e-06,7.00651093e-10,6.88017254e-10,1.13267962e-09,1.9755781e-08,1.32847155e-09,1.49680635e-09,4.21636948e-09,3.84988402e-10,6.80297374e-10,7.8979423e-10,3.3990144e-10,6.82617754e-13]",2.788338671066981e-09,10,-19.697784423828125,0,0
106,4,1.430511474609375e-06,4.217540845274925e-05,2.86102294921875e-06,7.399407309094386e-07,106,107,106,"[14.3960171,-3.41189361,-0.805532694,-3.43844175,-6.6807313,-2.35874081,2.44321084,1.16872704,-8.12604809,-8.26297855,-7.00704288,-4.54172707,-7.12144184,-6.92811728,-6.02765656,-8.21572399,-8.11075497,-7.64942122,-8.34936523,-15.0026827]","[0.999991417,1.84552036e-08,2.50061703e-07,1.79717272e-08,7.0223255e-10,5.29051327e-08,6.44107467e-06,1.80076552e-06,1.65496228e-10,1.4431753e-10,5.06716502e-10,5.96263883e-09,4.51941456e-10,5.48330215e-10,1.34929434e-09,1.51301166e-10,1.68046632e-10,2.66553696e-10,1.32373612e-10,1.70727229e-13]",7.022325498873272e-10,10,-21.07674789428711,0,0,406,407,406,"[14.3960171,-3.41189337,-0.805532098,-3.43844318,-6.68072987,-2.35874009,2.44321036,1.16872752,-8.12604904,-8.26297855,-7.00704288,-4.54172754,-7.12144279,-6.92811728,-6.02765703,-8.21572304,-8.11075401,-7.64942074,-8.34936523,-15.0026798]","[0.999991417,1.84552036e-08,2.50061703e-07,1.79716597e-08,7.0223255e-10,5.29051327e-08,6.44107467e-06,1.80076722e-06,1.65495589e-10,1.4431753e-10,5.06716502e-10,5.96263883e-09,4.51941456e-10,5.48330215e-10,1.34929434e-09,1.51301166e-10,1.68046632e-10,2.66553696e-10,1.32373612e-10,1.7072788e-13]",7.022325498873272e-10,10,-21.07674789428711,0,0
107,4,1.430511474609375e-06,0.00038980445242486894,1.9073486328125e-06,2.7312730708217714e-06,107,108,107,"[13.0035563,-2.29333568,2.24956751,-4.85880566,-6.16848946,-1.47382534,2.62053466,0.141849667,-8.21143532,-8.9788456,-7.14373636,-4.54298019,-7.41727924,-8.5204792,-6.2244544,-7.4656496,-7.56698799,-8.01219845,-8.58373451,-16.0011215]","[0.999944329,2.2731075e-07,2.13588592e-05,1.74763439e-08,4.7169646e-09,5.1585647e-07,3.09518728e-05,2.59541957e-06,6.11536599e-10,2.83883694e-10,1.77876092e-09,2.39668765e-08,1.35306821e-09,4.48958731e-10,4.46022863e-09,1.28917743e-09,1.16493692e-09,7.46362028e-10,4.21439272e-10,2.53165138e-13]",4.716964596696016e-09,9,-19.172046661376953,0,0,407,408,407,"[13.0035553,-2.29333544,2.24956894,-4.85880613,-6.16848946,-1.47382426,2.6205349,0.141850054,-8.21143532,-8.97884655,-7.14373589,-4.54297876,-7.41727877,-8.52048111,-6.22445393,-7.4656496,-7.56698704,-8.0121994,-8.58373356,-16.0011215]","[0.999944329,2.2731119e-07,2.13588992e-05,1.74763439e-08,4.7169646e-09,5.15857437e-07,3.09519019e-05,2.59542458e-06,6.11536599e-10,2.83883694e-10,1.77876436e-09,2.39669689e-08,1.35307077e-09,4.48957871e-10,4.46022863e-09,1.28917743e-09,1.16493692e-09,7.46362028e-10,4.21439272e-10,2.53165625e-13]",4.716964596696016e-09,9,-19.17204475402832,0,0
108,4,1.7285346984863281e-06,5.631665408145636e-05,3.814697265625e-06,1.2288447805985925e-06,108,109,108,"[11.5740471,-1.0671016,5.95095253,-4.77615356,-6.43724346,-1.92751062,1.73111594,-0.927151918,-7.98980141,-10.146841,-7.18699217,-4.13973665,-7.81952858,-9.57914734,-6.21401262,-7.00486994,-7.3991251,-8.08999157,-8.0270319,-17.5270844]","[0.996338248,3.22422807e-06,0.00360021018,7.89959529e-08,1.50038364e-08,1.36381345e-06,5.292688e-05,3.70855901e-06,3.17640736e-09,3.67405606e-10,7.08909464e-09,1.49278421e-07,3.76603815e-09,6.48173293e-10,1.87564595e-08,8.50520987e-09,5.73407322e-09,2.8735776e-09,3.06031933e-09,2.29058282e-13]",1.500383639552183e-08,10,-18.01129150390625,0,0,408,409,408,"[11.5740471,-1.06710029,5.95095634,-4.77615404,-6.43724203,-1.9275111,1.73111522,-0.927152455,-7.98980331,-10.146841,-7.18699265,-4.13973618,-7.81952906,-9.57914829,-6.21401405,-7.00487089,-7.3991251,-8.08999348,-8.0270319,-17.5270824]","[0.996338248,3.22423102e-06,0.00360022392,7.89959529e-08,1.50038915e-08,1.36381209e-06,5.29268254e-05,3.70855514e-06,3.17639515e-09,3.67405606e-10,7.08909464e-09,1.49278549e-07,3.76602394e-09,6.48173293e-10,1.87564595e-08,8.50520987e-09,5.73407322e-09,2.8735776e-09,3.06031933e-09,2.29059149e-13]",1.500389146258385e-08,10,-18.011289596557617,0,0
109,4,1.0579824447631836e-06,0.0015178346075117588,1.9073486328125e-06,4.855582574236905e-06,109,110,109,"[10.8708305,0.202545553,8.15597916,-4.9663763,-5.96355867,-3.71651697,1.31317449,-1.3329277,-8.67617798,-11.3690414,-7.33854103,-4.37877369,-8.31195736,-10.4861507,-6.66569996,-7.412251,-7.91376257,-8.58145237,-7.26147413,-18.6770325]","[0.937809527,2.18241439e-05,0.0620968714,1.24194727e-07,4.58176181e-08,4.33420979e-07,6.62639432e-05,4.69991255e-06,3.04058223e-09,2.05807413e-10,1.15847305e-08,2.23509346e-07,4.37658443e-09,4.97618335e-10,2.27037003e-08,1.07615152e-08,6.51733645e-09,3.34268901e-09,1.25128023e-08,1.37924313e-13]",4.5817618143928485e-08,9,-16.834388732910156,0,0,409,410,409,"[10.8708296,0.20254457,8.15598011,-4.96637821,-5.96355867,-3.71651506,1.31317437,-1.33292735,-8.67617798,-11.3690424,-7.3385396,-4.37877274,-8.31195736,-10.4861517,-6.66569996,-7.41225004,-7.91376209,-8.58145237,-7.26147366,-18.6770325]","[0.937809467,2.18241421e-05,0.0620969757,1.24194571e-07,4.58176146e-08,4.33422571e-07,6.62640014e-05,4.6999171e-06,3.04058179e-09,2.05807385e-10,1.15847287e-08,2.23509744e-07,4.37660086e-09,4.9761828e-10,2.27036985e-08,1.07615135e-08,6.51733556e-09,3.34268857e-09,1.25128485e-08,1.37924299e-13]",4.5817614591214806e-08,9,-16.834388732910156,0,0
110,4,9.5367431640625e-07,5.764859452028759e-05,9.5367431640625e-07,3.842250748675724e-07,110,111,110,"[10.5372477,1.55129504,7.73792362,-3.49133468,-5.25029802,-5.54602242,1.70860755,-1.11992383,-9.01433468,-10.9881115,-8.28976059,-4.95657253,-8.53545666,-10.6901312,-7.28764725,-7.92905378,-7.37358427,-9.16291714,-7.57023859,-17.9849892]","[0.942389131,0.000117945325,0.0573454946,7.61542708e-07,1.31155488e-07,9.75785568e-08,0.000138038638,8.1580265e-06,3.04148684e-09,4.22556878e-10,6.27718455e-09,1.75933948e-07,4.90975749e-09,5.69241765e-10,1.70992553e-08,9.00363073e-09,1.56911586e-08,2.62154543e-09,1.28898758e-08,3.86527724e-13]",1.3115548824771395e-07,8,-15.787546157836914,0,0,410,411,410,"[10.5372477,1.55129445,7.7379241,-3.49133539,-5.25029802,-5.54602242,1.7086072,-1.11992347,-9.01433468,-10.9881115,-8.28976059,-4.95657301,-8.53545666,-10.6901302,-7.28764725,-7.92905378,-7.37358332,-9.16291809,-7.57023859,-17.9849892]","[0.942389131,0.000117945216,0.057345517,7.61542708e-07,1.31155488e-07,9.75785568e-08,0.000138038493,8.1580265e-06,3.04148684e-09,4.22556878e-10,6.27718455e-09,1.75933778e-07,4.90975749e-09,5.69241765e-10,1.70992553e-08,9.00363073e-09,1.56911586e-08,2.62154543e-09,1.28898758e-08,3.86527724e-13]",1.3115548824771395e-07,8,-15.787546157836914,0,0
111,4,1.430511474609375e-06,0.00015010936476755887,1.9073486328125e-06,1.1320431667627417e-06,111,112,111,"[10.4266787,2.08212972,5.2216959,-1.23127198,-3.993788,-7.17293262,0.842436314,-0.240103021,-8.41600513,-10.0211945,-8.52415085,-5.34338522,-7.7232604,-10.099474,-6.56975985,-8.07214546,-6.11873722,-9.0674696,-8.19098663,-17.1044559]","[0.994205296,0.000236311243,0.00545733748,8.59988268e-06,5.4293406e-07,2.25975825e-08,6.84057668e-05,2.3171373e-05,6.51932197e-09,1.30941458e-09,5.85106585e-09,1.40807103e-07,1.30334055e-08,1.21082588e-09,4.13063077e-08,9.19473564e-09,6.4847498e-08,3.39840445e-09,8.16443801e-09,1.0986432e-12]",5.429340603768651e-07,7,-14.420466423034668,0,0,411,412,411,"[10.4266777,2.08213067,5.22169638,-1.23127115,-3.993788,-7.17293262,0.84243536,-0.24010314,-8.41600418,-10.0211926,-8.52414989,-5.34338427,-7.72325993,-10.0994749,-6.56975985,-8.07214546,-6.11873531,-9.06746769,-8.19098568,-17.1044559]","[0.994205296,0.000236311695,0.00545734493,8.59989905e-06,5.42934572e-07,2.25975825e-08,6.84057668e-05,2.31713948e-05,6.51933529e-09,1.30941957e-09,5.8510885e-09,1.40807387e-07,1.30334055e-08,1.21082588e-09,4.13063894e-08,9.19473564e-09,6.48477467e-08,3.39841066e-09,8.16446999e-09,1.0986432e-12]",5.429345719676348e-07,7,-14.420465469360352,0,0
112,4,9.5367431640625e-07,0.0007674106163904071,1.9073486328125e-06,8.08560059795127e-07,112,113,112,"[13.4171343,-0.147434056,3.16425633,-3.34860373,-2.56504107,-7.35531569,0.389009148,-0.319221675,-8.28844452,-10.4527588,-7.97728205,-4.1258893,-8.02981186,-10.6907682,-7.25996208,-8.97637558,-5.50683403,-9.53646469,-8.12149525,-17.4124413]","[0.999959946,1.28518423e-06,3.52544703e-05,5.23257313e-08,1.14554418e-07,9.51968282e-10,2.19755566e-06,1.08232848e-06,3.74428683e-10,4.29951387e-11,5.11099441e-10,2.40516052e-08,4.84944307e-10,3.38885968e-11,1.04721087e-09,1.88193419e-10,6.04516304e-09,1.07488206e-10,4.42460624e-10,4.08195003e-14]",1.1455441750740647e-07,6,-15.982175827026367,0,0,412,413,412,"[13.4171343,-0.147434175,3.16425633,-3.34860492,-2.56504059,-7.35531569,0.389009058,-0.319221526,-8.28844357,-10.4527588,-7.97728205,-4.12588882,-8.02981091,-10.6907682,-7.25996208,-8.97637463,-5.50683308,-9.53646564,-8.12149525,-17.4124432]","[0.999959946,1.28518423e-06,3.52544703e-05,5.23256318e-08,1.14554531e-07,9.51968282e-10,2.19755566e-06,1.08232848e-06,3.74429404e-10,4.29951387e-11,5.11099441e-10,2.40516052e-08,4.84945195e-10,3.38885968e-11,1.04721087e-09,1.88193794e-10,6.04516304e-09,1.07488206e-10,4.42460624e-10,4.08195003e-14]",1.1455453119424419e-07,6,-15.98217487335205,0,0
113,4,1.9073486328125e-06,7.887334504630417e-05,2.86102294921875e-06,4.4401776904123835e-06,113,114,113,"[10.2625608,0.583636045,5.65504169,-3.09605622,3.77480984,-7.40442419,-0.154375225,-1.05064249,-7.01321125,-9.11976624,-7.04705811,-2.7734313,-7.56580114,-10.573267,-7.41792583,-7.3517046,-4.08688068,-9.43650341,-6.53283787,-16.4242744]","[0.988525569,6.18706035e-05,0.00986206252,1.56104113e-06,0.00150450424,2.10045794e-08,2.95780883e-05,1.20705181e-05,3.10609991e-08,3.77877107e-09,3.00273015e-08,2.15540399e-06,1.78742923e-08,8.8328822e-10,2.07228794e-08,2.21416325e-08,5.7956828e-07,2.75291612e-09,5.0215629e-08,2.54122439e-12]",0.001504504238255322,3,-6.487751007080078,0,0,413,414,413,"[10.262558,0.583635688,5.65504217,-3.09605622,3.77481151,-7.40442467,-0.15437454,-1.05064285,-7.01320982,-9.11976624,-7.04705715,-2.77343059,-7.56579971,-10.573267,-7.41792488,-7.35170364,-4.08687973,-9.43650341,-6.53283596,-16.4242725]","[0.988525569,6.18707199e-05,0.00986209605,1.56104556e-06,0.00150451157,2.10046203e-08,2.95782011e-05,1.20705527e-05,3.10611163e-08,3.77877862e-09,3.00274188e-08,2.1554099e-06,1.78743615e-08,8.83291607e-10,2.07229576e-08,2.21417142e-08,5.79570496e-07,2.75292655e-09,5.02159168e-08,2.54123415e-12]",0.001504511572420597,3,-6.487746238708496,0,0
114,4,9.5367431640625e-07,3.668027784442529e-05,1.430511474609375e-06,2.1236198790575145e-06,114,115,114,"[7.38604832,-0.572311759,9.67251682,-1.52681518,5.19314766,-4.2138567,0.224539787,-1.73953819,-6.3579874,-6.76601028,-6.07749414,-2.34271336,-7.21307182,-8.87482071,-6.71407413,-6.32114935,-3.69174266,-8.80340004,-5.08307457,-14.0978451]","[0.0912976786,3.19292012e-05,0.898380697,1.22928395e-05,0.0101881446,8.36922027e-07,7.08363368e-05,9.93728736e-06,9.80622161e-08,6.52077432e-08,1.29812875e-07,5.43641045e-06,4.17005737e-08,7.91506505e-09,6.86839385e-08,1.01741755e-07,1.41070495e-06,8.50102477e-09,3.50904116e-07,4.26700307e-11]",0.010188144631683826,3,-4.479369163513184,2,2,414,415,414,"[7.38604975,-0.572310925,9.67251587,-1.52681518,5.19314766,-4.21385765,0.224540263,-1.73953784,-6.35798836,-6.76601076,-6.07749462,-2.34271312,-7.21307278,-8.87482071,-6.71407557,-6.3211503,-3.69174361,-8.80340099,-5.083076,-14.097846]","[0.0912978798,3.19292521e-05,0.898380458,1.22928486e-05,0.0101881521,8.36921856e-07,7.08364605e-05,9.93729554e-06,9.80621948e-08,6.5207729e-08,1.29812847e-07,5.43641454e-06,4.1700563e-08,7.91506327e-09,6.86836614e-08,1.01741733e-07,1.41070461e-06,8.501023e-09,3.5090406e-07,4.26700203e-11]",0.010188152082264423,3,-4.479368209838867,2,2
115,4,9.5367431640625e-07,0.00024360140378121287,1.9073486328125e-06,2.0032118754897965e-06,115,116,115,"[10.6357088,3.43654132,4.70440102,-2.85472226,-0.282668114,-3.0812571,0.603203714,0.298140675,-9.82552433,-8.50448895,-9.33429337,-3.66469288,-9.05706024,-10.8199081,-8.76417923,-9.34670925,-5.56641531,-11.1147327,-8.9008894,-15.6736403]","[0.996512234,0.000744601712,0.0026457475,1.3793134e-06,1.80589213e-05,1.09971495e-06,4.37946546e-05,3.22800188e-05,1.29503885e-09,4.8528892e-09,2.11651474e-09,6.13616578e-07,2.79268608e-09,4.79100926e-10,3.74299036e-09,2.09039697e-09,9.16197109e-08,3.56767671e-10,3.26471916e-09,3.73660781e-12]",1.8058921341435052e-05,6,-10.918376922607422,0,0,415,416,415,"[10.6357098,3.43654203,4.70440102,-2.85472202,-0.28266868,-3.0812571,0.603203475,0.298140854,-9.82552433,-8.50448895,-9.33429337,-3.6646924,-9.0570612,-10.8199091,-8.76417923,-9.34670925,-5.56641579,-11.1147346,-8.90089035,-15.6736393]","[0.996512234,0.000744601362,0.00264574471,1.37931215e-06,1.80588868e-05,1.09971393e-06,4.3794611e-05,3.2279986e-05,1.29503386e-09,4.8528892e-09,2.11651474e-09,6.1361601e-07,2.7926752e-09,4.79099094e-10,3.74299036e-09,2.09039697e-09,9.16197109e-08,3.56767671e-10,3.26471916e-09,3.73660781e-12]",1.8058886780636385e-05,6,-10.918378829956055,0,0
116,4,9.5367431640625e-07,1.565184720675461e-05,9.5367431640625e-07,4.821958441425522e-07,116,117,116,"[8.62731171,4.26981449,8.02484989,-2.19694662,-2.32190347,-4.07852077,1.23476946,-0.185416296,-9.44229889,-8.36202621,-8.70068359,-3.88060904,-9.13760567,-10.8829918,-8.68912506,-9.57784557,-6.09858942,-10.4836864,-8.33263016,-15.2840462]","[0.64058131,0.00820610859,0.35069406,1.27543517e-05,1.12561693e-05,1.9431277e-06,0.000394488103,9.53356066e-05,9.10001408e-09,2.68039351e-08,1.91038776e-08,2.36838923e-06,1.23415216e-08,2.15455254e-09,1.93259702e-08,7.9464888e-09,2.57748923e-07,3.2119829e-09,2.76035603e-08,2.64242985e-11]",1.1256169273110572e-05,7,-10.949214935302734,0,0,416,417,416,"[8.62731075,4.26981497,8.02484989,-2.19694591,-2.32190442,-4.07852077,1.2347697,-0.185416207,-9.44229794,-8.36202621,-8.70068264,-3.88060808,-9.13760567,-10.8829918,-8.68912411,-9.57784557,-6.09858942,-10.4836864,-8.3326292,-15.2840462]","[0.640581071,0.00820611883,0.350694299,1.27543726e-05,1.12561665e-05,1.94312884e-06,0.00039448851,9.53356648e-05,9.10002917e-09,2.68039777e-08,1.91039078e-08,2.3683931e-06,1.23415171e-08,2.15455609e-09,1.93260021e-08,7.94648702e-09,2.57748837e-07,3.21198201e-09,2.76036047e-08,2.64243419e-11]",1.1256166544626467e-05,7,-10.949214935302734,0,0
117,4,7.152557373046875e-07,0.00011866990098496899,9.5367431640625e-07,4.83437020193378e-07,117,118,117,"[6.77821589,4.90109539,9.54495907,-1.15540016,-2.65317249,-2.64690709,0.986348033,-0.771710217,-8.78337383,-7.84866953,-7.87665653,-2.9861002,-8.75791359,-10.6137772,-8.26978874,-8.6405077,-6.3304472,-9.81296921,-7.52755785,-14.4022732]","[0.0586031415,0.008968045,0.932185113,2.10085054e-05,4.69808583e-06,4.7276144e-06,0.000178872957,3.08339804e-05,1.0223725e-08,2.60342965e-08,2.53157406e-08,3.36769131e-06,1.04873559e-08,1.6393582e-09,1.70866112e-08,1.17938139e-08,1.18823081e-07,3.65140762e-09,3.58923664e-08,3.70981058e-11]",4.698085831478238e-06,8,-12.198131561279297,2,2,417,418,417,"[6.77821636,4.90109539,9.54495811,-1.15540016,-2.65317225,-2.64690733,0.986347556,-0.771710396,-8.78337383,-7.84866953,-7.87665653,-2.9861002,-8.75791264,-10.6137772,-8.26978874,-8.6405077,-6.3304472,-9.81296921,-7.52755833,-14.4022732]","[0.058603216,0.00896805245,0.932184994,2.10085236e-05,4.69808992e-06,4.72761849e-06,0.000178872928,3.08340022e-05,1.02237241e-08,2.60342947e-08,2.53157371e-08,3.36769403e-06,1.0487355e-08,1.6393642e-09,1.70866095e-08,1.1793813e-08,1.18823174e-07,3.65142094e-09,3.58923629e-08,3.70981024e-11]",4.698089924204396e-06,8,-12.19813060760498,2,2
118,4,7.152557373046875e-07,0.0008301051566377282,1.9073486328125e-06,1.3495769053406548e-05,118,119,118,"[6.50344849,5.59664536,6.81692028,-0.0596233308,-5.01488543,-0.694179714,1.18661237,-0.102354676,-7.80920219,-7.46160841,-8.17251015,-1.95377076,-8.05359459,-9.98330498,-8.37001228,-7.34847164,-6.76802063,-9.74882412,-7.62572765,-13.8245678]","[0.359630883,0.145223647,0.492035031,0.000507634541,3.57690874e-06,0.000269132928,0.00176516082,0.000486399542,2.18751865e-07,3.09677773e-07,1.52113969e-07,7.63718563e-05,1.71322142e-07,2.48743266e-08,1.24851852e-07,3.46772367e-07,6.19628167e-07,3.14473922e-08,2.62805059e-07,5.33964151e-10]",3.5769087389780907e-06,9,-11.831806182861328,2,2,418,419,418,"[6.50344944,5.59664536,6.81692123,-0.0596241355,-5.0148859,-0.69418025,1.18661249,-0.102354616,-7.80920315,-7.46160936,-8.17251015,-1.95377111,-8.05359459,-9.98330498,-8.37001324,-7.3484726,-6.76802063,-9.74882507,-7.62572765,-13.8245697]","[0.359630913,0.145223528,0.492035091,0.000507633609,3.57690919e-06,0.00026913255,0.00176516024,0.000486399134,2.18751666e-07,3.09677205e-07,1.52113842e-07,7.6371718e-05,1.71321986e-07,2.48742804e-08,1.24851766e-07,3.46771742e-07,6.19627656e-07,3.1447339e-08,2.62805116e-07,5.33962208e-10]",3.5769091937254416e-06,9,-11.831807136535645,2,2
119,4,7.152557373046875e-07,5.925686491536908e-05,1.430511474609375e-06,7.878161341068335e-07,119,120,119,"[6.77047634,5.61303759,6.96176577,1.21052909,-6.25209427,-0.868763924,0.971485376,0.417000949,-7.76607132,-7.08339453,-8.46736526,-1.09974086,-8.2706995,-9.69494915,-8.80777931,-7.56314325,-6.90744352,-9.625947,-7.85992146,-13.2000685]","[0.394541085,0.124000363,0.477714211,0.00151858083,8.71890336e-07,0.000189850747,0.00119570026,0.000686772401,1.91844791e-07,3.79692949e-07,9.51441095e-08,0.00015069556,1.15822338e-07,2.78771637e-08,6.76927243e-08,2.35006979e-07,4.52738135e-07,2.98687226e-08,1.74659007e-07,8.37518888e-10]",8.718903359294927e-07,9,-13.213859558105469,2,0,419,420,419,"[6.77047586,5.61303759,6.96176577,1.21053004,-6.25209427,-0.868763864,0.971485972,0.4170008,-7.76607132,-7.0833931,-8.46736526,-1.09974051,-8.27069855,-9.6949482,-8.80777931,-7.56314325,-6.90744305,-9.62594795,-7.85992098,-13.2000685]","[0.394540995,0.124000393,0.47771433,0.00151858258,8.71890563e-07,0.000189850791,0.00119570165,0.000686772575,1.91844833e-07,3.79693773e-07,9.51441308e-08,0.000150695603,1.1582258e-07,2.78772223e-08,6.76927385e-08,2.35007022e-07,4.5273822e-07,2.98686729e-08,1.74659377e-07,8.3751911e-10]",8.718905633031682e-07,9,-13.213859558105469,2,0
120,4,7.152557373046875e-07,8.111177157843485e-05,9.5367431640625e-07,0.0001842906349338591,120,121,120,"[6.69111729,5.71277189,6.94244194,2.15432024,-4.81432009,-0.960347056,0.965260148,-0.00105113909,-7.77274466,-6.06230783,-8.29334831,0.415487468,-8.65764141,-9.38174629,-9.10623264,-8.15370369,-5.90023518,-10.1975565,-7.00126839,-12.0293655]","[0.373239517,0.140312895,0.479884237,0.00399651704,3.76045023e-06,0.000177418537,0.00121696852,0.00046303717,1.95169491e-07,1.07955702e-06,1.15962315e-07,0.000702289399,8.05576477e-08,3.90509527e-08,5.14382386e-08,1.33341004e-07,1.26950113e-06,1.72715033e-08,4.22143415e-07,2.76557333e-09]",3.7604502267640783e-06,9,-11.75676155090332,2,2,420,421,420,"[6.69111681,5.71277189,6.94244099,2.15432024,-4.81432009,-0.960347295,0.965260148,-0.00105094537,-7.77274418,-6.06230783,-8.29334831,0.415487766,-8.65764141,-9.38174629,-9.10623264,-8.15370274,-5.9002347,-10.1975565,-7.00126743,-12.0293665]","[0.373239547,0.14031297,0.479884088,0.00399651984,3.76044886e-06,0.000177418478,0.00121696922,0.000463037461,1.95169804e-07,1.07955668e-06,1.15962493e-07,0.000702290155,8.05576192e-08,3.90510131e-08,5.14382208e-08,1.33341231e-07,1.26950067e-06,1.7271498e-08,4.22144069e-07,2.76557244e-09]",3.7604488625220256e-06,9,-11.75676155090332,2,2
121,4,9.5367431640625e-07,2.887847767851781e-05,1.9073486328125e-06,7.914500201877672e-07,121,122,121,"[7.16146803,5.07972193,5.8446188,1.16717243,-4.30978632,-0.967754483,1.19573665,0.376553446,-7.94079971,-6.35942173,-7.91074038,-0.532789528,-8.40465832,-9.00087452,-9.36762333,-7.84192801,-5.42300749,-10.0797548,-7.19785976,-12.2306662]","[0.714466035,0.0891026706,0.191461399,0.00178111554,7.44867702e-06,0.000210622602,0.00183272501,0.000807849923,1.97310328e-07,9.59254862e-07,2.03331481e-07,0.000325392786,1.24079207e-07,6.8354268e-08,4.73683919e-08,2.17815867e-07,2.44688363e-06,2.32388082e-08,4.14767726e-07,2.70448708e-09]",7.448677024513017e-06,9,-11.471254348754883,0,0,421,422,421,"[7.16146851,5.07972193,5.8446188,1.16717291,-4.3097868,-0.967753947,1.19573653,0.376553744,-7.94079924,-6.35942125,-7.91074038,-0.532789588,-8.40465832,-9.00087547,-9.36762333,-7.84192801,-5.42300844,-10.0797529,-7.19785976,-12.2306652]","[0.714466155,0.0891026556,0.191461354,0.00178111589,7.44867111e-06,0.000210622631,0.00183272432,0.000807849632,1.97310371e-07,9.59254976e-07,2.03331524e-07,0.000325392844,1.24079122e-07,6.83541472e-08,4.7368399e-08,2.17815696e-07,2.44688181e-06,2.32388118e-08,4.14767442e-07,2.70448752e-09]",7.448671112797456e-06,9,-11.4712553024292,0,0
122,4,4.76837158203125e-07,3.733128323801793e-05,1.9073486328125e-06,1.1204529073438607e-06,122,123,122,"[7.20229912,5.84389019,5.13916397,1.39739752,-4.36044979,-1.90414417,1.18897831,0.119693071,-8.22474384,-7.0774889,-7.90103197,-2.07091904,-8.51701736,-9.23280525,-8.98543358,-7.72210073,-6.3023777,-9.66283989,-7.79389,-12.4928894]","[0.719093084,0.184856877,0.0913643762,0.00216644863,6.84143242e-06,7.97823886e-05,0.00175886706,0.00060373795,1.43517724e-07,4.5201412e-07,1.98377094e-07,6.75270348e-05,1.07145304e-07,5.23733021e-08,6.70721363e-08,2.37247036e-07,9.81247354e-07,3.40681332e-08,2.2081214e-07,2.01036188e-09]",6.841432423243532e-06,9,-11.562748908996582,0,0,422,423,422,"[7.20230007,5.84389067,5.13916397,1.39739776,-4.36044979,-1.90414393,1.18897831,0.119693205,-8.22474575,-7.07748938,-7.90103292,-2.07091928,-8.51701736,-9.23280716,-8.98543358,-7.72210169,-6.3023777,-9.66284084,-7.79389,-12.4928913]","[0.719093144,0.184856817,0.0913643017,0.0021664477,6.84142697e-06,7.97823159e-05,0.00175886578,0.000603737484,1.43517312e-07,4.52013296e-07,1.98376753e-07,6.75269766e-05,1.07145098e-07,5.23731138e-08,6.70721434e-08,2.3724661e-07,9.81246558e-07,3.40681332e-08,2.20811955e-07,2.01035455e-09]",6.841426966275321e-06,9,-11.562749862670898,0,0
123,4,5.960464477539062e-07,2.4161838155123405e-05,2.86102294921875e-06,2.1612188447761582e-06,123,124,123,"[6.49500418,5.32193947,5.1696229,2.31845045,-3.7937336,-1.83384633,1.14486897,-0.193054274,-7.69378281,-6.52675867,-7.42781782,-1.94117951,-7.87756157,-8.84061623,-8.02019978,-7.22841311,-5.65749073,-8.90777016,-7.55104065,-12.2727566]","[0.62618655,0.1937529,0.166378796,0.00961279124,2.12991108e-05,0.000151192493,0.00297282613,0.000780040049,4.31113506e-07,1.38491782e-06,5.62470063e-07,0.000135804963,3.58738134e-07,1.36939335e-07,3.11050542e-07,6.86593012e-07,3.3032577e-06,1.28045301e-07,4.97260316e-07,4.42557235e-09]",2.1299110812833533e-05,9,-10.288738250732422,0,0,423,424,423,"[6.49500418,5.32193995,5.16962242,2.31845069,-3.7937336,-1.83384573,1.14486897,-0.193053856,-7.69378281,-6.52675867,-7.42781878,-1.94117951,-7.87756109,-8.84061623,-8.02019978,-7.22841311,-5.65749073,-8.90777111,-7.5510416,-12.2727537]","[0.62618655,0.193752989,0.166378707,0.0096127959,2.12991108e-05,0.000151192493,0.00297282613,0.000780040398,4.31113506e-07,1.38491782e-06,5.62468983e-07,0.000135804963,3.58738816e-07,1.36939335e-07,3.11050542e-07,6.86593012e-07,3.3032577e-06,1.28045301e-07,4.97260316e-07,4.42558079e-09]",2.1299110812833533e-05,9,-10.288738250732422,0,0
124,4,7.152557373046875e-07,5.972526560071856e-05,1.430511474609375e-06,2.0233125042068423e-07,124,125,124,"[6.01594734,5.22388029,4.92643261,2.51567698,-3.30098295,-2.2643702,1.11348891,-0.518177688,-7.25583267,-6.50968456,-7.14855957,-1.96471024,-7.46448231,-8.8807888,-7.43096495,-6.93903589,-5.44527912,-8.45351887,-7.07014608,-12.4586334]","[0.546726167,0.247616485,0.183907598,0.0165052377,4.91448809e-05,0.000138571442,0.00406124629,0.000794393127,9.41692406e-07,1.98589851e-06,1.04832793e-06,0.000186988254,7.64352478e-07,1.85438353e-07,7.90405352e-07,1.29268403e-06,5.75734839e-06,2.84289342e-07,1.13383931e-06,5.18037746e-09]",4.914488090435043e-05,9,-9.316930770874023,0,0,424,425,424,"[6.0159483,5.22388124,4.92643356,2.51567745,-3.30098319,-2.26437044,1.11348903,-0.518177629,-7.25583363,-6.50968504,-7.14856052,-1.96471035,-7.46448326,-8.88078976,-7.43096638,-6.93903637,-5.44527912,-8.45351887,-7.07014751,-12.4586334]","[0.546726167,0.247616485,0.183907598,0.0165052302,4.91448336e-05,0.00013857118,0.00406124257,0.000794392428,9.41690587e-07,1.98589669e-06,1.04832588e-06,0.00018698808,7.64351057e-07,1.85438012e-07,7.90403874e-07,1.29268153e-06,5.75734248e-06,2.8428903e-07,1.13383715e-06,5.18037746e-09]",4.914483361062594e-05,9,-9.31693172454834,0,0
125,4,4.76837158203125e-07,0.001077818451449275,9.5367431640625e-07,4.1616289081503055e-07,125,126,125,"[6.02423,5.58914423,5.16658306,1.71869183,-3.69472456,-2.41968536,0.99378705,-0.700168371,-7.43031311,-6.90630436,-7.26725292,-2.50572157,-7.51274109,-9.04808807,-7.30013609,-7.0844121,-5.94385576,-8.54452419,-7.23923016,-13.1865711]","[0.477762312,0.309212148,0.202647179,0.00644674385,2.8729215e-05,0.000102817168,0.0031226147,0.000573908794,6.8545296e-07,1.15758303e-06,8.06852597e-07,9.43411578e-05,6.3121837e-07,1.35952405e-07,7.807526e-07,9.68725658e-07,3.03066599e-06,2.2494811e-07,8.29782607e-07,2.1680362e-09]",2.8729215046041645e-05,9,-9.718954086303711,0,1,425,426,425,"[6.02423,5.58914423,5.16658306,1.71869254,-3.69472432,-2.41968489,0.993787169,-0.70016849,-7.43031311,-6.90630388,-7.2672534,-2.50572133,-7.51274109,-9.04808712,-7.30013609,-7.08441162,-5.94385576,-8.54452324,-7.23923016,-13.1865711]","[0.477762312,0.309212148,0.202647179,0.00644674711,2.8729215e-05,0.000102817357,0.0031226147,0.000573908561,6.8545296e-07,1.15758303e-06,8.06852597e-07,9.43411578e-05,6.3121837e-07,1.35952675e-07,7.807526e-07,9.68725658e-07,3.03066599e-06,2.2494811e-07,8.29782607e-07,2.1680362e-09]",2.8729215046041645e-05,9,-9.718954086303711,0,1
126,4,9.5367431640625e-07,6.245356053113937e-05,1.9073486328125e-06,8.000929483387154e-07,126,127,126,"[5.02031279,9.36726665,2.9143033,0.595977187,-3.0654428,-4.28517914,1.70475638,-1.17341626,-7.17577314,-7.40943098,-7.8995862,-1.22624922,-8.42909718,-10.2209234,-8.18687534,-6.90239573,-6.18500042,-8.50144672,-6.99808407,-13.603756]","[0.0127522973,0.98502326,0.00155224442,0.00015280013,3.92635275e-06,1.15948365e-06,0.000463084783,2.60427078e-05,6.44013554e-08,5.09822087e-08,3.12282324e-08,2.47024964e-05,1.83900912e-08,3.0648164e-09,2.34303883e-08,8.46491446e-08,1.73453358e-07,1.71065668e-08,7.69246995e-08,1.04053752e-10]",3.926352746930206e-06,8,-12.432709693908691,1,1,426,427,426,"[5.02031183,9.36726665,2.9143033,0.59597671,-3.0654428,-4.28517723,1.70475614,-1.17341626,-7.17577267,-7.40942955,-7.89958525,-1.22624934,-8.42909718,-10.2209215,-8.18687534,-6.90239573,-6.18500042,-8.50144482,-6.99808407,-13.603756]","[0.0127522862,0.98502326,0.00155224442,0.00015280013,3.92635275e-06,1.15948581e-06,0.000463084783,2.60427078e-05,6.44015969e-08,5.09824076e-08,3.12282324e-08,2.47024964e-05,1.83900912e-08,3.0648164e-09,2.34303883e-08,8.46491446e-08,1.73453358e-07,1.71066326e-08,7.69246995e-08,1.04053752e-10]",3.926352746930206e-06,8,-12.432709693908691,1,1
127,4,9.5367431640625e-07,0.00010597710934234783,1.9073486328125e-06,1.0711202094171313e-06,127,128,127,"[6.48349762,8.00797844,3.54027724,-1.33552837,-2.04940677,-4.14132929,1.05404246,-0.642644346,-7.77777767,-7.86371136,-8.25570107,-3.57205439,-8.39692879,-10.8961601,-7.65149403,-7.73117924,-5.62154341,-8.94309902,-8.66887951,-14.1106625]","[0.176949859,0.812687933,0.00932450872,7.11361572e-05,3.48382891e-05,4.30077034e-06,0.00077601074,0.000142234931,1.13307074e-07,1.03976816e-07,7.02582881e-08,7.59939894e-06,6.10046698e-08,5.01142861e-09,1.28558654e-07,1.18711966e-07,9.78808885e-07,3.53317233e-08,4.64790055e-08,2.01335393e-10]",3.4838289138861e-05,7,-10.057385444641113,1,1,427,428,427,"[6.4834981,8.00797749,3.54027677,-1.33552694,-2.04940701,-4.14132881,1.0540427,-0.642643988,-7.77777767,-7.86371088,-8.25570011,-3.57205415,-8.39692879,-10.8961601,-7.65149498,-7.73117924,-5.62154388,-8.94309902,-8.66887856,-14.1106606]","[0.176950067,0.812687695,0.00932450593,7.11363391e-05,3.4838311e-05,4.30077807e-06,0.000776011671,0.000142235032,1.13307159e-07,1.03976895e-07,7.02584018e-08,7.59941167e-06,6.10046555e-08,5.01142727e-09,1.28558611e-07,1.18712038e-07,9.78808657e-07,3.53317162e-08,4.64789913e-08,2.01336101e-10]",3.483831096673384e-05,7,-10.057384490966797,1,1
128,4,7.152557373046875e-07,0.0003136107116006315,1.430511474609375e-06,3.9599802903467207e-07,128,129,128,"[6.84745598,7.92546892,3.8150177,-1.53724837,-3.6124208,-5.01087093,1.90382636,0.328822166,-8.5887413,-8.47353363,-7.72440863,-3.66170716,-9.48804569,-11.3815489,-8.20607281,-8.66823864,-6.74232864,-9.04586887,-9.08863735,-14.5766726]","[0.250254601,0.735456765,0.0120617645,5.71414603e-05,7.1732411e-06,1.77164191e-06,0.0017839839,0.000369296671,4.94910815e-08,5.55342687e-08,1.17463159e-07,6.82827203e-06,2.01355554e-08,3.031283e-09,7.25635019e-08,4.57090472e-08,3.13627254e-07,3.13327533e-08,3.00210097e-08,1.24165539e-10]",7.173241101554595e-06,7,-11.53788948059082,1,1,428,429,428,"[6.84745693,7.92546892,3.81501865,-1.5372479,-3.61242223,-5.01087093,1.90382695,0.328822285,-8.58874226,-8.47353363,-7.7244091,-3.66170692,-9.48804665,-11.3815489,-8.20607376,-8.66823864,-6.74233007,-9.04586983,-9.08863735,-14.5766735]","[0.25025478,0.735456645,0.0120617738,5.71414494e-05,7.17322609e-06,1.77164156e-06,0.00178398448,0.000369296613,4.94909784e-08,5.55342581e-08,1.17463145e-07,6.82827113e-06,2.01355519e-08,3.03128256e-09,7.25633527e-08,4.57090366e-08,3.136266e-07,3.13327497e-08,3.00210026e-08,1.24165511e-10]",7.173226094892016e-06,7,-11.537891387939453,1,1
129,4,9.5367431640625e-07,2.755630703177303e-05,9.5367431640625e-07,2.9185644052631687e-06,129,130,129,"[6.99883986,8.23982048,4.32258034,-0.245071083,-3.96016073,-4.69824982,1.66353142,-0.629660606,-8.67876339,-8.16036892,-7.89973593,-3.83811021,-9.49250126,-11.2061043,-8.53500557,-8.73696709,-6.87833691,-9.21266365,-8.99541092,-14.2061539]","[0.220561117,0.762921691,0.0151790353,0.000157593488,3.83791439e-06,1.83462555e-06,0.00106275675,0.000107278654,3.42635822e-08,5.7539836e-08,7.46723003e-08,4.33612149e-06,1.51855346e-08,2.73666845e-09,3.95608488e-08,3.23262128e-08,2.07370803e-07,2.0089189e-08,2.49639953e-08,1.36243933e-10]",3.8379143916245084e-06,8,-12.199981689453125,1,1,429,430,429,"[6.99884033,8.23982048,4.32258034,-0.245071799,-3.96016145,-4.69825029,1.66353178,-0.629660606,-8.67876339,-8.16036892,-7.89973593,-3.83811092,-9.49250221,-11.2061043,-8.53500652,-8.73696804,-6.87833691,-9.2126646,-8.99541187,-14.2061539]","[0.220561206,0.762921631,0.0151790343,0.000157593473,3.83791394e-06,1.83462362e-06,0.00106275722,0.000107278647,3.42635786e-08,5.75398289e-08,7.46722932e-08,4.33611694e-06,1.51855328e-08,2.7366629e-09,3.95608453e-08,3.23262093e-08,2.07370789e-07,2.00891872e-08,2.49639438e-08,1.36243669e-10]",3.8379139368771575e-06,8,-12.199981689453125,1,1
130,4,9.5367431640625e-07,0.00023007547133602202,9.5367431640625e-07,1.3446372122416506e-06,130,131,130,"[7.81766415,6.29738188,4.35462713,-0.739049315,-2.56329608,-3.64461422,1.70647943,-0.0664915144,-8.37732983,-7.77176332,-8.28921986,-4.43902779,-8.91978645,-10.3808069,-8.78316021,-8.12045574,-6.27893829,-9.63787556,-9.09879684,-14.0181656]","[0.798199773,0.174526528,0.0250111558,0.000153454035,2.47581247e-05,8.39667518e-06,0.0017703448,0.000300653657,7.39118846e-08,1.35428323e-07,8.07199285e-08,3.79400535e-06,4.29664624e-08,9.96818361e-09,4.92565881e-08,9.55594572e-08,6.02608111e-07,2.09540048e-08,3.59240708e-08,2.62380062e-10]",2.475812470947858e-05,7,-10.380960464477539,0,0,430,431,430,"[7.8176651,6.29738092,4.35462713,-0.739049315,-2.56329584,-3.64461422,1.70648015,-0.0664916039,-8.37732983,-7.77176332,-8.28921986,-4.43902826,-8.91978645,-10.380806,-8.78316021,-8.12045574,-6.27893734,-9.63787556,-9.0987978,-14.0181646]","[0.798200071,0.174526259,0.025011139,0.000153453948,2.47581083e-05,8.39667155e-06,0.00177034456,0.000300653453,7.3911913e-08,1.3542811e-07,8.07199569e-08,3.79399944e-06,4.29663167e-08,9.96818805e-09,4.92566059e-08,9.55594928e-08,6.02608338e-07,2.09540119e-08,3.5924085e-08,2.62380173e-10]",2.4758108338573948e-05,7,-10.380960464477539,0,0
131,4,4.76837158203125e-07,0.0002600419393274933,1.430511474609375e-06,1.9790732039837167e-06,131,132,131,"[8.78085041,2.63480854,6.64851046,0.481879264,-4.5779686,-1.77872288,1.40964377,0.509097517,-7.85492754,-6.41835499,-7.73749876,-4.79831123,-8.4862299,-8.13184929,-8.63376904,-8.46113491,-5.98428154,-9.61171246,-8.79032993,-13.0221262]","[0.891373098,0.0019092703,0.105680786,0.000221749244,1.40733721e-06,2.31257145e-05,0.000560770452,0.000227867655,5.31169064e-08,2.23423299e-07,5.9735406e-08,1.12902762e-06,2.82528223e-08,4.02687164e-08,2.43773446e-08,2.89707991e-08,3.44861093e-07,9.16792331e-09,2.08445652e-08,3.02793873e-10]",1.4073372085476876e-06,8,-13.358819007873535,0,0,431,432,431,"[8.78085041,2.63480854,6.64850998,0.48187831,-4.5779686,-1.77872276,1.40964377,0.509097278,-7.85492754,-6.41835594,-7.73749733,-4.79831171,-8.48622894,-8.13184929,-8.63376808,-8.46113491,-5.98428154,-9.61171246,-8.79032898,-13.0221252]","[0.891373217,0.00190927053,0.105680741,0.000221749055,1.40733732e-06,2.31257163e-05,0.00056077051,0.000227867669,5.31169135e-08,2.23423129e-07,5.97355267e-08,1.1290266e-06,2.82528259e-08,4.02687199e-08,2.43773943e-08,2.89708009e-08,3.44861121e-07,9.1679242e-09,2.08445687e-08,3.02793901e-10]",1.4073373222345253e-06,8,-13.358819007873535,0,0
132,4,9.5367431640625e-07,3.841158468276262e-05,9.5367431640625e-07,6.553049161084346e-07,132,133,132,"[4.61142683,4.41782045,11.1859674,2.55515337,-4.7242918,-0.545742691,-0.915820658,-0.344041616,-5.71007633,-5.98887396,-6.75944185,-2.75956774,-7.69828749,-8.53142548,-6.95074272,-6.4125123,-4.54105377,-8.3120966,-7.07915401,-12.308486]","[0.00139162189,0.00114667171,0.997258902,0.000178030008,1.22763751e-07,8.01292026e-06,5.53436712e-06,9.80366622e-06,4.58088465e-08,3.46632483e-08,1.60404117e-08,8.75666501e-07,6.2730745e-09,2.72679546e-09,1.32475391e-08,2.26926442e-08,1.47451573e-07,3.39552031e-09,1.16510872e-08,6.24160723e-11]",1.2276375116471172e-07,10,-15.910259246826172,2,2,432,433,432,"[4.61142683,4.41782045,11.1859674,2.55515313,-4.72429276,-0.545743048,-0.915820777,-0.344041705,-5.71007633,-5.98887396,-6.7594409,-2.75956821,-7.69828749,-8.53142548,-6.95074272,-6.4125123,-4.54105377,-8.31209564,-7.07915401,-12.308485]","[0.00139162189,0.00114667171,0.997258902,0.000178029833,1.22763637e-07,8.01292026e-06,5.53436712e-06,9.80366622e-06,4.58088465e-08,3.46632483e-08,1.60404419e-08,8.75666501e-07,6.2730745e-09,2.72679546e-09,1.32475391e-08,2.26926442e-08,1.47451573e-07,3.39552031e-09,1.16510872e-08,6.24161972e-11]",1.22763637477874e-07,10,-15.910260200500488,2,2
133,4,1.1920928955078125e-06,3.073428160860203e-05,9.5367431640625e-07,5.127337317389902e-06,133,134,133,"[5.09109116,6.33476067,8.73485088,2.31645083,-5.13560581,-1.35797596,-0.629006326,-0.110436291,-6.54625845,-6.37771225,-7.54499435,-2.50264382,-7.66140175,-9.00788307,-8.11562347,-6.5173893,-6.02568531,-8.83217812,-7.7048645,-13.2983646]","[0.0233770609,0.0810790583,0.893829405,0.00145807222,8.46041871e-07,3.69824484e-05,7.66625308e-05,0.000128764208,2.0642058e-07,2.4431597e-07,7.60339063e-08,1.17726104e-05,6.76788545e-08,1.76069292e-08,4.29720615e-08,2.12466702e-07,3.47404324e-07,2.09889794e-08,6.48002256e-08,2.41185488e-10]",8.460418712274986e-07,9,-13.87045669555664,2,2,433,434,433,"[5.0910902,6.33476067,8.73485184,2.31645107,-5.13560629,-1.35797548,-0.629006624,-0.110436857,-6.54625845,-6.37771177,-7.54499388,-2.50264478,-7.66140175,-9.00788403,-8.11562252,-6.51738834,-6.02568531,-8.83217812,-7.7048645,-13.2983646]","[0.0233770162,0.0810789838,0.893829405,0.00145807082,8.46040223e-07,3.69824484e-05,7.66624507e-05,0.000128764092,2.06420381e-07,2.44315743e-07,7.60339063e-08,1.17725886e-05,6.76787266e-08,1.76068617e-08,4.29720615e-08,2.12466702e-07,3.47403983e-07,2.09889386e-08,6.48002256e-08,2.41185044e-10]",8.460402227683517e-07,9,-13.870458602905273,2,2
134,4,7.152557373046875e-07,0.00015821191482245922,9.5367431640625e-07,3.530852609401336e-06,134,135,134,"[5.49650383,4.44932318,9.17449379,1.03261423,-5.18561554,-0.657976568,0.109727092,-0.260516226,-6.45761395,-6.29991198,-7.48164368,-2.5885675,-7.25681305,-8.36990929,-7.4606657,-6.55102539,-5.88824987,-8.53092766,-7.55883503,-13.6182833]","[0.0244263113,0.0085718222,0.966470599,0.000281329645,5.60624926e-07,5.18801462e-05,0.000111791916,7.71997438e-05,1.57126891e-07,1.8396679e-07,5.64311904e-08,7.52585629e-06,7.06580963e-08,2.32140636e-08,5.76276697e-08,1.43114107e-07,2.77665777e-07,1.97615861e-08,5.22391161e-08,1.22014343e-10]",5.606249260381446e-07,9,-14.360109329223633,2,2,434,435,434,"[5.49650478,4.4493227,9.17449379,1.03261471,-5.18561554,-0.657976747,0.109726705,-0.260516167,-6.45761347,-6.29991198,-7.4816432,-2.58856773,-7.25681305,-8.36990929,-7.46066618,-6.55102539,-5.88825035,-8.53092766,-7.55883503,-13.6182823]","[0.0244263355,0.00857181754,0.966470599,0.000281329645,5.60624926e-07,5.18801025e-05,0.000111791916,7.71997438e-05,1.57126891e-07,1.8396679e-07,5.64314107e-08,7.52585629e-06,7.06580963e-08,2.32140636e-08,5.76276697e-08,1.43114107e-07,2.77665549e-07,1.97615861e-08,5.22391161e-08,1.22014343e-10]",5.606249260381446e-07,9,-14.360109329223633,2,2
135,4,9.5367431640625e-07,0.01412714459002018,1.430511474609375e-06,4.4528832177093136e-07,135,136,135,"[6.5142808,5.19476557,8.83205509,1.82690978,-5.05836725,-1.54036546,0.28434056,-0.381550819,-7.52397633,-6.56834364,-8.13796329,-0.803137779,-8.42998695,-9.28262997,-8.74019718,-7.68456793,-5.83226347,-9.83233929,-7.36600113,-13.3696842]","[0.0874622092,0.0233755726,0.888008356,0.000805603224,8.23916253e-07,2.77799918e-05,0.000172262968,8.85113259e-05,6.99975473e-08,1.82015782e-07,3.78818967e-08,5.80638662e-05,2.82883086e-08,1.20589441e-08,2.07436344e-08,5.96127308e-08,3.80000898e-07,6.95942814e-09,8.19768076e-08,2.02452791e-10]",8.239162525569554e-07,9,-13.890422821044922,2,2,435,436,435,"[6.51428223,5.19476557,8.83205605,1.82690954,-5.05836773,-1.54036546,0.28434059,-0.381550848,-7.5239768,-6.56834364,-8.13796425,-0.803138137,-8.42998791,-9.28263092,-8.74019814,-7.68456888,-5.83226395,-9.83233929,-7.36600208,-13.3696842]","[0.0874622539,0.0233755521,0.888008356,0.00080560206,8.239154e-07,2.77799663e-05,0.000172262808,8.85112458e-05,6.99974194e-08,1.82015441e-07,3.78818257e-08,5.8063808e-05,2.82883086e-08,1.20589219e-08,2.07435917e-08,5.96126171e-08,3.80000159e-07,6.95942814e-09,8.1976502e-08,2.02452791e-10]",8.239153999056725e-07,9,-13.890423774719238,2,2
136,4,7.152557373046875e-07,1.8555034330347553e-05,9.5367431640625e-07,5.230950250734168e-07,136,137,136,"[6.3818202,5.07580423,7.10121059,1.13946116,-4.50116682,-0.89865309,1.0561645,-0.40439254,-7.5130868,-6.41015387,-8.01738358,-1.70748818,-7.90412617,-8.94390488,-8.28668022,-7.35727119,-5.78782368,-9.51445484,-7.72664356,-13.1404285]","[0.299725354,0.081194751,0.61539048,0.00158487796,5.62733112e-06,0.000206468656,0.00145821215,0.000338461017,2.76848311e-07,8.34141986e-07,1.67197101e-07,9.19563172e-05,1.87247423e-07,6.61981829e-08,1.27724647e-07,3.23528042e-07,1.55422651e-06,3.74161395e-08,2.23612219e-07,9.96134952e-10]",5.627331120194867e-06,9,-11.602376937866211,2,0,436,437,436,"[6.38182068,5.07580328,7.10121059,1.13946056,-4.50116682,-0.898653388,1.0561645,-0.40439263,-7.5130868,-6.41015291,-8.01738262,-1.70748889,-7.90412569,-8.94390488,-8.28668022,-7.35727119,-5.78782368,-9.51445484,-7.72664356,-13.1404285]","[0.299725503,0.0811946765,0.61539042,0.00158487726,5.62733112e-06,0.000206468641,0.00145821203,0.000338460988,2.76848283e-07,8.34141929e-07,1.67197243e-07,9.19562226e-05,1.87247409e-07,6.61981829e-08,1.27724633e-07,3.23528013e-07,1.5542264e-06,3.7416136e-08,2.23612204e-07,9.96134952e-10]",5.627331120194867e-06,9,-11.602376937866211,2,0
137,4,9.5367431640625e-07,0.00020800028869416565,1.9073486328125e-06,1.957808854058385e-05,137,138,137,"[6.19230843,3.84002924,7.8959856,-0.044905737,-4.34410477,-0.95764786,1.72366655,0.171535313,-7.29337406,-6.50388193,-7.64303064,-3.10387421,-7.8990221,-8.68265343,-7.59626055,-7.40247154,-5.6123805,-8.71941948,-7.87595558,-12.8322182]","[0.151376814,0.0144038154,0.831681371,0.000295986392,4.01932675e-06,0.000118815376,0.00173521356,0.0003675115,2.10524149e-07,4.6363283e-07,1.48404879e-07,1.38924406e-05,1.14887378e-07,5.24741175e-08,1.55510662e-07,1.88764986e-07,1.13070143e-06,5.05798852e-08,1.1756822e-07,8.275855e-10]",4.0193267523136456e-06,9,-12.240090370178223,2,2,437,438,437,"[6.19230938,3.84002876,7.89598656,-0.0449066162,-4.3441062,-0.957648158,1.72366703,0.171535492,-7.29337502,-6.50388241,-7.64303064,-3.10387468,-7.89902258,-8.68265438,-7.59626102,-7.40247297,-5.61238146,-8.71941948,-7.87595654,-12.8322201]","[0.151376814,0.014403794,0.831681371,0.00029598581,4.01931902e-06,0.00011881526,0.00173521275,0.000367511151,2.10523751e-07,4.63631949e-07,1.48404595e-07,1.38924133e-05,1.14887271e-07,5.24741175e-08,1.55510364e-07,1.88764631e-07,1.13069927e-06,5.05798852e-08,1.17568e-07,8.27582336e-10]",4.0193190216086805e-06,9,-12.240093231201172,2,2
138,4,1.1920928955078125e-06,2.724874866544269e-05,1.9073486328125e-06,1.9821115984086646e-06,138,139,138,"[6.3495388,4.65827036,7.5188179,0.841585755,-5.31373692,-1.77737021,2.09101009,-0.436033666,-7.46559811,-6.90812731,-7.51827192,-2.20185661,-8.19276047,-9.13383293,-7.77305889,-7.20461607,-6.35807037,-8.8414259,-8.12139225,-12.989562]","[0.226050451,0.0416578464,0.727808058,0.00091649848,1.94495487e-06,6.67934073e-05,0.00319705345,0.000255428109,2.26135143e-07,3.94888389e-07,2.14531738e-07,4.368995e-05,1.09286134e-07,4.2644448e-08,1.66279833e-07,2.93569229e-07,6.84480199e-07,5.71286165e-08,1.1737086e-07,9.02279418e-10]",1.944954874488758e-06,9,-12.832554817199707,2,2,438,439,438,"[6.34953785,4.65826845,7.51881695,0.841585517,-5.31373596,-1.77736902,2.09100962,-0.436032802,-7.46559763,-6.90812635,-7.51827145,-2.20185661,-8.19275951,-9.13383198,-7.77305746,-7.20461607,-6.3580699,-8.8414259,-8.1213913,-12.9895601]","[0.226050451,0.0416578092,0.727808058,0.000916499412,1.94495851e-06,6.6793531e-05,0.00319705484,0.000255428604,2.26135143e-07,3.94889128e-07,2.14532122e-07,4.36900336e-05,1.0928634e-07,4.26445261e-08,1.66280159e-07,2.93569798e-07,6.84481449e-07,5.71286165e-08,1.17371101e-07,9.02281139e-10]",1.944958512467565e-06,9,-12.832552909851074,2,2
139,4,4.76837158203125e-07,0.00010367773211328313,9.5367431640625e-07,5.182342874832102e-07,139,140,139,"[6.17343521,5.40176916,6.20665073,1.21496832,-4.48368359,-2.64327312,0.922676504,-0.172522292,-7.41777229,-7.28711462,-7.58627796,-1.70162404,-7.65641737,-9.86515617,-7.55035591,-7.06706285,-5.98528004,-8.49112797,-7.59810162,-13.6393862]","[0.398310721,0.184116066,0.411762953,0.00279760943,9.37333334e-06,5.90437667e-05,0.0020885577,0.000698566495,4.98466022e-07,5.68040434e-07,4.2116713e-07,0.000151400469,3.92638725e-07,4.31270557e-08,4.36571327e-07,7.07859272e-07,2.08813708e-06,1.70405301e-07,4.16216693e-07,9.89970328e-10]",9.373333341500256e-06,9,-10.69033432006836,2,0,439,440,439,"[6.17343521,5.40176868,6.20665073,1.2149682,-4.48368406,-2.64327288,0.922676325,-0.172522202,-7.41777182,-7.28711462,-7.58627796,-1.70162404,-7.65641737,-9.86515617,-7.55035591,-7.06706285,-5.98528051,-8.49112701,-7.59810162,-13.6393862]","[0.398310721,0.184115976,0.411762953,0.00279760943,9.37332516e-06,5.90438249e-05,0.00208855653,0.000698566495,4.98466022e-07,5.68040434e-07,4.2116713e-07,0.000151400469,3.92638725e-07,4.31270557e-08,4.36571327e-07,7.07859272e-07,2.08813526e-06,1.70405457e-07,4.16216693e-07,9.89970328e-10]",9.37332515604794e-06,9,-10.69033432006836,2,0
140,4,9.5367431640625e-07,2.314676567038987e-05,1.9073486328125e-06,2.902533651649719e-06,140,141,140,"[7.47227383,4.71846628,5.45913029,1.23529267,-5.10876751,-3.18080425,0.892344236,0.0872753859,-7.69293308,-7.60968399,-7.83796597,-2.51184964,-7.90367031,-9.05008793,-7.82142925,-7.26100206,-6.58996058,-9.15350342,-8.07084179,-13.5750732]","[0.832436204,0.0530136339,0.111186944,0.00162803801,2.86071213e-06,1.96688034e-05,0.00115537702,0.000516519765,2.15866521e-07,2.34606674e-07,1.86723213e-07,3.83973565e-05,1.74849049e-07,5.55623316e-08,1.89836683e-07,3.32483694e-07,6.50429058e-07,5.01034982e-08,1.47931829e-07,6.02011385e-10]",2.860712129404419e-06,9,-12.58104133605957,0,0,440,441,440,"[7.47227526,4.71846628,5.45912981,1.2352922,-5.10876751,-3.18080425,0.892344236,0.0872756392,-7.69293356,-7.60968542,-7.8379674,-2.51184988,-7.90367126,-9.05008888,-7.82142973,-7.26100302,-6.58996201,-9.15350342,-8.07084274,-13.5750751]","[0.832436442,0.0530135743,0.111186765,0.00162803463,2.86071008e-06,1.96687906e-05,0.00115537574,0.000516519183,2.15866166e-07,2.34605821e-07,1.86722744e-07,3.83972983e-05,1.74848594e-07,5.55621327e-08,1.89836371e-07,3.32483154e-07,6.50427353e-07,5.01034201e-08,1.47931445e-07,6.0200811e-10]",2.86071008304134e-06,9,-12.581043243408203,0,0
141,4,4.76837158203125e-07,3.397970795049332e-05,1.9073486328125e-06,1.0107626621902455e-05,141,142,141,"[7.22687769,4.0178709,5.96288061,1.04304266,-4.90022659,-2.82592607,1.09021509,-0.0243251137,-7.49228287,-7.22706938,-7.37400198,-2.64571285,-7.68457842,-8.81101131,-7.4827323,-7.16671896,-6.46391582,-8.82730198,-7.90246105,-13.3214664]","[0.753036141,0.0304201897,0.21274966,0.0015531393,4.0745681e-06,3.24294015e-05,0.00162816013,0.000534144288,3.05046342e-07,3.97691565e-07,3.43347864e-07,3.88332774e-05,2.5168211e-07,8.15922547e-08,3.07973522e-07,4.22431469e-07,8.5305993e-07,8.02738285e-08,2.02407833e-07,8.96981656e-10]",4.0745680962572806e-06,9,-12.127103805541992,0,0,441,442,441,"[7.22687721,4.0178709,5.96288013,1.04304314,-4.90022659,-2.82592583,1.09021485,-0.0243253596,-7.49228287,-7.22706842,-7.37400198,-2.64571381,-7.68457842,-8.81101227,-7.48273087,-7.16671896,-6.46391582,-8.82730103,-7.90246105,-13.3214645]","[0.753036141,0.0304202009,0.21274966,0.0015531407,4.0745681e-06,3.24294015e-05,0.00162816013,0.000534144288,3.05046342e-07,3.97692332e-07,3.43347864e-07,3.88332774e-05,2.51682565e-07,8.15922547e-08,3.07974091e-07,4.22431469e-07,8.53060726e-07,8.02739848e-08,2.02408017e-07,8.96983376e-10]",4.0745680962572806e-06,9,-12.127103805541992,0,0
142,4,7.152557373046875e-07,0.003518105484545231,1.9073486328125e-06,2.5560391350154532e-06,142,143,142,"[6.82847023,4.78391457,5.73426771,1.75074184,-4.13959312,-2.80491734,0.952663302,-0.049553182,-7.32447433,-6.80057192,-7.54394817,-2.7416389,-7.84874725,-8.73537445,-7.68128824,-7.13314533,-6.16275311,-8.8241806,-7.97266006,-12.6249123]","[0.678207636,0.0877856314,0.227068305,0.00422798377,1.1694814e-05,4.44258367e-05,0.0019034096,0.000698674645,4.83968336e-07,8.17231523e-07,3.88598124e-07,4.73278742e-05,2.86502313e-07,1.18051304e-07,3.38730928e-07,5.86016824e-07,1.54648626e-06,1.08019655e-07,2.53112432e-07,2.41471576e-09]",1.1694814020302147e-05,9,-10.968063354492188,0,0,442,443,442,"[6.82847023,4.78391409,5.73426628,1.75074172,-4.13959312,-2.80491638,0.952663183,-0.0495530553,-7.32447243,-6.80057192,-7.54394865,-2.7416389,-7.8487463,-8.73537445,-7.68128729,-7.13314438,-6.16275263,-8.8241806,-7.97265911,-12.6249113]","[0.678207874,0.0877856165,0.227068081,0.0042279833,1.16948177e-05,4.44258949e-05,0.00190340925,0.000698675169,4.83969416e-07,8.17231751e-07,3.88597869e-07,4.7327936e-05,2.86502939e-07,1.18051339e-07,3.38731013e-07,5.86017563e-07,1.54648819e-06,1.08019691e-07,2.53112972e-07,2.41472131e-09]",1.1694817658280954e-05,9,-10.968063354492188,0,0
143,4,4.76837158203125e-07,3.9667022065259516e-05,9.5367431640625e-07,9.169983172796492e-07,143,144,143,"[6.76205492,5.20710802,5.70025396,1.74125051,-3.92263436,-3.06060815,0.91070962,-0.113749534,-7.3750205,-6.83092833,-7.66056728,-3.15394258,-7.98915815,-8.91959095,-7.73228168,-7.30993509,-6.25813723,-8.84535313,-8.13817024,-12.7313099]","[0.637887597,0.134722248,0.220602229,0.00420955848,1.4603027e-05,3.45792942e-05,0.00183458184,0.000658597739,4.62477175e-07,7.96868335e-07,3.47599155e-07,3.14978388e-05,2.50249798e-07,9.86942155e-08,3.23544185e-07,4.93578398e-07,1.41301291e-06,1.06299879e-07,2.15604985e-07,2.18214091e-09]",1.4603027011617087e-05,9,-10.68468952178955,0,0,443,444,443,"[6.76205492,5.20710802,5.70025349,1.74125075,-3.92263412,-3.06060839,0.91070956,-0.11374943,-7.37502098,-6.83092785,-7.66056728,-3.15394306,-7.98915768,-8.91959095,-7.73228121,-7.30993509,-6.25813723,-8.84535217,-8.13817024,-12.7313099]","[0.637887716,0.134722263,0.22060214,0.00420956081,1.46030288e-05,3.45792323e-05,0.00183458219,0.000658597855,4.6247726e-07,7.96868449e-07,3.47599212e-07,3.14978424e-05,2.50249826e-07,9.86942297e-08,3.23544242e-07,4.93578511e-07,1.41301302e-06,1.06300092e-07,2.15605013e-07,2.18214113e-09]",1.460302883060649e-05,9,-10.684688568115234,0,0
144,4,4.76837158203125e-07,0.019999999552965164,9.5367431640625e-07,5.094110520076356e-07,144,145,144,"[6.43622017,6.48009396,5.60549831,1.59074903,-3.94046044,-3.53939247,0.679876149,-0.292517424,-7.39229012,-7.09802866,-8.25608635,-3.39369297,-8.3704443,-9.40904045,-7.84099483,-7.5490551,-6.59128189,-8.92684746,-8.11639309,-13.2431831]","[0.40113166,0.419122607,0.174786955,0.00315446313,1.24954495e-05,1.86609377e-05,0.00126864063,0.000479770155,3.95950821e-07,5.31419573e-07,1.66916507e-07,2.15878754e-05,1.4887928e-07,5.26960022e-08,2.52796639e-07,3.38500286e-07,8.82093559e-07,8.53476223e-08,1.91940799e-07,1.13927945e-09]",1.249544948223047e-05,9,-10.420554161071777,1,0,444,445,444,"[6.43622017,6.48009443,5.60549784,1.59074879,-3.94046068,-3.53939199,0.67987597,-0.292517275,-7.39228964,-7.09802771,-8.25608635,-3.39369297,-8.3704443,-9.4090395,-7.84099388,-7.54905462,-6.59128189,-8.9268465,-8.11639309,-13.2431831]","[0.40113163,0.419122756,0.174786851,0.00315446267,1.24954431e-05,1.86609268e-05,0.00126863981,0.000479770359,3.95950593e-07,5.31419289e-07,1.66916408e-07,2.15878845e-05,1.48879337e-07,5.26960733e-08,2.52796724e-07,3.38500115e-07,8.82093161e-07,8.5347736e-08,1.9194087e-07,1.13927989e-09]",1.2495443115767557e-05,9,-10.420555114746094,1,0
145,4,7.152557373046875e-07,4.25352955062408e-05,9.5367431640625e-07,4.686152976773883e-07,145,146,145,"[6.14152098,7.41659069,5.47016811,1.52631748,-3.9387002,-3.38503718,0.489386171,-0.506011367,-7.39525223,-7.3162365,-8.66986847,-3.5042212,-8.53810883,-9.82517242,-7.84647131,-7.54657412,-6.75286865,-9.10142422,-8.03258801,-13.4120474]","[0.195891619,0.701086462,0.100103892,0.00193936005,8.20788409e-06,1.42785502e-05,0.000687582593,0.000254114333,2.58862713e-07,2.80146736e-07,7.23620275e-08,1.26742698e-05,8.25530648e-08,2.27912729e-08,1.64857298e-07,2.22510977e-07,4.92099787e-07,4.69990269e-08,1.36860621e-07,6.30970443e-10]",8.207884093280882e-06,9,-11.355291366577148,1,1,445,446,445,"[6.1415205,7.41659069,5.47016716,1.52631819,-3.93869996,-3.38503671,0.489386171,-0.506011307,-7.39525223,-7.31623602,-8.66986847,-3.50422144,-8.53810883,-9.82517242,-7.84647083,-7.54657412,-6.7528677,-9.10142422,-8.03258705,-13.4120464]","[0.195891559,0.70108664,0.100103825,0.00193936157,8.20788591e-06,1.42785539e-05,0.000687582768,0.000254114391,2.58862769e-07,2.80147361e-07,7.23620417e-08,1.26742725e-05,8.25530861e-08,2.27912782e-08,1.6485734e-07,2.22511034e-07,4.9210081e-07,4.69990376e-08,1.36860649e-07,6.30970554e-10]",8.207885912270285e-06,9,-11.355290412902832,1,1
146,4,7.152557373046875e-07,2.0266606952645816e-05,1.9073486328125e-06,3.738007308129454e-07,146,147,146,"[7.16875172,5.12686968,6.38810539,2.30463266,-3.42142606,-4.73500156,1.68385148,-0.637822688,-8.06508255,-6.88878965,-8.07466984,-3.10647011,-8.52212334,-9.37324715,-7.59818792,-8.16522694,-6.14217758,-9.12903023,-9.24798298,-12.9775724]","[0.624906659,0.0811030194,0.286275864,0.0048234202,1.57238719e-05,4.2274728e-06,0.00259270566,0.000254368177,1.51302118e-07,4.90571495e-07,1.49858479e-07,2.1544829e-05,9.57976241e-08,4.08993053e-08,2.41331804e-07,1.36884054e-07,1.03502782e-06,5.22129184e-08,4.63573606e-08,1.11269916e-09]",1.572387191117741e-05,8,-10.590177536010742,0,2,446,447,446,"[7.16875267,5.12686968,6.38810587,2.3046329,-3.42142653,-4.73500204,1.68385148,-0.637822926,-8.06508255,-6.8887887,-8.07466984,-3.10647011,-8.52212429,-9.37324715,-7.59818792,-8.16522789,-6.1421771,-9.12903118,-9.24798298,-12.9775705]","[0.624906778,0.0811029673,0.286275804,0.0048234188,1.57238446e-05,4.22746916e-06,0.00259270333,0.000254367973,1.51302004e-07,4.90571551e-07,1.49858352e-07,2.1544809e-05,9.57974535e-08,4.08993124e-08,2.41331861e-07,1.36883813e-07,1.03502805e-06,5.22129291e-08,4.63571936e-08,1.11269938e-09]",1.572384462633636e-05,8,-10.590179443359375,0,2
147,4,1.0728836059570312e-06,0.0004042779910378158,1.1920928955078125e-06,5.182716904528206e-07,147,148,147,"[7.99303818,3.93539071,6.54437351,2.20549631,-4.00109482,-4.35421658,0.943113565,-0.201261491,-7.96218204,-6.88741159,-7.48962259,-3.68679619,-8.49509811,-8.60160828,-7.68994284,-8.30144215,-6.09830856,-9.0508337,-8.89184284,-13.2135849]","[0.795922756,0.0137612196,0.186949313,0.00243990775,4.91909395e-06,3.45562262e-06,0.000690442452,0.000219852678,9.36713604e-08,2.74393301e-07,1.50257648e-07,6.73570912e-06,5.49748798e-08,4.94205494e-08,1.22981291e-07,6.67219098e-08,6.04055401e-07,3.15363202e-08,3.69709596e-08,4.9085308e-10]",4.9190939535037614e-06,8,-11.994132995605469,0,0,447,448,447,"[7.99303913,3.93538952,6.54437304,2.20549583,-4.00109386,-4.35421658,0.943113923,-0.201261386,-7.96218204,-6.88741112,-7.48962259,-3.68679619,-8.49509811,-8.60160828,-7.68994284,-8.3014431,-6.09830809,-9.0508337,-8.89184284,-13.2135849]","[0.795922995,0.0137611972,0.186949104,0.00243990496,4.91909532e-06,3.45562034e-06,0.000690442277,0.000219852533,9.36712112e-08,2.74393386e-07,1.50257691e-07,6.73570457e-06,5.49748975e-08,4.94205636e-08,1.22981078e-07,6.67216682e-08,6.04055003e-07,3.15363273e-08,3.69708282e-08,4.90853247e-10]",4.919095317745814e-06,8,-11.994132995605469,0,0
148,4,9.5367431640625e-07,0.00012404461449477822,9.5367431640625e-07,1.9612050436990103e-06,148,149,148,"[8.1274786,4.260252,6.08771276,2.14404988,-4.07765436,-4.28717613,0.794902325,-0.205144972,-8.14430618,-7.09688997,-7.56484842,-3.38850474,-8.46394062,-8.82038307,-7.77038193,-8.24525452,-6.24305439,-9.17609024,-8.91492844,-13.4275599]","[0.866242886,0.0181185957,0.112662829,0.00218307949,4.33528839e-06,3.51579615e-06,0.000566424802,0.000208366197,7.42835979e-08,2.11729159e-07,1.32601627e-07,8.63597961e-06,5.39607399e-08,3.77813336e-08,1.07965903e-07,6.71508644e-08,4.97274925e-07,2.647249e-08,3.43728814e-08,3.77055637e-10]",4.335288394941017e-06,8,-12.205133438110352,0,0,448,449,448,"[8.12747955,4.26025105,6.08771229,2.14404941,-4.07765484,-4.28717613,0.794902444,-0.205145374,-8.14430714,-7.09688997,-7.56484795,-3.38850451,-8.46394062,-8.82038212,-7.77038193,-8.24525547,-6.24305391,-9.17609119,-8.91492844,-13.4275589]","[0.866243005,0.0181185622,0.112662673,0.00218307739,4.33528112e-06,3.51579297e-06,0.000566424336,0.000208365833,7.4283605e-08,2.11728761e-07,1.32601514e-07,8.63597143e-06,5.39607434e-08,3.77813407e-08,1.07965917e-07,6.71508715e-08,4.9727447e-07,2.64724935e-08,3.4372885e-08,3.77055664e-10]",4.335281118983403e-06,8,-12.205134391784668,0,0
149,4,1.1920928955078125e-06,0.00010209406173089519,2.86102294921875e-06,3.331115294713527e-06,149,150,149,"[8.00286198,4.23206663,5.71950102,1.89460623,-4.03732157,-3.89732361,0.879077792,-0.143146396,-8.12620163,-7.0088892,-7.51179981,-3.16602278,-8.25268269,-8.92709446,-7.70925856,-8.05227375,-6.09540796,-9.0318079,-8.65594292,-13.2382908]","[0.886270821,0.0204141289,0.0903473347,0.00197144481,5.23095969e-06,6.0170205e-06,0.000714079128,0.000256921194,8.76604176e-08,2.67945069e-07,1.62044557e-07,1.25020488e-05,7.7245339e-08,3.93531039e-08,1.33008371e-07,9.43862588e-08,6.67983556e-07,3.54407135e-08,5.16106091e-08,5.28020294e-10]",5.2309596867416985e-06,9,-12.040184020996094,0,0,449,450,449,"[8.00286293,4.23206663,5.7195015,1.89460659,-4.03732252,-3.89732456,0.879078031,-0.143146873,-8.12620258,-7.00888968,-7.51180029,-3.16602373,-8.25268364,-8.92709541,-7.70925903,-8.05227566,-6.09540844,-9.03180885,-8.65594482,-13.2382936]","[0.886270821,0.0204141103,0.0903472975,0.00197144388,5.23094968e-06,6.01700913e-06,0.000714078429,0.000256920932,8.76600836e-08,2.67944785e-07,1.62044401e-07,1.25020251e-05,7.7245339e-08,3.93531039e-08,1.33008257e-07,9.43862588e-08,6.67982306e-07,3.54407135e-08,5.16104137e-08,5.2801824e-10]",5.230949682299979e-06,9,-12.040185928344727,0,0
150,4,9.5367431640625e-07,6.711529567837715e-05,9.5367431640625e-07,8.526859573976253e-07,150,151,150,"[8.47460842,4.22340345,5.18529844,1.08547986,-4.23496866,-4.03035402,0.900191307,-0.384462237,-8.33216381,-7.38209867,-7.64311552,-3.36494875,-8.22817516,-9.23112869,-7.72004318,-8.11731815,-6.15461159,-8.95377064,-8.61639214,-13.933219]","[0.949834526,0.013532347,0.035409417,0.000586935203,2.87044054e-06,3.52218012e-06,0.000487663696,0.000134959177,4.77045177e-08,1.23358134e-07,9.50188124e-08,6.8516224e-06,5.29323572e-08,1.94152783e-08,8.79831887e-08,5.91378857e-08,4.20977045e-07,2.56211781e-08,3.59022074e-08,1.7621879e-10]",2.8704405394819332e-06,9,-12.709577560424805,0,0,450,451,450,"[8.47460938,4.22340298,5.18529749,1.08547902,-4.23496914,-4.03035355,0.900191009,-0.38446191,-8.33216381,-7.3820982,-7.64311504,-3.36494923,-8.22817421,-9.23112869,-7.72004318,-8.11731911,-6.15461206,-8.95377064,-8.61639214,-13.9332199]","[0.949834526,0.0135323266,0.0354093499,0.000586934097,2.87043804e-06,3.52218012e-06,0.000487662968,0.000134959046,4.77044289e-08,1.23358006e-07,9.50186276e-08,6.85161513e-06,5.29323572e-08,1.94152783e-08,8.79831887e-08,5.91377756e-08,4.20976619e-07,2.56211781e-08,3.59021399e-08,1.76218429e-10]",2.8704380383715034e-06,9,-12.709578514099121,0,0
151,4,7.152557373046875e-07,3.3228112442884594e-05,1.9073486328125e-06,2.738575517469144e-07,151,152,151,"[7.5074563,4.80802298,5.39227009,0.99714756,-3.90439582,-3.64037848,0.914392769,-0.326472521,-7.94789791,-7.32829142,-7.50083399,-3.03491592,-7.89514399,-9.34674549,-7.72649193,-7.66602373,-5.98795938,-8.73935318,-8.22522354,-13.5669918]","[0.839515209,0.0564520285,0.10125462,0.00124921568,9.28804457e-06,1.20944305e-05,0.00114999921,0.000332503609,1.62874585e-07,3.02653149e-07,2.54689411e-07,2.21582122e-05,1.71697621e-07,4.02106934e-08,2.03239964e-07,2.15908599e-07,1.15622947e-06,7.38123589e-08,1.23427739e-07,5.90897664e-10]",9.288044566346798e-06,9,-11.41185188293457,0,0,451,452,451,"[7.50745678,4.80802298,5.39226913,0.99714756,-3.90439582,-3.64037824,0.91439271,-0.32647261,-7.94789839,-7.32829189,-7.50083399,-3.03491616,-7.89514399,-9.34674549,-7.72649193,-7.66602373,-5.98795938,-8.73935413,-8.22522354,-13.5669937]","[0.839515448,0.056452021,0.101254508,0.00124921545,9.2880382e-06,1.20944342e-05,0.0011499984,0.000332503725,1.62874628e-07,3.0265295e-07,2.54689269e-07,2.21581977e-05,1.71697494e-07,4.02107041e-08,2.03239836e-07,2.15908443e-07,1.15622868e-06,7.38122381e-08,1.2342764e-07,5.90895555e-10]",9.288038199883886e-06,9,-11.411852836608887,0,0
152,4,5.960464477539062e-07,0.00022335388348437846,9.5367431640625e-07,9.818681974138599e-07,152,153,152,"[7.11250067,4.85720778,5.71215248,0.728464127,-3.49186349,-3.55730033,0.959808946,-0.482444346,-7.82546997,-7.28110647,-7.29746389,-2.97912359,-7.73143864,-9.29738522,-7.65267897,-7.48423958,-5.77524233,-8.60520649,-8.07346153,-13.6236639]","[0.7375893,0.0773309469,0.181823969,0.00124526792,1.82977492e-05,1.71387455e-05,0.0015694031,0.000370998285,2.40069284e-07,4.13761853e-07,4.07048844e-07,3.05546855e-05,2.63738457e-07,5.50924248e-08,2.85350438e-07,3.37699987e-07,1.86525801e-06,1.10078105e-07,1.87342053e-07,7.28136718e-10]",1.8297749193152413e-05,8,-10.604364395141602,0,2,452,453,452,"[7.11249971,4.85720873,5.71215248,0.728464842,-3.49186325,-3.55730009,0.959808826,-0.482444733,-7.82546997,-7.28110552,-7.29746389,-2.97912359,-7.73143911,-9.29738426,-7.65267897,-7.4842391,-5.77524233,-8.60520649,-8.07346153,-13.6236629]","[0.737589002,0.0773310736,0.181824073,0.00124526978,1.82977783e-05,1.71387546e-05,0.00156940392,0.000370998343,2.40069426e-07,4.13762905e-07,4.07049072e-07,3.05547073e-05,2.63738599e-07,5.50925137e-08,2.85350637e-07,3.37700214e-07,1.86526108e-06,1.10078162e-07,1.87342152e-07,7.28137883e-10]",1.829777829698287e-05,8,-10.604362487792969,0,2
153,4,5.960464477539062e-07,7.896555325714871e-05,1.9073486328125e-06,5.958243605164171e-07,153,154,153,"[6.97322607,5.0495739,6.1333251,0.521798491,-3.13673353,-3.55878735,1.03784311,-0.800298154,-7.92086983,-7.26940107,-7.28089714,-3.14258957,-7.81682968,-9.45577621,-7.72339821,-7.55575132,-5.80155659,-8.61343479,-8.12965202,-13.6752071]","[0.631878376,0.0923000574,0.272815585,0.000997273135,2.57000647e-05,1.68514944e-05,0.00167081936,0.000265848968,2.14886754e-07,4.12229923e-07,4.07517462e-07,2.5549969e-05,2.38447996e-07,4.63029046e-08,2.61800494e-07,3.09584465e-07,1.78902371e-06,1.07506054e-07,1.74396064e-07,6.80978662e-10]",2.5700064725242555e-05,7,-10.109959602355957,0,0,453,454,453,"[6.97322512,5.04957342,6.13332462,0.521798491,-3.13673377,-3.55878687,1.03784299,-0.800298631,-7.9208684,-7.26940012,-7.28089666,-3.14258909,-7.81682968,-9.45577621,-7.72339821,-7.55575132,-5.80155563,-8.61343479,-8.12965012,-13.6752071]","[0.631878257,0.0923000798,0.272815645,0.00099727395,2.57000611e-05,1.68515235e-05,0.00167081982,0.000265848939,2.14887535e-07,4.12230662e-07,4.07518201e-07,2.55500127e-05,2.38448422e-07,4.63029828e-08,2.61800949e-07,3.09584436e-07,1.7890269e-06,1.07506033e-07,1.74396703e-07,6.80978551e-10]",2.5700061087263748e-05,7,-10.10995864868164,0,0
154,4,4.76837158203125e-07,0.00021266311523504555,9.5367431640625e-07,7.233359724523325e-07,154,155,154,"[5.35404539,6.06666613,6.29552031,1.52636325,-3.38909888,-2.3377614,-0.20600608,-0.138543427,-6.73853207,-6.94313192,-7.69787741,-2.6729548,-7.03023911,-9.8561306,-7.07930946,-6.3099823,-5.67298174,-8.1235466,-7.43669796,-13.2550039]","[0.177499875,0.361980617,0.455067068,0.00386239658,2.83203626e-05,8.10380079e-05,0.000683122198,0.000730797357,9.94164338e-07,8.10217841e-07,3.80907892e-07,5.79583575e-05,7.42628913e-07,4.4005116e-08,7.07067443e-07,1.52607333e-06,2.8854995e-06,2.48859607e-07,4.94593678e-07,1.47024593e-09]",2.8320362616796046e-05,9,-9.684618949890137,2,2,454,455,454,"[5.35404491,6.0666666,6.29551983,1.52636313,-3.38909912,-2.33776093,-0.206006229,-0.138543487,-6.73853207,-6.94313097,-7.69787741,-2.67295504,-7.03023863,-9.85612965,-7.07930946,-6.30998182,-5.67298222,-8.12354565,-7.43669701,-13.2550039]","[0.177499786,0.361980826,0.45506686,0.00386239495,2.83203808e-05,8.10381389e-05,0.000683122256,0.000730797416,9.94164793e-07,8.10218296e-07,3.80908091e-07,5.7958332e-05,7.42629311e-07,4.40050982e-08,7.07067841e-07,1.52607424e-06,2.88549813e-06,2.48859749e-07,4.94594929e-07,1.47024815e-09]",2.8320380806690082e-05,9,-9.684618949890137,2,2
155,4,9.5367431640625e-07,8.003250695765018e-05,1.9073486328125e-06,1.8694539676289423e-06,155,156,155,"[5.47790051,6.73145723,6.66891146,1.46961355,-3.72827673,-0.649639368,-0.255067617,-0.243131146,-7.08329344,-6.66325712,-8.15075493,-2.45237064,-7.90713453,-9.52889252,-7.85307598,-7.0627799,-5.99238443,-9.06520081,-7.20703697,-12.4751911]","[0.127868474,0.44789502,0.420739204,0.00232266495,1.28401925e-05,0.000279001688,0.00041396817,0.000418939191,4.48235483e-07,6.82221923e-07,1.54139443e-07,4.59928451e-05,1.96660253e-07,3.88504695e-08,2.07583938e-07,4.57525317e-07,1.33438641e-06,6.17696401e-08,3.96063967e-07,2.04095874e-09]",1.2840192539442796e-05,9,-10.459733963012695,1,1,455,456,455,"[5.47790051,6.73145819,6.66891146,1.46961403,-3.7282784,-0.649639964,-0.255068094,-0.243130952,-7.08329439,-6.66325712,-8.15075493,-2.45237112,-7.90713501,-9.52889347,-7.85307646,-7.0627799,-5.99238586,-9.06520176,-7.20703697,-12.475193]","[0.127868414,0.447895229,0.420738965,0.00232266472,1.28401607e-05,0.000279001426,0.000413967762,0.000418938987,4.48234857e-07,6.82221639e-07,1.54139215e-07,4.59928197e-05,1.96659968e-07,3.88504127e-08,2.0758381e-07,4.57525118e-07,1.33438436e-06,6.17695477e-08,3.96063371e-07,2.04095563e-09]",1.2840160707128234e-05,9,-10.459736824035645,1,1
156,4,4.76837158203125e-07,0.00035700006992556155,1.9073486328125e-06,2.574324469151179e-07,156,157,156,"[5.49185753,8.0024147,4.41110611,2.77999568,-4.21275091,-3.01228499,0.965131164,-0.347302645,-7.15785646,-6.52167463,-8.32888603,-1.80243289,-7.750072,-9.93560982,-8.17081165,-6.91657877,-6.22364807,-8.94517994,-7.96353817,-12.2646523]","[0.0728213415,0.896560848,0.0247112252,0.00483628782,4.44222906e-06,1.4755582e-05,0.000787637546,0.000212003812,2.33645508e-07,4.41416034e-07,7.2441118e-08,4.94753112e-05,1.29229576e-07,1.45275996e-08,8.48471444e-08,2.97401414e-07,5.94674361e-07,3.91141022e-08,1.04388953e-07,1.41483059e-09]",4.442229055712232e-06,9,-12.215166091918945,1,1,456,457,456,"[5.49185705,8.0024147,4.41110563,2.77999544,-4.21275043,-3.01228428,0.965131164,-0.347302735,-7.15785646,-6.52167463,-8.32888412,-1.80243313,-7.750072,-9.93560982,-8.17081165,-6.91657829,-6.22364712,-8.94517994,-7.96353817,-12.2646523]","[0.0728213042,0.896560967,0.024711214,0.00483628595,4.44222951e-06,1.47555984e-05,0.000787637604,0.000212003841,2.33645537e-07,4.41416091e-07,7.24413951e-08,4.94753149e-05,1.29229591e-07,1.45276013e-08,8.48471515e-08,2.97401698e-07,5.94674987e-07,3.91141057e-08,1.0438896e-07,1.41483081e-09]",4.442229510459583e-06,9,-12.215165138244629,1,1
157,4,4.76837158203125e-07,2.7163394406670704e-05,1.430511474609375e-06,2.2760430340440507e-07,157,158,157,"[5.79846716,6.91636515,4.8744216,2.09502697,-2.84636474,-3.43984747,1.10584021,-1.25833225,-7.34029055,-6.79393864,-7.73969126,-2.15019131,-7.5861783,-9.72311592,-7.41728544,-6.89583158,-5.82057905,-8.47623634,-7.98757172,-12.4881945]","[0.222685292,0.681064904,0.0883860365,0.00548665784,3.92002512e-05,2.16542176e-05,0.00204037293,0.000191850224,4.38129035e-07,7.56622114e-07,2.93862712e-07,7.86380697e-05,3.42621263e-07,4.04346672e-08,4.0566087e-07,6.83325538e-07,2.00264458e-06,1.40691157e-07,2.29345986e-07,2.54621524e-09]",3.9200251194415614e-05,8,-9.76272964477539,1,0,457,458,457,"[5.79846716,6.91636515,4.8744216,2.09502649,-2.8463645,-3.43984675,1.10583997,-1.25833249,-7.34029055,-6.79393864,-7.73969126,-2.15019131,-7.58617687,-9.72311592,-7.41728544,-6.89583158,-5.82057953,-8.47623539,-7.98757172,-12.4881945]","[0.222685307,0.681064963,0.0883860439,0.00548665645,3.92002548e-05,2.16542194e-05,0.00204037223,0.000191850238,4.38129064e-07,7.56622171e-07,2.93862712e-07,7.8638077e-05,3.42621291e-07,4.04346707e-08,4.05660899e-07,6.83325595e-07,2.00264481e-06,1.40691171e-07,2.29346e-07,2.54621546e-09]",3.920025483239442e-05,8,-9.76272964477539,1,0
158,4,4.76837158203125e-07,2.3480608433601446e-05,1.9073486328125e-06,3.24858632438918e-07,158,159,158,"[5.33614492,6.35005903,6.09767628,2.68871069,-4.04455948,-2.92328262,-0.2188209,-0.27521807,-6.51113892,-6.75521231,-7.67092133,-3.33055162,-6.89415455,-9.4483242,-7.05269718,-6.31474304,-6.18053579,-7.97828722,-7.86392117,-13.0871992]","[0.167312458,0.461174846,0.358308554,0.0118511971,1.41104338e-05,4.33016758e-05,0.000647198176,0.000611708267,1.19761853e-06,9.38249968e-07,3.75518539e-07,2.88157444e-05,8.16538261e-07,6.34914414e-08,6.96822838e-07,1.4575121e-06,1.66685345e-06,2.76149279e-07,3.09608055e-07,1.66867198e-09]",1.4110433767200448e-05,9,-10.39461898803711,1,2,458,459,458,"[5.3361454,6.35005903,6.09767723,2.68871093,-4.04455996,-2.9232831,-0.21882093,-0.27521798,-6.51113987,-6.75521231,-7.6709218,-3.33055162,-6.89415455,-9.44832611,-7.05269718,-6.31474352,-6.18053579,-7.97828722,-7.86392212,-13.0872011]","[0.167312473,0.461174637,0.358308762,0.011851198,1.41104138e-05,4.33016139e-05,0.000647197885,0.000611707976,1.19761683e-06,9.3825048e-07,3.75518027e-07,2.88157316e-05,8.16538659e-07,6.34912283e-08,6.96823179e-07,1.45751005e-06,1.66685425e-06,2.76149137e-07,3.096076e-07,1.6686712e-09]",1.4110413758317009e-05,9,-10.39461898803711,1,2
159,4,7.152557373046875e-07,0.00043604651000350714,9.5367431640625e-07,4.4579738300853933e-07,159,160,159,"[5.81540394,7.03460789,5.1650753,2.13925505,-2.82528257,-3.6466217,0.99567306,-1.35545433,-7.47007751,-6.76935673,-7.67336607,-2.44697189,-7.9130373,-9.71721172,-7.35200405,-7.13833427,-5.74688244,-8.47411251,-8.15523815,-12.4687891]","[0.202385724,0.684972942,0.1056199,0.00512446696,3.57748322e-05,1.57352752e-05,0.00163304212,0.000155566348,3.43849649e-07,6.92927415e-07,2.80596112e-07,5.22246592e-05,2.20797219e-07,3.63454973e-08,3.86943185e-07,4.79118398e-07,1.92638322e-06,1.25985835e-07,1.73303405e-07,2.31982766e-09]",3.5774832213064656e-05,8,-9.85988998413086,1,0,459,460,459,"[5.81540394,7.03460789,5.16507626,2.139256,-2.82528329,-3.64662123,0.99567318,-1.35545397,-7.47007751,-6.7693572,-7.67336702,-2.44697237,-7.91303825,-9.71721268,-7.35200453,-7.13833427,-5.74688244,-8.47411251,-8.15523815,-12.4687901]","[0.202385709,0.684972882,0.105619982,0.00512447115,3.57747958e-05,1.57352897e-05,0.001633042,0.000155566333,3.43849621e-07,6.92927358e-07,2.80595572e-07,5.22246046e-05,2.20796991e-07,3.63454937e-08,3.86943157e-07,4.79118341e-07,1.92638322e-06,1.25985821e-07,1.73303391e-07,2.319823e-09]",3.5774795833276585e-05,8,-9.859890937805176,1,0
160,4,7.152557373046875e-07,0.0005661208415403962,9.5367431640625e-07,2.7964176751993364e-07,160,161,160,"[6.41879272,6.19434881,5.16080141,1.75181937,-2.22990441,-3.57059288,1.5732218,-0.852585733,-7.63944292,-6.8355155,-7.88506556,-3.65028,-8.24850845,-9.38148117,-7.6375947,-7.57777262,-6.20089817,-8.67638493,-8.77273464,-12.5755215]","[0.475869477,0.380200863,0.135253698,0.00447349716,8.34461971e-05,2.18349796e-05,0.00374182151,0.000330802141,3.73313298e-07,8.34094294e-07,2.92012174e-07,2.01625335e-05,2.03029842e-07,6.53907719e-08,3.74003889e-07,3.97060376e-07,1.57335137e-06,1.3235352e-07,1.20196376e-07,2.68139733e-09]",8.344619709532708e-05,7,-8.648696899414062,0,0,460,461,460,"[6.4187932,6.19434881,5.16080141,1.75181961,-2.22990441,-3.57059264,1.5732218,-0.852585495,-7.63944292,-6.83551502,-7.88506508,-3.65028,-8.2485075,-9.38148117,-7.6375947,-7.57777262,-6.20089865,-8.67638493,-8.77273464,-12.5755215]","[0.475869566,0.380200773,0.135253668,0.00447349623,8.34462116e-05,2.18349851e-05,0.00374182104,0.000330802024,3.73313043e-07,8.34093669e-07,2.92012487e-07,2.01625389e-05,2.03029884e-07,6.53907293e-08,3.74003633e-07,3.97060091e-07,1.57335023e-06,1.32353406e-07,1.20196276e-07,2.68139777e-09]",8.344621164724231e-05,7,-8.648697853088379,0,0
161,4,1.1920928955078125e-06,3.3137821446871385e-05,9.5367431640625e-07,3.353363808855647e-07,161,162,161,"[7.07885456,3.93110061,7.46574259,1.06647503,-3.85463381,-2.26423645,1.52489555,-0.551282704,-7.60185957,-7.16853952,-7.7353735,-4.38825369,-8.07115364,-8.67492485,-7.5742445,-7.73724604,-6.79031658,-8.74369526,-8.45760632,-13.1635647]","[0.396468908,0.0170277413,0.58375752,0.000970657042,7.07709523e-06,3.47181449e-05,0.00153516629,0.000192523061,1.66899866e-07,2.57421078e-07,1.46039866e-07,4.15056547e-06,1.04386515e-07,5.70728922e-08,1.71572964e-07,1.45766592e-07,3.75754723e-07,5.32798339e-08,7.09266885e-08,6.41266262e-10]",7.0770952333987225e-06,8,-11.3203763961792,2,0,461,462,461,"[7.07885551,3.93110013,7.46574354,1.06647468,-3.85463381,-2.26423597,1.52489555,-0.551282644,-7.60185957,-7.16853952,-7.7353735,-4.38825417,-8.07115459,-8.6749239,-7.5742445,-7.73724556,-6.79031658,-8.74369431,-8.45760632,-13.1635647]","[0.396468937,0.0170277115,0.58375752,0.000970656227,7.07709569e-06,3.47180758e-05,0.00153516501,0.000192522712,1.66899568e-07,2.57421107e-07,1.46039881e-07,4.15055774e-06,1.04386125e-07,5.70728957e-08,1.71572978e-07,1.45766606e-07,3.75754752e-07,5.32798374e-08,7.09265606e-08,6.41265097e-10]",7.077095688146073e-06,8,-11.320377349853516,2,0
162,4,7.152557373046875e-07,0.0001249063207069412,9.5367431640625e-07,5.530298494704766e-07,162,163,162,"[6.8862958,3.58236551,8.1699028,0.862226844,-3.30582929,-2.3701787,1.59685862,-0.825020254,-7.6540041,-7.00942564,-7.53219652,-4.04969597,-7.96822548,-8.61653042,-7.55588198,-7.59698629,-6.36402512,-8.68757153,-8.25144768,-13.0982561]","[0.214848459,0.00789320748,0.775524795,0.000519891095,8.04912452e-06,2.05161869e-05,0.00108382409,9.61945407e-05,1.0407841e-07,1.98288191e-07,1.17560326e-07,3.82552798e-06,7.60143593e-08,3.97502582e-08,1.14808579e-07,1.10185013e-07,3.78086327e-07,3.70243285e-08,5.72655985e-08,4.49730198e-10]",8.049124517128803e-06,8,-11.47573184967041,2,2,462,463,462,"[6.88629627,3.58236527,8.16990376,0.862226367,-3.30582929,-2.37017822,1.59685874,-0.825020671,-7.6540041,-7.00942564,-7.53219652,-4.04969597,-7.96822548,-8.61653137,-7.55588198,-7.59698629,-6.36402464,-8.68757153,-8.25144672,-13.0982561]","[0.214848354,0.00789319631,0.775524795,0.000519890338,8.04911724e-06,2.05161687e-05,0.00108382362,9.61943442e-05,1.04078211e-07,1.98288191e-07,1.17560106e-07,3.82552435e-06,7.601421e-08,3.97502582e-08,1.14808358e-07,1.10185013e-07,3.78086327e-07,3.70243285e-08,5.72655985e-08,4.49729337e-10]",8.049117241171189e-06,8,-11.475732803344727,2,2
163,4,7.152557373046875e-07,0.0001158936574938707,1.9073486328125e-06,6.560087513207691e-07,163,164,163,"[5.50374031,4.75042772,8.31585121,1.64168262,-3.20581484,-2.3741436,0.454297632,-0.957036912,-6.65717936,-6.47325373,-6.70273352,-2.97632694,-7.69776917,-8.41240311,-7.24408388,-6.76351213,-5.22809029,-8.06449318,-7.74046993,-12.882782]","[0.0551096983,0.025945887,0.917301834,0.00115866459,9.09319442e-06,2.08884649e-05,0.000353413314,8.61684166e-05,2.88275601e-07,3.46486104e-07,2.75437827e-07,1.14388295e-05,1.01832242e-07,4.98337727e-08,1.60294476e-07,2.59195929e-07,1.20351979e-06,7.05698397e-08,9.75755583e-08,5.70246794e-10]",9.093194421438966e-06,9,-11.521665573120117,2,2,463,464,463,"[5.50373983,4.75042677,8.31585121,1.6416831,-3.2058146,-2.37414312,0.454297334,-0.957036793,-6.65717888,-6.47325325,-6.70273256,-2.97632694,-7.69776821,-8.41240215,-7.2440834,-6.76351213,-5.22808933,-8.06449127,-7.74046946,-12.8827801]","[0.0551096685,0.0259458628,0.917301834,0.00115866493,9.09319442e-06,2.08884649e-05,0.000353413314,8.61684166e-05,2.88275601e-07,3.46486104e-07,2.75438339e-07,1.14388295e-05,1.01832441e-07,4.9833865e-08,1.60294476e-07,2.59195929e-07,1.20352081e-06,7.05699676e-08,9.75755583e-08,5.70247904e-10]",9.093194421438966e-06,9,-11.521665573120117,2,2
164,4,7.152557373046875e-07,0.0001228149194503203,1.9073486328125e-06,4.676237040257547e-06,164,165,164,"[6.43081045,5.37747431,6.24880314,1.97714925,-4.21341515,-1.82326615,0.274654001,0.0860374123,-7.23243237,-6.75236845,-8.29197598,-2.36903262,-7.61522198,-9.07050323,-7.7789669,-6.91440916,-6.17806387,-8.80654621,-8.02689457,-12.9828176]","[0.454891711,0.158653602,0.379195541,0.00529306987,1.08437571e-05,0.000118360811,0.000964546576,0.000798745081,5.29708416e-07,8.56103327e-07,1.83604314e-07,6.85780033e-05,3.61238023e-07,8.42894536e-08,3.06676384e-07,7.280359e-07,1.52034977e-06,1.0975085e-07,2.39335037e-07,1.6852979e-09]",1.0843757081602234e-05,9,-10.64422607421875,0,0,464,465,464,"[6.43081093,5.37747431,6.24880409,1.9771502,-4.2134161,-1.82326567,0.27465418,0.08603701,-7.23243237,-6.75236845,-8.29197693,-2.36903286,-7.61522198,-9.07050514,-7.7789669,-6.91440821,-6.17806387,-8.80654716,-8.02689552,-12.9828196]","[0.454891652,0.158653513,0.37919569,0.00529306941,1.08437353e-05,0.000118360796,0.000964546518,0.000798744266,5.29708359e-07,8.56103213e-07,1.83604129e-07,6.85779305e-05,3.61237966e-07,8.42891268e-08,3.06676043e-07,7.28035786e-07,1.52034954e-06,1.0975063e-07,2.39334781e-07,1.68529124e-09]",1.0843735253729392e-05,9,-10.644227027893066,0,0
165,4,4.76837158203125e-07,5.342796794138849e-05,9.5367431640625e-07,3.838051725324476e-07,165,166,165,"[8.30910969,4.97690582,4.73598671,0.931795359,-5.3387537,-2.33688974,0.877679467,0.478429705,-8.5774374,-7.70829248,-8.15730476,-2.188622,-8.58758926,-9.18727398,-8.336833,-8.20956898,-6.90122795,-9.47389507,-8.36668015,-13.5411291]","[0.938570082,0.0335203782,0.026343843,0.000586867041,1.1098773e-06,2.2334083e-05,0.000555952312,0.000372945738,4.35243699e-08,1.03799948e-07,6.62511397e-08,2.59035914e-05,4.30847926e-08,2.36528681e-08,5.53637705e-08,6.28774401e-08,2.32648901e-07,1.77584827e-08,5.37357892e-08,3.04108488e-10]",1.1098773029516451e-06,9,-13.647863388061523,0,0,465,466,465,"[8.30910969,4.97690582,4.73598671,0.931795716,-5.3387537,-2.33688927,0.877679586,0.478429645,-8.5774374,-7.70829248,-8.15730476,-2.18862224,-8.58759022,-9.18727398,-8.336833,-8.20956898,-6.90122843,-9.47389507,-8.36668015,-13.5411301]","[0.938570082,0.0335203782,0.026343843,0.000586867332,1.1098773e-06,2.2334083e-05,0.000555952545,0.000372945738,4.35243699e-08,1.03799948e-07,6.62511397e-08,2.59035678e-05,4.30846292e-08,2.36528681e-08,5.53637705e-08,6.28774401e-08,2.32648901e-07,1.77584827e-08,5.37357892e-08,3.04108488e-10]",1.1098773029516451e-06,9,-13.647863388061523,0,0
166,4,9.5367431640625e-07,0.00032714102417230606,1.9073486328125e-06,5.127061285747914e-06,166,167,166,"[8.85589027,4.48295641,4.59543133,0.267386466,-4.72507858,-3.02036953,0.980106354,0.152591646,-8.78153419,-8.00292301,-7.85700846,-2.34243941,-8.44860363,-9.46008301,-8.34208298,-8.1836462,-6.7401371,-9.59038925,-8.42455006,-14.2117949]","[0.973250747,0.0122767594,0.0137382355,0.000181252879,1.23050938e-06,6.7675378e-06,0.000369670888,0.000161595861,2.13004423e-08,4.64017944e-08,5.36914655e-08,1.33306667e-05,2.97152205e-08,1.08068585e-08,3.30552687e-08,3.87300894e-08,1.64042405e-07,9.48654755e-09,3.0438585e-08,9.33376432e-11]",1.2305093832765124e-06,9,-13.580968856811523,0,0,466,467,466,"[8.85589027,4.48295641,4.59543085,0.267385095,-4.72507811,-3.02036953,0.980106115,0.152591601,-8.78153419,-8.00292492,-7.85700941,-2.34243965,-8.44860363,-9.46008396,-8.34208393,-8.1836462,-6.7401371,-9.59038925,-8.42455101,-14.2117958]","[0.973250747,0.0122767594,0.0137382289,0.000181252704,1.23051052e-06,6.7675378e-06,0.000369670888,0.000161595861,2.13004423e-08,4.64017944e-08,5.36914655e-08,1.33306667e-05,2.97152205e-08,1.08068168e-08,3.30551444e-08,3.87300894e-08,1.64042405e-07,9.48654755e-09,3.0438585e-08,9.33376432e-11]",1.2305105201448896e-06,9,-13.580968856811523,0,0
167,4,5.960464477539062e-07,5.304945807438344e-05,9.5367431640625e-07,6.159489203128032e-07,167,168,167,"[7.63914871,4.87292624,5.03260612,0.967688084,-3.99307704,-3.3565197,0.981920719,0.356757075,-8.07303238,-7.45930576,-7.58407259,-2.54092288,-8.27931595,-9.24642277,-8.0381813,-7.75467539,-6.42829037,-9.11910343,-8.13801956,-13.3515234]","[0.877198517,0.0551750474,0.0647277981,0.00111101358,7.78550384e-06,1.47143064e-05,0.00112693931,0.000603108492,1.31638927e-07,2.43176714e-07,2.14653042e-07,3.32620693e-05,1.07101741e-07,4.07180494e-08,1.36307577e-07,1.80986106e-07,6.81845961e-07,4.62467291e-08,1.23356145e-07,6.71373845e-10]",7.785503839841112e-06,9,-11.63222599029541,0,0,467,468,467,"[7.63914871,4.87292671,5.03260612,0.96768868,-3.99307704,-3.35651994,0.9819206,0.356756955,-8.07303238,-7.45930576,-7.58407164,-2.54092312,-8.27931595,-9.24642372,-8.03818226,-7.75467634,-6.42828989,-9.11910343,-8.13802052,-13.3515224]","[0.877198517,0.0551750772,0.0647277981,0.00111101405,7.78550384e-06,1.47143064e-05,0.00112693931,0.000603108492,1.31638927e-07,2.43176714e-07,2.14653042e-07,3.32620039e-05,1.07101741e-07,4.07180494e-08,1.36307307e-07,1.80985765e-07,6.81847268e-07,4.62467291e-08,1.23355903e-07,6.71375122e-10]",7.785503839841112e-06,9,-11.63222599029541,0,0
168,4,7.152557373046875e-07,0.0001273698144359514,9.5367431640625e-07,1.1374318091839086e-06,168,169,168,"[5.48796034,4.92018366,6.96028328,1.45812249,-2.53728294,-1.84622192,0.805061936,-0.248913437,-7.01954174,-6.21244812,-7.31499958,-2.34760976,-7.67673683,-8.9166193,-7.16158915,-7.15756989,-5.54488945,-8.28062248,-7.28408003,-12.0790663]","[0.167847008,0.0951330289,0.731703818,0.00298385252,5.490283e-05,0.000109576824,0.00155294698,0.000541278801,6.20833077e-07,1.39152417e-06,4.62018278e-07,6.63694882e-05,3.21779424e-07,9.31289108e-08,5.38622203e-07,5.4079112e-07,2.7127378e-06,1.75911424e-07,4.76526139e-07,3.9414072e-09]",5.490283001563512e-05,9,-9.497566223144531,2,0,468,469,468,"[5.48796034,4.92018366,6.96028328,1.45812213,-2.5372839,-1.84622157,0.805062294,-0.248913154,-7.01954174,-6.2124486,-7.31499958,-2.34761,-7.67673683,-8.91661835,-7.16158915,-7.15757036,-5.54488945,-8.28062248,-7.28407907,-12.0790663]","[0.167847008,0.0951330289,0.731703818,0.00298385113,5.490283e-05,0.000109576824,0.00155294756,0.000541278801,6.20833077e-07,1.39152417e-06,4.62018278e-07,6.63694882e-05,3.21779424e-07,9.31289108e-08,5.38622203e-07,5.4079112e-07,2.7127378e-06,1.75911424e-07,4.76527049e-07,3.9414072e-09]",5.490283001563512e-05,9,-9.497567176818848,2,0
169,4,7.152557373046875e-07,3.9545961044495925e-05,1.9073486328125e-06,6.163567718431295e-07,169,170,169,"[6.28058481,5.71696377,6.02919483,1.24446774,-3.85455704,-2.27822471,0.878030539,-0.290114343,-7.47092962,-7.05511475,-7.691957,-3.43382335,-8.07786274,-9.21686172,-7.50814152,-7.51405859,-6.78856754,-8.23727322,-8.2629385,-12.9333181]","[0.423806071,0.241206869,0.329602033,0.00275428779,1.68085862e-05,8.13061706e-05,0.00190927181,0.000593675009,4.51814657e-07,6.84772999e-07,3.62217463e-07,2.56007697e-05,2.46247851e-07,7.8833537e-08,4.35310568e-07,4.3274261e-07,8.93935521e-07,2.09962295e-07,2.04642134e-07,1.91723326e-09]",1.6808586224215105e-05,9,-10.135141372680664,0,2,469,470,469,"[6.28058529,5.71696424,6.02919483,1.24446785,-3.85455704,-2.27822542,0.878030598,-0.290114522,-7.47093105,-7.05511522,-7.69195795,-3.43382335,-8.07786274,-9.21686172,-7.50814199,-7.51405954,-6.78856754,-8.23727417,-8.26293945,-12.93332]","[0.423806161,0.241206914,0.329601943,0.00275428686,1.68085571e-05,8.13060324e-05,0.00190927123,0.000593674835,4.51813889e-07,6.84771862e-07,3.62216838e-07,2.56007734e-05,2.46247907e-07,7.88335583e-08,4.35310653e-07,4.32741842e-07,8.93935749e-07,2.09961954e-07,2.04641765e-07,1.91722993e-09]",1.680855712038465e-05,9,-10.13514232635498,0,2
170,4,7.152557373046875e-07,1.8516104319132864e-05,1.9073486328125e-06,6.607533009628241e-07,170,171,170,"[6.02988815,6.07369709,5.88816214,1.49437022,-3.81715369,-2.19481111,0.759264708,-0.31572488,-7.31589794,-6.9856081,-7.7340045,-3.11908579,-8.04426479,-9.19955826,-7.50588655,-7.36134624,-6.80401802,-8.30084991,-8.1511116,-12.9392166]","[0.34121564,0.356496215,0.296127051,0.00365829235,1.80514999e-05,9.14296688e-05,0.001753986,0.000598637853,5.45792659e-07,7.59400223e-07,3.59291107e-07,3.62810497e-05,2.63452279e-07,8.29781897e-08,4.51353145e-07,5.21542574e-07,9.10613039e-07,2.03829984e-07,2.36754659e-07,1.9717461e-09]",1.8051499864668585e-05,9,-9.890851020812988,1,0,470,471,470,"[6.02988863,6.07369661,5.88816214,1.4943707,-3.81715369,-2.19481134,0.759264946,-0.315725088,-7.31589699,-6.9856081,-7.7340045,-3.11908579,-8.04426479,-9.19955635,-7.50588655,-7.36134529,-6.80401802,-8.30084896,-8.15111065,-12.9392157]","[0.341215819,0.356496036,0.296127081,0.00365829607,1.80514926e-05,9.14297125e-05,0.00175398705,0.000598637969,5.45792943e-07,7.59400621e-07,3.59290965e-07,3.62810679e-05,2.63452421e-07,8.29783957e-08,4.51353344e-07,5.21542859e-07,9.10613551e-07,2.03830481e-07,2.36755255e-07,1.97174899e-09]",1.805149258871097e-05,9,-9.890850067138672,1,0
171,4,5.960464477539062e-07,1.748204704199452e-05,9.5367431640625e-07,3.3927753406715055e-07,171,172,171,"[5.75033951,6.28088951,6.25564194,1.52321935,-3.76790619,-1.7568109,0.592669249,-0.573943913,-7.25600624,-6.88455868,-7.72588062,-2.96509695,-7.99807072,-9.21906185,-7.51786184,-7.11486769,-6.6585412,-8.33655834,-8.02893353,-12.8369446]","[0.228294849,0.388070852,0.378395647,0.00333181629,1.6779326e-05,0.000125366641,0.00131385808,0.00040916141,5.12757367e-07,7.43411931e-07,3.205148e-07,3.74481133e-05,2.44139159e-07,7.20059035e-08,3.94629211e-07,5.90483012e-07,9.31939837e-07,1.74034e-07,2.36719401e-07,1.93259653e-09]",1.6779325960669667e-05,9,-10.048795700073242,1,2,471,472,471,"[5.75033951,6.28088951,6.25564194,1.5232197,-3.76790595,-1.75681031,0.592669249,-0.573943973,-7.25600624,-6.8845582,-7.7258811,-2.96509671,-7.99807072,-9.21906185,-7.51786137,-7.11486864,-6.65854073,-8.33655834,-8.02893353,-12.8369446]","[0.228294849,0.388070852,0.378395647,0.00333181792,1.6779326e-05,0.000125366758,0.00131385808,0.00040916141,5.12757367e-07,7.43412613e-07,3.20514459e-07,3.74481497e-05,2.44139159e-07,7.20059035e-08,3.94629609e-07,5.90483012e-07,9.31939837e-07,1.74034e-07,2.36719401e-07,1.93259653e-09]",1.6779325960669667e-05,9,-10.048795700073242,1,2
172,4,7.152557373046875e-07,2.1320041923900135e-05,1.9073486328125e-06,2.519898600894521e-07,172,173,172,"[5.66339588,6.33991766,6.6721487,1.39008164,-3.94558311,-1.45345902,0.493754774,-0.73446542,-7.27762318,-6.94136143,-7.7942276,-2.83843064,-7.99005413,-9.28596878,-7.56471014,-6.9474926,-6.65314388,-8.41439533,-8.03210258,-12.8315153]","[0.174471602,0.343189836,0.478432357,0.00243135332,1.17111231e-05,0.000141551223,0.000992151909,0.000290515309,4.18322827e-07,5.8552871e-07,2.49547213e-07,3.54346448e-05,2.05166643e-07,5.61432749e-08,3.13929036e-07,5.81949223e-07,7.81123163e-07,1.34220144e-07,1.96718389e-07,1.61989511e-09]",1.1711123079294339e-05,9,-10.617732048034668,2,1,472,473,472,"[5.66339636,6.33991766,6.6721487,1.39008188,-3.94558358,-1.45345902,0.493754715,-0.734465599,-7.27762365,-6.94136238,-7.79422808,-2.83843136,-7.99005461,-9.28596878,-7.56471062,-6.94749308,-6.65314484,-8.41439533,-8.03210354,-12.8315172]","[0.174471661,0.343189806,0.478432298,0.00243135309,1.17111103e-05,0.00014155134,0.000992151792,0.000290515134,4.18322401e-07,5.85528085e-07,2.49547384e-07,3.54346412e-05,2.0516643e-07,5.61433247e-08,3.13928723e-07,5.81949678e-07,7.81122253e-07,1.3422013e-07,1.96718361e-07,1.61989178e-09]",1.1711110346368514e-05,9,-10.617732048034668,2,1
173,4,7.152557373046875e-07,3.1027713703224435e-05,9.5367431640625e-07,4.293381152820075e-07,173,174,173,"[4.54803705,6.07221365,8.74604702,2.92074752,-3.53914976,-2.01152802,-0.208243728,-1.01038468,-6.60854912,-6.29838133,-7.13764906,-1.49486792,-7.80937004,-9.16150093,-7.061656,-6.54558039,-5.7254076,-7.9993577,-7.24781132,-12.1545]","[0.0138201248,0.06345319,0.919781208,0.00271512126,4.24904374e-06,1.95762295e-05,0.000118818927,5.32745944e-05,1.97364102e-07,2.69136194e-07,1.16274045e-07,3.28179558e-05,5.93962035e-08,1.53651101e-08,1.25454534e-07,2.10191601e-07,4.7732226e-07,4.91188601e-08,1.04145499e-07,7.70357445e-10]",4.2490437408559956e-06,9,-12.285196304321289,2,2,473,474,473,"[4.54803753,6.07221365,8.74604797,2.92074776,-3.53915024,-2.01152873,-0.208243817,-1.01038456,-6.60854912,-6.29838181,-7.13764858,-1.4948684,-7.80937052,-9.16150093,-7.061656,-6.54558039,-5.72540808,-7.9993577,-7.24781132,-12.1544991]","[0.0138201192,0.0634531304,0.919781208,0.00271511846,4.24903919e-06,1.95761932e-05,0.000118818825,5.32745398e-05,1.97363903e-07,2.69135938e-07,1.16274045e-07,3.28179267e-05,5.93959761e-08,1.53650532e-08,1.25454406e-07,2.10191203e-07,4.77321748e-07,4.91186753e-08,1.041453e-07,7.70357445e-10]",4.249039193382487e-06,9,-12.285198211669922,2,2
174,4,9.5367431640625e-07,7.844647188903764e-05,1.9073486328125e-06,8.819734489406983e-07,174,175,174,"[4.42217064,6.24577951,8.60836506,2.67817855,-4.04665995,-0.97338742,-0.135161996,-0.816749036,-6.42296457,-6.18864107,-7.5211997,-2.02537847,-7.59053516,-8.87757874,-7.42055416,-6.10183287,-5.90941906,-8.24869347,-7.2247448,-11.8802128]","[0.0136680612,0.0846623108,0.898975849,0.00238946616,2.86906447e-06,6.20077044e-05,0.000143377925,7.25225618e-05,2.66516622e-07,3.36891219e-07,8.88724756e-08,2.16556873e-05,8.29191862e-08,2.28928325e-08,9.82826549e-08,3.67443391e-07,4.45404396e-07,4.29358522e-08,1.19540687e-07,1.13676657e-09]",2.869064473998151e-06,9,-12.655025482177734,2,2,474,475,474,"[4.42217064,6.24577808,8.60836411,2.67817855,-4.04665899,-0.973387122,-0.135162115,-0.816748798,-6.42296362,-6.18864059,-7.52119923,-2.02537847,-7.59053516,-8.87757683,-7.42055321,-6.10183191,-5.90941763,-8.24869251,-7.22474384,-11.8802109]","[0.0136680733,0.084662281,0.898975849,0.00238946825,2.8690697e-06,6.20078208e-05,0.000143378071,7.25226346e-05,2.66517134e-07,3.36891873e-07,8.88726461e-08,2.1655711e-05,8.29193425e-08,2.28928752e-08,9.82828396e-08,3.67444102e-07,4.45405277e-07,4.29360227e-08,1.19540928e-07,1.13677101e-09]",2.869069703592686e-06,9,-12.655023574829102,2,2
175,4,4.76837158203125e-07,2.4997334548970684e-05,9.5367431640625e-07,1.0328102462153765e-06,175,176,175,"[4.40597725,4.74638891,10.4216728,2.01255965,-3.49058318,-0.400770873,0.403977901,-1.52047026,-6.67510128,-6.01422167,-7.23090506,-2.29454947,-7.1786499,-8.17033195,-6.89078808,-6.44379282,-5.1603899,-8.29563999,-7.26745605,-12.092989]","[0.00242519192,0.00340867043,0.993869781,0.000221461465,9.02221984e-07,1.98244798e-05,4.43302379e-05,6.47027173e-06,3.73503326e-08,7.23288309e-08,2.14245706e-08,2.9836242e-06,2.2573893e-08,8.37383496e-09,3.01039051e-08,4.70707455e-08,1.69873502e-07,7.38761496e-09,2.06556283e-08,1.657052e-10]",9.022219842336199e-07,9,-13.912256240844727,2,2,475,476,475,"[4.40597725,4.74638891,10.4216738,2.01256061,-3.4905827,-0.400770903,0.403977484,-1.52047026,-6.67510128,-6.01422167,-7.23090506,-2.29454923,-7.17865086,-8.17033195,-6.89078808,-6.44379282,-5.1603899,-8.29564095,-7.26745558,-12.092989]","[0.00242518936,0.00340866717,0.993869781,0.000221461465,9.02221984e-07,1.98244616e-05,4.43301506e-05,6.47026491e-06,3.73503326e-08,7.23286888e-08,2.14245706e-08,2.9836242e-06,2.25738486e-08,8.37381986e-09,3.01039051e-08,4.70706532e-08,1.69873346e-07,7.38758699e-09,2.06556283e-08,1.6570488e-10]",9.022219842336199e-07,9,-13.912256240844727,2,2
176,4,7.152557373046875e-07,0.000694137706886977,9.5367431640625e-07,7.225518174891477e-07,176,177,176,"[5.27311325,4.7501893,8.12482834,1.523592,-4.56644487,-1.19931006,1.25272453,-0.494951159,-7.21956158,-6.41915274,-7.66246176,-3.01185131,-7.47741175,-8.53196144,-6.85960579,-7.05442953,-5.92954445,-7.92016888,-7.78525639,-12.3097544]","[0.0527516864,0.031270396,0.913525105,0.00124119478,2.81171174e-06,8.15264502e-05,0.000946681306,0.000164891317,1.98032581e-07,4.40909588e-07,1.27170765e-07,1.33082822e-05,1.53022015e-07,5.33050795e-08,2.83833344e-07,2.33588977e-07,7.19422417e-07,9.82804522e-08,1.1247554e-07,1.21925237e-09]",2.81171173810435e-06,9,-12.691272735595703,2,2,476,477,476,"[5.27311325,4.7501893,8.12482929,1.52359247,-4.56644487,-1.19931006,1.25272453,-0.494951516,-7.21956158,-6.41915274,-7.66246176,-3.01185179,-7.47741127,-8.53196144,-6.85960579,-7.05442953,-5.92954397,-7.92016935,-7.78525639,-12.3097534]","[0.052751638,0.0312703662,0.913525105,0.00124119432,2.81170628e-06,8.15263702e-05,0.000946680433,0.000164891157,1.98032382e-07,4.40909588e-07,1.27170765e-07,1.33082685e-05,1.53021873e-07,5.33050795e-08,2.83833089e-07,2.33588977e-07,7.19422417e-07,9.82802675e-08,1.1247554e-07,1.21925237e-09]",2.8117062811361393e-06,9,-12.691274642944336,2,2
177,4,7.152557373046875e-07,4.024319423479028e-05,9.5367431640625e-07,1.2538757800939493e-06,177,178,177,"[6.25603485,4.46011591,7.89152527,1.46684587,-4.90321207,-0.760581195,0.787608087,-0.382138699,-7.21908379,-6.40290165,-8.03678894,-3.45718741,-7.58455086,-8.49360275,-7.50119972,-6.50344801,-6.45458031,-8.60674286,-8.43071175,-12.5320892]","[0.158408776,0.026291877,0.812949836,0.00131783495,2.25621102e-06,0.000142069781,0.000668146589,0.000207423218,2.22643308e-07,5.03585227e-07,9.82845236e-08,9.58032706e-06,1.54486045e-07,6.22433589e-08,1.67914521e-07,4.55414096e-07,4.78221637e-07,5.55849127e-08,6.62834978e-08,1.09698495e-09]",2.2562110189028317e-06,9,-12.794736862182617,2,2,477,478,477,"[6.2560358,4.46011591,7.89152479,1.46684575,-4.90321207,-0.760582149,0.787608027,-0.382138938,-7.21908474,-6.40290213,-8.03678894,-3.45718813,-7.58455133,-8.49360275,-7.5012002,-6.50344801,-6.45458031,-8.60674286,-8.43071175,-12.5320892]","[0.158408955,0.0262918789,0.812949479,0.00131783437,2.25621238e-06,0.000142069592,0.000668146589,0.000207422927,2.22643223e-07,5.03585568e-07,9.82845876e-08,9.58032342e-06,1.54485988e-07,6.22434584e-08,1.6791445e-07,4.5541438e-07,4.78221466e-07,5.55849944e-08,6.62835973e-08,1.09698661e-09]",2.2562123831448844e-06,9,-12.794736862182617,2,2
178,4,1.1920928955078125e-06,7.725997420493513e-05,9.5367431640625e-07,1.5216361362035968e-06,178,179,178,"[6.67226267,3.78892112,9.15450764,0.771390557,-4.2400527,-3.13260126,1.27024639,-0.450471312,-7.94522285,-7.04939413,-7.7733407,-1.96003783,-7.83648491,-8.64538288,-7.83659267,-7.44981861,-6.14579535,-9.30963039,-7.89133739,-13.1790266]","[0.0767320842,0.00429296913,0.918337405,0.000210020138,1.39900237e-06,4.23427309e-06,0.000345868611,6.18889462e-05,3.440989e-08,8.42823269e-08,4.08630676e-08,1.36778026e-05,3.8362554e-08,1.70846928e-08,3.83584613e-08,5.64721354e-08,2.08048647e-07,8.79283668e-09,3.63149795e-08,1.83515009e-10]",1.399002371726965e-06,9,-13.394559860229492,2,2,478,479,478,"[6.67226267,3.78892112,9.15450859,0.771391153,-4.2400527,-3.13260126,1.27024639,-0.450471997,-7.94522285,-7.04939508,-7.7733407,-1.96003854,-7.83648586,-8.64538288,-7.83659172,-7.44981813,-6.14579535,-9.30963039,-7.89133835,-13.1790266]","[0.0767320171,0.0042929654,0.918337464,0.000210019949,1.39900249e-06,4.23426582e-06,0.00034586835,6.18888371e-05,3.44098936e-08,8.4282334e-08,4.08630711e-08,1.36777908e-05,3.83625611e-08,1.70846945e-08,3.83584648e-08,5.6472139e-08,2.08048661e-07,8.79283757e-09,3.6314848e-08,1.83515023e-10]",1.3990024854138028e-06,9,-13.394561767578125,2,2
179,4,5.960464477539062e-07,4.67052377643995e-05,9.5367431640625e-07,5.774880378339731e-07,179,180,179,"[6.66035271,4.59197807,6.46709919,1.23856378,-4.08607388,-2.82630396,1.10547578,0.498464257,-7.39861584,-6.85561228,-7.9323802,-2.31798983,-7.97269678,-8.7396059,-7.88953781,-7.31406546,-6.20635128,-9.11798573,-7.74309158,-12.8282013]","[0.509868145,0.0644427612,0.420270503,0.002253226,1.09734729e-05,3.86772335e-05,0.00197244785,0.00107493869,3.9969197e-07,6.87937643e-07,2.34376628e-07,6.43003659e-05,2.25115528e-07,1.04553941e-07,2.44636169e-07,4.34955638e-07,1.3167986e-06,7.16163484e-08,2.83218412e-07,1.75261461e-09]",1.0973472853947897e-05,9,-10.746426582336426,0,0,479,480,479,"[6.66035271,4.59197855,6.46709871,1.23856306,-4.08607388,-2.82630348,1.10547543,0.498464376,-7.39861536,-6.85561275,-7.93237972,-2.31798959,-7.9726963,-8.7396059,-7.88953686,-7.31406546,-6.20635176,-9.11798573,-7.74309063,-12.8282003]","[0.509868205,0.0644427985,0.420270413,0.00225322531,1.09734747e-05,3.86772408e-05,0.00197244715,0.00107493927,3.99692425e-07,6.87937074e-07,2.3437687e-07,6.43003732e-05,2.25115556e-07,1.04553948e-07,2.44636482e-07,4.34955695e-07,1.31679735e-06,7.16163555e-08,2.83218725e-07,1.75261805e-09]",1.09734746729373e-05,9,-10.746426582336426,0,0
180,4,7.152557373046875e-07,4.836239168071188e-05,1.6689300537109375e-06,5.587901910075743e-07,180,181,180,"[6.98051596,5.2292819,5.61542273,1.1292007,-4.51845932,-2.98668456,1.43140459,0.18140249,-7.85238886,-7.10685968,-7.66238213,-2.6075573,-8.40521717,-9.00234318,-8.26704693,-7.77852011,-6.66237164,-9.09908772,-7.79550362,-13.0012131]","[0.69592905,0.120785184,0.17771028,0.00200157193,7.05705133e-06,3.2648597e-05,0.0027077999,0.000775796128,2.5160324e-07,5.30268096e-07,3.04253035e-07,4.76999012e-05,1.44752534e-07,7.96703716e-08,1.66200678e-07,2.70892286e-07,8.27055032e-07,7.23238003e-08,2.66330574e-07,1.46086521e-09]",7.0570513344137e-06,9,-11.49897575378418,0,0,480,481,480,"[6.98051548,5.2292819,5.6154213,1.12920022,-4.51845932,-2.98668289,1.43140423,0.181402504,-7.85238838,-7.10685873,-7.66238165,-2.60755754,-8.40521717,-9.00234318,-8.26704693,-7.77852011,-6.66237116,-9.09908772,-7.79550362,-13.0012131]","[0.69592911,0.120785259,0.177710101,0.00200157217,7.05705179e-06,3.26486625e-05,0.00270780013,0.000775796536,2.51603268e-07,5.30269119e-07,3.04253632e-07,4.76999048e-05,1.44752548e-07,7.9670528e-08,1.66200692e-07,2.70892826e-07,8.27055089e-07,7.23239424e-08,2.66330602e-07,1.46086532e-09]",7.057051789161051e-06,9,-11.498974800109863,0,0
181,4,9.5367431640625e-07,0.00015048908244352788,1.9073486328125e-06,5.450481239677174e-06,181,182,181,"[6.46513462,5.8033514,5.5669117,0.730433464,-4.76871586,-2.8600688,1.46640265,-0.017770458,-7.81280041,-7.22815275,-7.51735973,-2.6869216,-8.25213051,-9.28745174,-8.08141994,-7.653584,-6.78765345,-8.85521412,-7.72956657,-13.3864355]","[0.516810179,0.26663816,0.210493073,0.00167025195,6.83174767e-06,4.60730371e-05,0.00348665752,0.000790389546,3.25463787e-07,5.83998997e-07,4.37331664e-07,5.47827403e-05,2.09750993e-07,7.44851576e-08,2.48795601e-07,3.81635942e-07,9.07231481e-07,1.14759366e-07,3.53712721e-07,1.23567345e-09]",6.831747668911703e-06,9,-11.233850479125977,0,0,481,482,481,"[6.4651351,5.8033514,5.5669117,0.730432987,-4.76871634,-2.86006832,1.46640289,-0.0177703612,-7.81280088,-7.22815275,-7.51736021,-2.6869216,-8.25213051,-9.28745174,-8.0814209,-7.65358496,-6.78765488,-8.85521603,-7.72956562,-13.3864365]","[0.516810298,0.266638041,0.210493013,0.00167025079,6.83174858e-06,4.6073048e-05,0.00348665821,0.000790389429,3.25463844e-07,5.8399911e-07,4.37331721e-07,5.47827512e-05,2.09750837e-07,7.44851718e-08,2.48795175e-07,3.81636028e-07,9.07229946e-07,1.14759168e-07,3.53713119e-07,1.23567367e-09]",6.831748578406405e-06,9,-11.233851432800293,0,0
182,4,5.960464477539062e-07,8.8170691014966e-06,9.5367431640625e-07,8.113906346807198e-07,182,183,182,"[6.115695,6.63929653,5.85203218,0.370037645,-4.81577921,-2.53633595,1.32026398,-0.514219046,-8.04197502,-7.374825,-7.65419722,-2.70296574,-8.30577946,-9.57701206,-8.07036018,-7.72913837,-6.89901733,-8.87384129,-7.82599258,-13.6261787]","[0.288229048,0.486558437,0.221426949,0.000921362254,5.15535521e-06,5.0374234e-05,0.00238291477,0.000380542187,2.04710148e-07,3.98913869e-07,3.01682235e-07,4.26424413e-05,1.5724288e-07,4.41043788e-08,1.98981112e-07,2.79900064e-07,6.41977124e-07,8.90973695e-08,2.54061774e-07,7.69042829e-10]",5.1553552111727186e-06,9,-11.455076217651367,1,0,482,483,482,"[6.115695,6.63929653,5.85203266,0.370037347,-4.81577969,-2.53633547,1.32026422,-0.514218628,-8.04197502,-7.374825,-7.65419626,-2.70296597,-8.30577946,-9.57701206,-8.07036018,-7.7291379,-6.89901733,-8.87384129,-7.82599258,-13.6261787]","[0.288229018,0.486558378,0.221427023,0.000921362196,5.15535476e-06,5.03742267e-05,0.00238291547,0.000380542129,2.04710119e-07,3.98913841e-07,3.01682206e-07,4.26424376e-05,1.57242866e-07,4.41043717e-08,1.98981098e-07,2.79900036e-07,6.41977067e-07,8.90973553e-08,2.54061746e-07,7.69042718e-10]",5.155354756425368e-06,9,-11.455076217651367,1,0
183,4,9.5367431640625e-07,4.834130595554598e-05,1.430511474609375e-06,5.557958502322435e-07,183,184,183,"[5.65194941,6.97953892,6.62793636,1.0434556,-3.97035098,-2.14483953,1.1992619,-1.03169322,-8.09517765,-7.0154295,-7.78136492,-2.81835222,-8.27590084,-9.47909355,-8.114851,-7.59238195,-6.37396049,-8.93619633,-7.88858318,-12.7396774]","[0.134240896,0.50634861,0.356246501,0.00133795466,8.89145394e-06,5.51801095e-05,0.00156353414,0.000167963779,1.43741914e-07,4.23167307e-07,1.967299e-07,2.81371049e-05,1.19976534e-07,3.60210848e-08,1.40941793e-07,2.3765395e-07,8.0370927e-07,6.19917131e-08,1.76728349e-07,1.38198475e-09]",8.891453944670502e-06,9,-10.94989013671875,1,1,483,484,483,"[5.65194988,6.97953844,6.62793684,1.04345608,-3.97035193,-2.14484072,1.19926202,-1.03169298,-8.0951786,-7.01543093,-7.78136539,-2.81835246,-8.27590179,-9.47909355,-8.11485195,-7.59238291,-6.37396193,-8.93619633,-7.88858414,-12.7396784]","[0.134240955,0.506348372,0.35624668,0.00133795536,8.89145031e-06,5.51800258e-05,0.00156353402,0.000167963852,1.43741843e-07,4.23166682e-07,1.967298e-07,2.81371158e-05,1.19976477e-07,3.6021067e-08,1.40941466e-07,2.37653595e-07,8.03707337e-07,6.19916847e-08,1.76728264e-07,1.38198131e-09]",8.891450306691695e-06,9,-10.94989013671875,1,1
184,4,7.152557373046875e-07,3.1623720133211464e-05,9.5367431640625e-07,3.3517252973069844e-07,184,185,184,"[6.0601635,5.29845095,6.8420639,2.13399267,-2.88393807,-2.92275476,0.989388347,-0.998983741,-7.55833244,-6.48833323,-7.57403326,-2.6565392,-7.64753246,-8.9607935,-7.47728157,-7.07949686,-5.35700941,-8.70489502,-8.23566341,-12.6024771]","[0.271754861,0.126873165,0.593953371,0.00535874395,3.54652875e-05,3.41150262e-05,0.00170595571,0.000233576298,3.30932693e-07,9.64794026e-07,3.25777222e-07,4.45206533e-05,3.02691774e-07,8.14064904e-08,3.58872086e-07,5.3418978e-07,2.99062458e-06,1.0514627e-07,1.68104222e-07,2.13351203e-09]",3.546528751030564e-05,8,-9.726001739501953,2,0,484,485,484,"[6.0601635,5.29845142,6.84206438,2.13399196,-2.88393831,-2.92275429,0.989388466,-0.998984039,-7.55833244,-6.48833418,-7.57403326,-2.65653968,-7.64753294,-8.96079445,-7.47728157,-7.07949686,-5.35700989,-8.70489502,-8.23566341,-12.602478]","[0.271754771,0.12687318,0.59395349,0.00535873743,3.54652584e-05,3.41150298e-05,0.00170595513,0.000233576124,3.3093275e-07,9.64792434e-07,3.25777279e-07,4.45206169e-05,3.02691518e-07,8.14063412e-08,3.58872143e-07,5.34189383e-07,2.99062503e-06,1.05146285e-07,1.68104066e-07,2.13351248e-09]",3.5465258406475186e-05,8,-9.72600269317627,2,0
185,4,5.960464477539062e-07,1.2812854038202204e-05,1.9073486328125e-06,3.8254056562436745e-06,185,186,185,"[6.21290159,5.98918819,6.35336971,2.23450828,-3.89410615,-2.03357196,-0.0740109906,-0.239192203,-7.255126,-6.71522284,-8.13513279,-2.65312481,-7.92040873,-9.43652725,-7.75217962,-7.07658529,-6.14442348,-8.96601295,-7.786623,-13.2001762]","[0.336364269,0.268938094,0.387092173,0.00629528705,1.37211928e-05,8.81884698e-05,0.000625804183,0.000530519348,4.76123716e-07,8.16952763e-07,1.97486628e-07,4.74617264e-05,2.44788481e-07,5.37464402e-08,2.89635892e-07,5.69192594e-07,1.44574517e-06,8.60382272e-08,2.79829834e-07,1.24686006e-09]",1.3721192772209179e-05,9,-10.247475624084473,2,0,485,486,485,"[6.21290207,5.98918819,6.35336971,2.23450828,-3.89410591,-2.03357172,-0.0740112737,-0.239192277,-7.255126,-6.71522331,-8.13513279,-2.65312529,-7.92040873,-9.43652821,-7.75218105,-7.07658577,-6.14442348,-8.96601391,-7.78662348,-13.2001781]","[0.336364388,0.268938065,0.387092113,0.00629528845,1.37212046e-05,8.81884553e-05,0.000625803834,0.000530518999,4.76123631e-07,8.16951911e-07,1.974866e-07,4.74617191e-05,2.44788424e-07,5.37463229e-08,2.89635267e-07,5.69191911e-07,1.44574494e-06,8.60380425e-08,2.79829237e-07,1.24685751e-09]",1.3721204595640302e-05,9,-10.247475624084473,2,0
186,4,4.76837158203125e-07,0.0003625377721618861,9.5367431640625e-07,4.044693014293443e-06,186,187,186,"[6.75576925,5.17235565,7.53669262,0.565484524,-3.59054971,-4.12761307,0.27144289,0.0147365071,-8.01409435,-7.66764498,-7.83197594,-2.22177267,-7.48592758,-9.59220123,-7.87152052,-7.46291924,-6.21475887,-9.51686954,-8.17213058,-13.8292322]","[0.294663489,0.0604865104,0.643394053,0.000603837136,9.46187447e-06,5.53010523e-06,0.000450006919,0.000348123285,1.13463472e-07,1.60441559e-07,1.3612852e-07,3.71902934e-05,1.9241368e-07,2.34149127e-08,1.30850466e-07,1.96892145e-07,6.85958014e-07,2.52469601e-08,9.68771587e-08,3.38355871e-10]",9.461874469707254e-06,8,-11.127242088317871,2,2,486,487,486,"[6.75577021,5.17235613,7.53669357,0.565484166,-3.59054971,-4.12761354,0.271443009,0.0147364475,-8.01409435,-7.66764545,-7.83197546,-2.22177267,-7.48592806,-9.59220219,-7.871521,-7.46291828,-6.21475887,-9.51686954,-8.17213058,-13.8292332]","[0.294663519,0.0604864843,0.643394053,0.000603836321,9.46186719e-06,5.53010113e-06,0.000450006512,0.000348122965,1.13463365e-07,1.60441431e-07,1.36128392e-07,3.71902242e-05,1.92413523e-07,2.34149145e-08,1.30850225e-07,1.96892159e-07,6.85957332e-07,2.52469619e-08,9.68771658e-08,3.3835526e-10]",9.46186719374964e-06,8,-11.127243041992188,2,2
187,4,7.152557373046875e-07,1.3403288903646171e-05,9.5367431640625e-07,9.466189681006654e-07,187,188,187,"[5.7254529,5.64764452,6.76948643,2.53807855,-3.57319999,-2.93313193,0.546271205,-0.236121848,-7.4655695,-6.66993952,-7.48658276,-1.09007847,-7.88758183,-8.82607365,-7.70951653,-7.3468318,-5.99639797,-8.92493248,-7.10042095,-12.4449434]","[0.207612395,0.192070872,0.589754522,0.00857026596,1.90064038e-05,3.60477352e-05,0.00116940052,0.000534778985,3.87672543e-07,8.59018598e-07,3.79611265e-07,0.000227669821,2.54206952e-07,9.94501832e-08,3.03753012e-07,4.36548362e-07,1.68468273e-06,9.00890882e-08,5.58530644e-07,2.66655409e-09]",1.9006403817911632e-05,9,-10.342686653137207,2,1,487,488,487,"[5.7254529,5.64764452,6.76948643,2.53807855,-3.57319975,-2.93313169,0.546271205,-0.236121625,-7.4655695,-6.66993952,-7.48658323,-1.09007895,-7.8875823,-8.82607365,-7.70951748,-7.3468318,-5.99639797,-8.92493153,-7.10042048,-12.4449434]","[0.207612395,0.192070872,0.589754522,0.00857026596,1.90064038e-05,3.60477352e-05,0.00116940052,0.000534778985,3.87672543e-07,8.59018598e-07,3.79611265e-07,0.000227669821,2.54206952e-07,9.94501832e-08,3.03752444e-07,4.36548362e-07,1.68468273e-06,9.00890882e-08,5.58530644e-07,2.66655409e-09]",1.9006403817911632e-05,9,-10.34268569946289,2,1
188,4,9.5367431640625e-07,6.701304664602503e-05,1.430511474609375e-06,7.470964192179963e-06,188,189,188,"[6.51574039,5.29273558,5.57850361,3.31590199,-4.05780363,-4.6928544,1.21115649,-0.0309154205,-7.50631428,-6.55244303,-7.6907506,-2.35156727,-7.60247421,-8.83589172,-7.51306915,-7.20019674,-6.26918507,-8.96393299,-8.21631527,-12.737051]","[0.576895714,0.169806018,0.225975066,0.0235193409,1.47592827e-05,7.82107782e-06,0.00286645908,0.000827791402,4.69241371e-07,1.21802884e-06,3.90208612e-07,8.12970029e-05,4.26220765e-07,1.24156131e-07,4.66082412e-07,6.37296125e-07,1.61686864e-06,1.0923479e-07,2.30699584e-07,2.51024335e-09]",1.4759282748855185e-05,8,-10.573543548583984,0,0,488,489,488,"[6.51574039,5.29273558,5.57850361,3.31590247,-4.05780315,-4.69285488,1.21115649,-0.0309156515,-7.50631285,-6.55244303,-7.69075012,-2.35156727,-7.60247421,-8.83589172,-7.51306915,-7.20019674,-6.26918459,-8.96393299,-8.21631527,-12.7370501]","[0.576895714,0.169806018,0.225975066,0.0235193502,1.47592973e-05,7.82107054e-06,0.00286645908,0.000827790936,4.69241826e-07,1.21802884e-06,3.90208612e-07,8.12970029e-05,4.26220765e-07,1.24156131e-07,4.66082412e-07,6.37296125e-07,1.61687012e-06,1.0923479e-07,2.30699584e-07,2.51025267e-09]",1.4759297300770413e-05,8,-10.573543548583984,0,0
189,4,4.76837158203125e-07,0.00013013301941100508,1.9073486328125e-06,3.339240777222585e-07,189,190,189,"[7.12236261,4.67550945,5.1076622,2.47888088,-4.41739559,-4.37005901,1.29564822,0.267746389,-7.86218548,-6.65092516,-7.23494387,-3.45486546,-7.76304388,-8.33722496,-7.57603502,-7.82439566,-6.73393774,-8.5617466,-8.24535942,-12.991991]","[0.810633957,0.0701729804,0.108106434,0.00780164683,7.89171372e-06,8.27426265e-06,0.00238954299,0.000854875427,2.51836099e-07,8.45593263e-07,4.71547452e-07,2.06629738e-05,2.7808332e-07,1.56607086e-07,3.35267458e-07,2.61535206e-07,7.78233755e-07,1.25113147e-07,1.71675424e-07,1.49029489e-09]",7.891713721619453e-06,9,-11.539758682250977,0,0,489,490,489,"[7.12236309,4.67550898,5.10766268,2.47888112,-4.41739559,-4.37005901,1.29564822,0.2677463,-7.86218548,-6.65092516,-7.23494387,-3.45486546,-7.76304436,-8.33722687,-7.57603502,-7.82439566,-6.73393726,-8.5617466,-8.24535847,-12.991992]","[0.810634017,0.0701729283,0.108106442,0.0078016473,7.89171463e-06,8.27426356e-06,0.00238954206,0.000854875019,2.51836127e-07,8.4559332e-07,4.71547509e-07,2.06629757e-05,2.78082808e-07,1.56606518e-07,3.35267487e-07,2.61535234e-07,7.78233812e-07,1.25112905e-07,1.71675438e-07,1.49029222e-09]",7.891714631114155e-06,9,-11.539758682250977,0,0
190,4,9.5367431640625e-07,3.1164148822426796e-05,1.9073486328125e-06,7.902008292148821e-07,190,191,190,"[7.05810499,4.9542675,4.8909874,1.79023623,-3.83651352,-4.08446312,1.14294577,0.377148718,-7.92113209,-6.81678152,-7.13453674,-3.32064009,-7.96547794,-8.66546059,-7.63665915,-7.67896223,-6.41560173,-8.6775856,-8.1561594,-13.0322361]","[0.802780032,0.0979290456,0.0919240862,0.00413799845,1.48978506e-05,1.16262727e-05,0.00216608518,0.00100714981,2.50724469e-07,7.56502402e-07,5.50567222e-07,2.49554432e-05,2.39848816e-07,1.19107355e-07,3.33228371e-07,3.19425823e-07,1.1298996e-06,1.17671888e-07,1.98210046e-07,1.51172241e-09]",1.4897850633133203e-05,8,-10.89461898803711,0,0,490,491,490,"[7.05810547,4.95426798,4.89098883,1.79023612,-3.83651447,-4.08446407,1.14294624,0.37714842,-7.92113209,-6.81678152,-7.13453722,-3.32064033,-7.9654789,-8.66546059,-7.63665962,-7.67896414,-6.41560173,-8.67758656,-8.15616035,-13.0322361]","[0.802780032,0.0979290456,0.0919241831,0.00413799426,1.48978506e-05,1.16262727e-05,0.00216608518,0.00100714935,2.50724469e-07,7.56500981e-07,5.50567222e-07,2.49553923e-05,2.39848362e-07,1.19107355e-07,3.33227746e-07,3.19424544e-07,1.1298996e-06,1.17671888e-07,1.98209676e-07,1.51172241e-09]",1.4897850633133203e-05,8,-10.894619941711426,0,0
191,4,4.76837158203125e-07,5.9110738220624626e-05,9.5367431640625e-07,2.2033298137102975e-06,191,192,191,"[6.53488684,5.32683611,5.08995247,1.8011924,-3.33270764,-3.45427203,0.84281683,0.0946822613,-7.68038464,-6.47098875,-7.08690882,-3.32569194,-7.85834503,-8.81403351,-7.47171545,-7.40790033,-5.93506289,-8.53027916,-8.04663372,-12.6371336]","[0.645801067,0.192951873,0.152255073,0.00567912403,3.3470089e-05,2.96389153e-05,0.00217803172,0.00103075022,4.32997126e-07,1.45117167e-06,7.83841131e-07,3.37057463e-05,3.6240769e-07,1.39362896e-07,5.33468381e-07,5.68621488e-07,2.48009565e-06,1.8508878e-07,3.00209933e-07,3.04646575e-09]",3.347008896525949e-05,8,-9.867594718933105,0,0,491,492,491,"[6.53488636,5.32683611,5.08995247,1.80119228,-3.33270741,-3.45427179,0.842816949,0.0946820527,-7.68038368,-6.47098827,-7.08690882,-3.32569194,-7.85834503,-8.81403351,-7.47171545,-7.40790033,-5.93506289,-8.53028011,-8.04663372,-12.6371336]","[0.645801008,0.192951933,0.152255118,0.0056791259,3.34701108e-05,2.96389098e-05,0.00217803242,0.00103075057,4.32997041e-07,1.45117269e-06,7.83841017e-07,3.3705739e-05,3.62407633e-07,1.39362882e-07,5.33468835e-07,5.68621374e-07,2.48009542e-06,1.85088751e-07,3.00209877e-07,3.0464653e-09]",3.3470110793132335e-05,8,-9.867593765258789,0,0
192,4,9.5367431640625e-07,8.474248170387e-05,1.9073486328125e-06,6.726360766151629e-07,192,193,192,"[6.28862286,5.43281126,5.77382565,1.69478703,-2.36939597,-3.66505861,0.827536345,-0.155073643,-7.7553072,-6.51699209,-7.15235472,-3.36841798,-7.90657139,-9.0711422,-7.47241116,-7.50314569,-5.84636641,-8.49820709,-8.10074711,-12.428894]","[0.490481496,0.208424315,0.293122411,0.00496072415,8.52104276e-05,2.33234878e-05,0.00208402518,0.00078011892,3.90320452e-07,1.34652669e-06,7.13313511e-07,3.1377851e-05,3.35527517e-07,1.04703659e-07,5.17942453e-07,5.02265664e-07,2.6330797e-06,1.85688052e-07,2.76311312e-07,3.64508734e-09]",8.521042764186859e-05,7,-8.658019065856934,0,2,492,493,492,"[6.28862286,5.43281221,5.77382565,1.69478655,-2.36939645,-3.66505861,0.827536106,-0.155073747,-7.75530815,-6.51699257,-7.15235472,-3.36841822,-7.90657234,-9.0711422,-7.47241116,-7.50314569,-5.84636641,-8.49820614,-8.10074711,-12.428896]","[0.490481377,0.208424479,0.293122351,0.00496072043,8.52104058e-05,2.33234823e-05,0.00208402378,0.000780118746,3.90319968e-07,1.34652498e-06,7.13313341e-07,3.13778146e-05,3.35527091e-07,1.04703638e-07,5.17942283e-07,5.0226555e-07,2.63307902e-06,1.85688194e-07,2.76311226e-07,3.64508645e-09]",8.521040581399575e-05,7,-8.658019065856934,0,2
193,4,9.5367431640625e-07,0.0005758559564128518,1.9073486328125e-06,9.792152013687883e-07,193,194,193,"[5.28904343,6.37591696,7.37708092,1.8045249,-2.32726502,-1.92324746,-0.304349065,-0.569044471,-7.21576834,-6.42296886,-7.8810339,-1.929865,-7.95371628,-9.24575424,-7.76933384,-6.95277643,-5.56390333,-9.07999897,-7.11757088,-12.1955128]","[0.0828273222,0.245582148,0.668339014,0.00254019164,4.07805455e-05,6.10823263e-05,0.000308314658,0.000236612963,3.07186895e-07,6.78752315e-07,1.57936213e-07,6.06794456e-05,1.46864267e-07,4.03451352e-08,1.76600707e-07,3.99594114e-07,1.6025017e-06,4.76187765e-08,3.38882813e-07,2.11216289e-09]",4.078054553247057e-05,9,-9.704345703125,2,0,493,494,493,"[5.2890439,6.37591743,7.37708139,1.80452573,-2.32726479,-1.92324734,-0.304348767,-0.569044173,-7.21576929,-6.42296982,-7.88103533,-1.92986596,-7.95371675,-9.24575424,-7.76933384,-6.95277739,-5.56390381,-9.08000088,-7.11757135,-12.1955137]","[0.0828273222,0.245582148,0.668339014,0.00254019257,4.07805455e-05,6.10822681e-05,0.000308314658,0.000236612745,3.0718661e-07,6.7875169e-07,1.57935915e-07,6.06793292e-05,1.46864139e-07,4.03451352e-08,1.76600537e-07,3.99593318e-07,1.6025017e-06,4.76185953e-08,3.38882472e-07,2.11215889e-09]",4.078054553247057e-05,9,-9.704345703125,2,0
194,4,4.76837158203125e-07,5.0219710828969255e-05,1.9073486328125e-06,1.5619507394148968e-06,194,195,194,"[3.658885,7.25832033,6.83814812,0.305283099,-0.827709794,-1.34382915,0.276058555,-1.11636949,-6.82929993,-6.0997467,-6.64784145,-1.93486536,-7.4532671,-9.18075371,-6.70783949,-6.37491226,-5.23035145,-7.53936434,-7.10289478,-12.3716593]","[0.0162058696,0.592771351,0.389411449,0.000566528121,0.000182460382,0.000108898261,0.000550211291,0.000136711795,4.51556048e-07,9.36596734e-07,5.41399288e-07,6.03027765e-05,2.41950062e-07,4.30019611e-08,5.09871882e-07,7.11295002e-07,2.23421898e-06,2.21990732e-07,3.43471356e-07,1.76886705e-09]",0.0001824603823479265,6,-8.086030006408691,1,1,494,495,494,"[3.65888572,7.25832033,6.83814859,0.305282623,-0.827710032,-1.34382915,0.276058644,-1.11636949,-6.82929993,-6.0997467,-6.64784288,-1.93486512,-7.45326805,-9.18075562,-6.70783997,-6.37491274,-5.23035145,-7.53936529,-7.10289574,-12.3716602]","[0.0162058808,0.592771232,0.389411598,0.000566527771,0.000182460339,0.000108898232,0.000550211174,0.000136711766,4.51555962e-07,9.36596564e-07,5.41399174e-07,6.03027656e-05,2.41950005e-07,4.30018687e-08,5.09871768e-07,7.11294831e-07,2.23421853e-06,2.21990263e-07,3.43471271e-07,1.76886672e-09]",0.0001824603386921808,6,-8.086030006408691,1,1
195,4,5.960464477539062e-07,9.773612873686943e-06,9.5367431640625e-07,5.32821331944433e-07,195,196,195,"[5.78226089,4.71879959,8.32425976,1.34239328,-4.22600794,-1.84506226,0.796844184,-0.644145429,-7.50541067,-7.00036192,-7.58244467,-2.32248712,-7.62198687,-8.91398239,-7.4587636,-7.26938105,-6.28554201,-8.63866138,-7.3925705,-13.4304876]","[0.0710661039,0.0245361887,0.902897716,0.000838402426,3.1998261e-06,3.46065353e-05,0.000485873723,0.000115003189,1.20475917e-07,1.99636602e-07,1.11543642e-07,2.146917e-05,1.07218931e-07,2.94553839e-08,1.26228798e-07,1.52547898e-07,4.08020611e-07,3.87914056e-08,1.34867079e-07,3.21863564e-10]",3.1998260965337977e-06,9,-12.550268173217773,2,2,495,496,495,"[5.78226089,4.71879959,8.32425976,1.34239256,-4.22600746,-1.84506178,0.796844244,-0.644145668,-7.50541115,-7.00036192,-7.58244514,-2.32248735,-7.62198687,-8.91398239,-7.4587636,-7.26938057,-6.28554201,-8.63866138,-7.3925705,-13.4304867]","[0.0710661039,0.0245361887,0.902897716,0.000838401669,3.19982905e-06,3.46065681e-05,0.000485873985,0.000115003073,1.20475804e-07,1.99636602e-07,1.11543642e-07,2.14691499e-05,1.07218931e-07,2.94553839e-08,1.26228798e-07,1.5254804e-07,4.08020611e-07,3.87914056e-08,1.34867079e-07,3.21864174e-10]",3.1998290523915784e-06,9,-12.550267219543457,2,2
196,4,7.152557373046875e-07,3.997015664936043e-05,1.430511474609375e-06,7.441743150593538e-07,196,197,196,"[6.09286261,4.09699392,8.5403223,0.819201708,-5.08780861,-1.78564382,1.06525588,-0.280332506,-7.22938538,-7.26063871,-7.60032654,-3.19536734,-7.46690321,-9.05064106,-7.40467072,-6.92389822,-6.70479107,-8.36684513,-7.82556009,-13.4482832]","[0.0786860809,0.0106930882,0.909528136,0.00040325147,1.09696839e-06,2.98061696e-05,0.00051574636,0.00013429331,1.28860293e-07,1.24895323e-07,8.89245868e-08,7.27898941e-06,1.01617054e-07,2.0852486e-08,1.08141919e-07,1.74900364e-07,2.17744656e-07,4.13167953e-08,7.09910353e-08,2.56617394e-10]",1.096968389902031e-06,9,-13.628130912780762,2,2,496,497,496,"[6.09286308,4.09699392,8.5403223,0.81920135,-5.08780766,-1.78564334,1.06525576,-0.280332714,-7.22938585,-7.26063871,-7.60032797,-3.19536805,-7.46690369,-9.05064011,-7.40466976,-6.92389917,-6.70479155,-8.36684608,-7.82556152,-13.4482822]","[0.0786861107,0.0106930882,0.909528136,0.00040325147,1.09696941e-06,2.98061696e-05,0.000515746069,0.00013429331,1.28860165e-07,1.24895323e-07,8.89244163e-08,7.27898305e-06,1.01617054e-07,2.0852525e-08,1.08141919e-07,1.74900038e-07,2.17744656e-07,4.13167172e-08,7.09910353e-08,2.56617394e-10]",1.0969694130835705e-06,9,-13.628129959106445,2,2
197,4,9.5367431640625e-07,2.1326161004253663e-05,9.5367431640625e-07,2.995971328800806e-07,197,198,197,"[6.04226637,4.66110992,7.37887573,2.33122849,-3.00522971,-2.38739181,0.527821183,-0.603460908,-7.10770321,-6.3998003,-7.36519909,-1.44309592,-7.51862478,-8.62556744,-7.75010252,-6.55712128,-5.05050564,-8.901968,-7.58755779,-12.6894903]","[0.196536556,0.0493872389,0.748041034,0.00480573718,2.31294689e-05,4.2903157e-05,0.000791680941,0.000255411549,3.82370303e-07,7.7610855e-07,2.95566423e-07,0.000110304107,2.53526508e-07,8.38076559e-08,2.01137894e-07,6.63130209e-07,2.99167004e-06,6.35690398e-08,2.36638783e-07,1.43993995e-09]",2.312946890015155e-05,9,-10.384105682373047,2,2,497,498,497,"[6.04226685,4.66110992,7.37887573,2.33122826,-3.00522995,-2.38739109,0.527821302,-0.603460968,-7.10770321,-6.39980078,-7.36519957,-1.44309628,-7.51862526,-8.62556648,-7.75010252,-6.55712175,-5.05050564,-8.901968,-7.58755827,-12.6894913]","[0.196536645,0.0493872352,0.748040974,0.00480573671,2.31294653e-05,4.29031934e-05,0.000791681348,0.00025541152,3.82370246e-07,7.76108493e-07,2.95566394e-07,0.0001103041,2.53526224e-07,8.38079686e-08,2.0113788e-07,6.63129526e-07,2.99166959e-06,6.35690327e-08,2.36638769e-07,1.43993983e-09]",2.3129465262172744e-05,9,-10.384105682373047,2,2
198,4,5.960464477539062e-07,4.581166649586521e-05,7.152557373046875e-07,3.5588325317803537e-06,198,199,198,"[6.72943306,4.36723566,6.41454268,1.42174602,-3.36437082,-2.68787575,0.682913363,-0.0586192943,-7.54847717,-7.19447994,-7.4192071,-1.22190094,-7.71889591,-9.07547951,-7.79054832,-7.26214933,-5.46252823,-9.06881332,-7.26352644,-13.3559551]","[0.545549691,0.0513978601,0.39817974,0.00270230928,2.25502408e-05,4.43556601e-05,0.00129081553,0.000614922727,3.43571145e-07,4.89503009e-07,3.90983303e-07,0.000192138352,2.89737272e-07,7.46187609e-08,2.69703463e-07,4.57474698e-07,2.76651349e-06,7.51178462e-08,4.56845129e-07,1.03243114e-09]",2.255024082842283e-05,9,-10.093803405761719,0,1,498,499,498,"[6.72943306,4.36723518,6.4145422,1.42174554,-3.36437011,-2.68787527,0.682913363,-0.0586190857,-7.54847765,-7.19447994,-7.41920662,-1.22190034,-7.71889591,-9.07547951,-7.79054832,-7.26214981,-5.46252823,-9.06881332,-7.26352596,-13.3559551]","[0.54554975,0.0513978414,0.398179621,0.00270230975,2.25502445e-05,4.43556673e-05,0.00129081565,0.000614923134,3.43571202e-07,4.89503066e-07,3.90983359e-07,0.000192138381,2.89737301e-07,7.46187752e-08,2.6970352e-07,4.57474755e-07,2.76651394e-06,7.51178533e-08,4.56845186e-07,1.03243125e-09]",2.2550244466401637e-05,9,-10.093803405761719,0,1
199,4,5.960464477539062e-07,4.793453626916744e-05,1.9073486328125e-06,3.45158241543686e-07,199,200,199,"[6.72395325,4.45389843,6.04459143,0.345375746,-3.37260795,-1.93349719,1.09749663,0.651542246,-7.7391324,-7.13674259,-7.26042223,-2.42550802,-8.01898956,-9.15190887,-7.76260948,-7.74826956,-5.57742167,-8.92672634,-7.44635963,-12.826622]","[0.6179775,0.0638411045,0.313277751,0.00104903884,2.54736824e-05,0.000107421103,0.00222553033,0.00142481353,3.23395625e-07,5.90675484e-07,5.21957759e-07,6.56768461e-05,2.44452195e-07,7.87359156e-08,3.15891839e-07,3.2045449e-07,2.80900917e-06,9.86208875e-08,4.33395059e-07,1.99648342e-09]",2.5473682399024256e-05,9,-10.096561431884766,0,2,499,500,499,"[6.72395277,4.45389843,6.04459095,0.345375866,-3.37260842,-1.93349695,1.09749651,0.651542068,-7.73913193,-7.13674212,-7.26042128,-2.42550826,-8.01898861,-9.15190697,-7.76260853,-7.74826956,-5.57742214,-8.92672443,-7.44635868,-12.8266211]","[0.61797744,0.0638411269,0.313277751,0.00104903977,2.54736806e-05,0.000107421198,0.00222553127,0.00142481411,3.23396222e-07,5.90675995e-07,5.21958668e-07,6.56768461e-05,2.44452394e-07,7.87362069e-08,3.15892095e-07,3.2045449e-07,2.80900917e-06,9.8621058e-08,4.33395485e-07,1.99648342e-09]",2.5473680580034852e-05,9,-10.096561431884766,0,2
200,4,3.9560751914978027,791.8421020507812,5.018692970275879,1.6853798627853394,200,201,200,"[7.10298347,4.33409119,5.22561121,0.958359599,-3.7613821,-2.4498992,1.41303265,0.617450833,-7.82457542,-7.32194138,-7.1778903,-3.38350058,-7.84275913,-9.04271984,-7.6285243,-7.55343437,-6.34433985,-8.37166119,-7.9815979,-12.815361]","[0.817731142,0.0512974598,0.125105992,0.00175401918,1.56414317e-05,5.80558662e-05,0.00276373373,0.00124732452,2.68939175e-07,4.4457525e-07,5.13458815e-07,2.28238114e-05,2.64093046e-07,7.95465027e-08,3.27188332e-07,3.52702955e-07,1.18171408e-06,1.55617258e-07,2.29858244e-07,1.82887239e-09]",1.5641431673429906e-05,9,-10.864365577697754,0,1,500,1,0,"[10.5689325,3.12842894,0.206918448,2.44594431,-6.12956238,-6.57890987,0.425908625,-0.336227864,-6.87224579,-7.37747526,-6.31160402,-3.21367884,-8.53351116,-8.93232918,-6.17142057,-7.94092131,-6.09386158,-7.89385223,-8.87479496,-15.1166544]","[0.999026656,0.000586418144,3.15799625e-05,0.000296352024,5.59130662e-08,3.56749794e-08,3.93113514e-05,1.83453612e-05,2.6605413e-08,1.60528213e-08,4.66072834e-08,1.03244099e-06,5.05232389e-09,3.39067618e-09,5.36209228e-08,9.13797393e-09,5.79450976e-08,9.5783772e-09,3.59147356e-09,6.98984577e-12]",5.591306617702685e-08,9,-16.69849395751953,0,0
201,4,5.1332292556762695,1893.907470703125,7.217568397521973,1.5070768594741821,201,202,201,"[7.06830025,4.28491354,5.2282896,1.40406013,-4.32023621,-2.98423243,1.36711633,0.59059,-7.59080076,-7.25844526,-7.16436481,-3.54450011,-7.80865002,-8.95897293,-7.48475933,-7.39721632,-6.45732784,-8.30449581,-8.0287075,-13.1279259]","[0.813619614,0.0503050871,0.129215598,0.00282145478,9.2138871e-06,3.50479168e-05,0.00271912245,0.00125079916,3.49989108e-07,4.87971761e-07,5.36110065e-07,2.00143131e-05,2.8147798e-07,8.90974192e-08,3.8914223e-07,4.24743888e-07,1.0872169e-06,1.71435715e-07,2.25878182e-07,1.37819878e-09]",9.213887096848339e-06,9,-11.38853645324707,0,0,1,2,1,"[11.911088,1.75824571,-1.98927867,2.1212523,-6.66045237,-7.48169994,0.28740564,-0.0660256743,-6.74685669,-7.32744837,-5.62778997,-3.092875,-8.19667339,-8.23175049,-5.68408442,-8.10524845,-6.02914667,-7.35156727,-8.64913845,-15.5406885]","[0.999888539,3.89608213e-05,9.18542014e-07,5.60118424e-05,8.59872173e-09,3.78242904e-09,8.95056837e-06,6.28575117e-06,7.88695953e-09,4.41327686e-09,2.41497737e-08,3.04658613e-07,1.85038374e-09,1.78660442e-09,2.28278569e-08,2.02752526e-09,1.61661458e-08,4.30810143e-09,1.17695187e-09,1.19617771e-12]",8.598721734642822e-09,11,-18.57154083251953,0,0
202,4,6.229702949523926,1447.7310791015625,9.416311264038086,1.7245831489562988,202,203,202,"[6.94637918,4.23744011,5.46005058,1.25332558,-4.60468483,-3.24949718,1.46071923,0.438890606,-7.47358227,-7.31023407,-7.14140749,-3.84872198,-7.74535465,-8.86834145,-7.29886675,-7.29980421,-6.63748932,-8.24115753,-8.09242153,-13.3301458]","[0.768114388,0.0511621274,0.173748717,0.00258799898,7.39371535e-06,2.86690392e-05,0.00318444706,0.00114619755,4.19677804e-07,4.94148651e-07,5.85029625e-07,1.57461018e-05,3.19806134e-07,1.04035173e-07,4.99797636e-07,4.99329303e-07,9.68337986e-07,1.94788228e-07,2.26025534e-07,1.20072285e-09]",7.3937153501901776e-06,9,-11.551063537597656,0,0,2,3,2,"[12.8922815,0.441910535,-3.95626044,1.69563103,-6.85839558,-7.97704792,-0.00660570711,-0.107256547,-6.45413065,-6.88258171,-4.65094376,-3.01871061,-7.76479197,-7.36880636,-4.99623632,-8.06424522,-5.99254608,-6.74003696,-8.11927891,-15.5972519]","[0.99997735,3.91618187e-06,4.81683422e-08,1.3719763e-05,2.64472244e-09,8.64083138e-10,2.50077392e-06,2.26132192e-06,3.96232336e-09,2.58152166e-09,2.40472069e-08,1.23008263e-07,1.06840758e-09,1.58749247e-09,1.70257319e-08,7.91928245e-10,6.2865757e-09,2.97702574e-09,7.49523721e-10,4.23782889e-13]",2.64472244104752e-09,13,-19.75067710876465,0,0
203,4,6.683389663696289,267.51763916015625,10.957099914550781,1.9277385473251343,203,204,203,"[6.91939116,4.29979753,5.82784986,0.753821373,-4.72124004,-3.38128066,1.50468147,0.276600152,-7.5624299,-7.49338913,-7.2156477,-4.04120159,-7.72204494,-8.94921303,-7.24197817,-7.39398003,-6.72769642,-8.32852173,-8.23374939,-13.6144323]","[0.705989897,0.051418975,0.236999884,0.0014829468,6.21350728e-06,2.37286604e-05,0.00314209983,0.00092017639,3.6259641e-07,3.88514593e-07,5.12896008e-07,1.22651745e-05,3.09103399e-07,9.06047717e-08,4.99567193e-07,4.29121371e-07,8.3549503e-07,1.68544219e-07,1.85298944e-07,8.53242477e-10]",6.213507276697783e-06,9,-11.640630722045898,0,0,3,4,3,"[12.6780691,0.33306545,-5.12924957,1.71074772,-6.75487614,-8.44309139,-0.555329859,-0.256612659,-5.84417343,-6.21810961,-3.69736958,-2.51775336,-7.49362135,-6.83411264,-4.29935646,-7.64675188,-5.52540588,-6.09240532,-7.58117819,-15.3307562]","[0.999973774,4.35132415e-06,1.84657907e-08,1.72560522e-05,3.6338561e-09,6.7171646e-10,1.78976609e-06,2.41283533e-06,9.03400821e-09,6.21558849e-09,7.73082718e-08,2.51493447e-07,1.73593762e-09,3.35703865e-09,4.23435011e-08,1.48946666e-09,1.24256587e-08,7.04815672e-09,1.59041147e-09,6.85348046e-13]",3.63385610491207e-09,14,-19.432945251464844,0,0
204,4,5.6457719802856445,1230.163330078125,9.16348934173584,44.27825164794922,204,205,204,"[7.0331645,4.00584745,6.62518358,0.223366886,-4.80367374,-3.20978761,1.54196107,0.0552847199,-7.69526911,-7.647892,-7.32812452,-4.33800173,-7.74546623,-9.04310608,-7.29810047,-7.49294567,-6.70320415,-8.49607944,-8.27411938,-13.8511887]","[0.581512392,0.0281716231,0.386700809,0.000641359307,4.20615834e-06,2.07062421e-05,0.00239750603,0.000542130903,2.33389613e-07,2.44712936e-07,3.36923137e-07,6.7007627e-06,2.21963191e-07,6.06350881e-08,3.47192156e-07,2.85725946e-07,6.29404781e-07,1.04783815e-07,1.30824859e-07,4.94994323e-10]",4.206158337183297e-06,9,-11.836837768554688,0,0,4,5,4,"[11.9785976,1.51069224,-2.538306,2.07589006,-7.85150528,-9.1478014,-1.18619788,-2.39262605,-5.81546783,-5.87599897,-2.7006557,-1.46665955,-7.75959539,-6.94605923,-4.39758587,-7.99526072,-4.74574375,-6.0358367,-7.51318741,-15.3490715]","[0.999916553,2.84321941e-05,4.95852532e-07,5.00348142e-05,2.44264009e-09,6.68166744e-10,1.91675053e-06,5.73615296e-07,1.87111002e-08,1.76120842e-08,4.21545963e-07,1.44798071e-06,2.67778244e-09,6.04073991e-09,7.72463622e-08,2.11557061e-09,5.45348549e-08,1.50104658e-08,3.42601325e-09,1.35427813e-12]",2.442640090194459e-09,17,-19.830102920532227,0,0
205,4,2.4476373195648193,950.7069091796875,5.184075355529785,4.73956298828125,205,206,205,"[6.16998005,4.84603643,7.03909683,1.76672149,-4.30872679,-2.38477421,0.276348203,-0.0390866436,-6.64412451,-6.92200518,-7.30801964,-3.46046853,-7.5385294,-8.86464691,-7.32446814,-6.71762609,-5.85932159,-8.31668377,-8.17585659,-13.3587208]","[0.272613436,0.072538048,0.650129497,0.00333607825,7.66836001e-06,5.25127907e-05,0.000751580403,0.000548256503,7.42082364e-07,5.62044249e-07,3.8205539e-07,1.79100462e-05,3.03401464e-07,8.05548552e-08,3.75822424e-07,6.89494527e-07,1.62662673e-06,1.39337985e-07,1.60409456e-07,9.00202579e-10]",7.668360012758058e-06,9,-11.347824096679688,2,2,5,6,5,"[11.3540554,4.58496094,5.88098669,0.531649947,-6.1532135,-5.49413681,-0.397825271,-0.224340245,-9.83951855,-8.29784012,-8.10923004,-4.79460382,-9.79234314,-10.8829594,-8.65493107,-9.70896435,-7.69651937,-10.5173769,-11.2275553,-15.8968134]","[0.994644523,0.00114258227,0.00417584507,1.98406888e-05,2.47946765e-08,4.79282782e-08,7.83233008e-06,9.31610703e-06,6.21464158e-10,2.90374791e-09,3.50647911e-09,9.64705009e-08,6.51485144e-10,2.189047e-10,2.03177253e-09,7.0813333e-10,5.29795408e-09,3.15518695e-10,1.5509527e-10,1.45467362e-12]",2.479467653415668e-08,9,-17.50726890563965,0,0
206,4,4.338133335113525,135.41116333007812,5.679238796234131,5.795947551727295,206,207,206,"[7.52345037,4.55005312,6.07819891,1.70458913,-4.75215054,-2.92413139,0.338130921,-0.200669274,-7.38744307,-7.22294664,-7.99650049,-3.55007672,-7.83449793,-8.86494446,-7.4993062,-7.32264948,-6.31411362,-8.87418175,-8.44869328,-13.6983757]","[0.774569929,0.0396032296,0.182555914,0.00230123731,3.61272691e-06,2.24767391e-05,0.000586835085,0.000342387677,2.59025114e-07,3.05338659e-07,1.40874249e-07,1.20195673e-05,1.65648856e-07,5.91113682e-08,2.31611622e-07,2.76363949e-07,7.57674627e-07,5.85678492e-08,8.96286778e-08,4.70477046e-10]",3.612726914070663e-06,9,-12.27560043334961,0,0,6,7,6,"[13.1307364,4.90884638,0.398960292,1.72123742,-6.70858288,-4.43162918,-1.62165809,-0.905775845,-9.02200508,-7.75945139,-8.37124825,-4.48365974,-9.28978443,-10.0381479,-8.15554333,-8.48804474,-7.5697093,-9.47258759,-11.0840654,-15.7901487]","[0.999716103,0.000268630567,2.95485756e-06,1.1086493e-05,2.4197464e-09,2.35851516e-08,3.91735625e-07,8.01487602e-07,2.39366249e-10,8.46025083e-10,4.58862975e-10,2.23893384e-08,1.83133689e-10,8.66479111e-11,5.69328473e-10,4.08281575e-10,1.02279252e-09,1.52538079e-10,3.04454136e-11,2.75230088e-13]",2.4197464032482685e-09,9,-19.839319229125977,0,0
207,4,2.5840542316436768,96.0466537475586,4.031402111053467,8.777137756347656,207,208,207,"[7.0817008,5.17049837,4.62720966,1.40851831,-5.5101757,-2.81029773,0.171441883,0.520400107,-7.00987911,-7.72150087,-7.85024643,-2.93982935,-7.6482482,-9.57059383,-7.5245409,-7.06885815,-6.5795188,-8.68275928,-7.61999607,-14.214591]","[0.806607068,0.119299158,0.0692931116,0.00277223601,2.74207514e-06,4.07963962e-05,0.000804590294,0.00114057888,6.12021665e-07,3.00409198e-07,2.64118938e-07,3.58398975e-05,3.23240698e-07,4.7278288e-08,3.6580704e-07,5.76969114e-07,9.411728e-07,1.14879946e-07,3.32503646e-07,4.54777938e-10]",2.7420751393947285e-06,9,-12.591876983642578,0,1,7,8,7,"[11.1131029,5.36836481,2.57685399,-1.66053188,-7.78265572,-3.39628649,-1.33332717,1.70890522,-9.45495033,-9.28192139,-8.65161228,-3.87465382,-8.88341618,-10.8203821,-8.86487103,-8.9214344,-7.26629448,-10.2009745,-9.85135174,-16.893568]","[0.996526301,0.00318845804,0.000195543267,2.8246825e-06,6.19675955e-09,4.97898952e-07,3.91807589e-06,8.2091392e-05,1.16384813e-09,1.38370237e-09,2.59885002e-09,3.08594878e-07,2.06115214e-09,2.97095765e-10,2.09973705e-09,1.98426342e-09,1.03852624e-08,5.51952539e-10,7.82963971e-10,6.84456235e-13]",6.1967595499368144e-09,10,-18.89575958251953,0,0
208,4,3.962028741836548,174.3107147216797,4.970270156860352,2.5533499717712402,208,209,208,"[7.04387474,5.21472216,4.27886963,1.41639543,-4.42428493,-2.38114977,0.711740375,0.408101648,-7.64593744,-7.56066895,-7.12555742,-2.93743443,-8.02004242,-9.51372051,-7.68870306,-7.19895315,-6.47810841,-8.29978561,-7.64672899,-13.0406895]","[0.81277293,0.130490318,0.0511850081,0.00292405882,8.49984735e-06,6.55742479e-05,0.00144530088,0.00106681604,3.39051013e-07,3.69229582e-07,5.70509997e-07,3.75959789e-05,2.33234687e-07,5.23717851e-08,3.24856643e-07,5.30136219e-07,1.09005134e-06,1.76320256e-07,3.38782741e-07,1.53940816e-09]",8.499847353959922e-06,9,-11.468159675598145,0,0,8,9,8,"[11.9563417,5.25601006,-0.691400409,-2.20015764,-7.74123383,-3.10007071,0.0533140972,0.630208731,-9.27677917,-9.63246059,-6.75849771,-2.94845414,-9.81629181,-11.0929899,-8.58255291,-9.20618916,-7.55724669,-9.99430847,-8.80389595,-17.2686939]","[0.998747587,0.00122896256,3.21078392e-06,7.10175982e-07,2.78552426e-09,2.88761186e-07,6.76139871e-06,1.20386785e-05,5.99829852e-10,4.20298685e-10,7.44224593e-09,3.36035583e-07,3.49720225e-10,9.75569486e-11,1.20095622e-09,6.43702758e-10,3.34820616e-09,2.92690816e-10,9.62497193e-10,2.02854416e-13]",2.7855242556995563e-09,11,-19.697574615478516,0,0
209,4,3.0279011726379395,5321.46923828125,4.008397579193115,1.6144052743911743,209,210,209,"[6.72152996,5.24588585,4.36455774,2.18662763,-4.49015474,-2.17957306,0.535401702,0.317095965,-7.36012125,-7.05900621,-7.10878277,-3.04376698,-7.74787951,-9.20271111,-7.43738747,-6.96093607,-6.24271154,-8.20225334,-7.67484283,-12.634347]","[0.747387707,0.170876324,0.070782505,0.00801793952,1.01012092e-05,0.000101823032,0.00153795863,0.00123633316,5.72746842e-07,7.73990052e-07,7.3640615e-07,4.29073189e-05,3.88652495e-07,9.07268713e-08,5.30159127e-07,8.53742108e-07,1.7508429e-06,2.46734146e-07,4.18100512e-07,2.93356317e-09]",1.0101209227286745e-05,9,-11.211685180664062,0,1,9,10,9,"[10.6106253,5.06084871,0.356160164,-0.25571236,-6.44970417,-3.48396587,-0.21138832,0.829017401,-8.39986992,-8.63939667,-7.10951471,-3.35163069,-9.01396084,-10.638237,-8.24176788,-8.23796749,-6.8154583,-9.78987598,-8.42268085,-16.1140499]","[0.995995402,0.00387275452,3.50590199e-05,1.90137071e-05,3.88195431e-08,7.53449513e-07,1.98754242e-05,5.62547393e-05,5.52210411e-09,4.34588898e-09,2.00677253e-08,8.60056161e-07,2.9881877e-09,5.88834592e-10,6.46794973e-09,6.49258336e-09,2.6928106e-08,1.37541012e-09,5.39756062e-09,2.46535127e-12]",3.88195431355598e-08,9,-17.06032943725586,0,0
210,4,2.5233635902404785,380.4917907714844,4.199084758758545,3.3423566818237305,210,211,210,"[6.61079931,5.50971174,4.22972631,2.75126529,-4.60011435,-2.20683813,0.316682816,0.196635172,-7.24489498,-6.71670198,-7.11127996,-3.38085961,-7.70485306,-9.00920296,-7.33458996,-6.88284492,-6.07882595,-8.20035267,-7.83592319,-12.5187998]","[0.68977797,0.229357556,0.0637708828,0.0145390127,9.32977946e-06,0.000102154627,0.0012741168,0.00112998649,6.62609978e-07,1.12369662e-06,7.5733152e-07,3.15781654e-05,4.1831197e-07,1.13508484e-07,6.05764626e-07,9.51686502e-07,2.12654868e-06,2.54863693e-07,3.66925264e-07,3.39492523e-09]",9.329779459221754e-06,9,-11.21091365814209,0,0,10,11,10,"[9.2530241,5.94384432,0.0306414235,0.36354515,-5.2244978,-3.81621218,-0.741784096,0.72230953,-7.38608265,-7.81501198,-6.92604399,-3.82555628,-8.60460377,-10.0084591,-7.77545261,-7.68782568,-5.65438652,-8.90916729,-7.96620417,-15.195015]","[0.964291275,0.0352411196,9.52748815e-05,0.000132909699,4.97393785e-07,2.03381228e-06,4.40066433e-05,0.000190268023,5.72711656e-08,3.72953579e-08,9.07253153e-08,2.01489638e-06,1.6933198e-08,4.15961132e-09,3.88002732e-08,4.23536548e-08,3.23595202e-07,1.24873063e-08,3.20621147e-08,2.32573041e-11]",4.973937848262722e-07,9,-14.477521896362305,0,0
211,4,2.206686496734619,73.20842742919922,3.5696139335632324,2.1681900024414062,211,212,211,"[7.73926115,4.45084667,5.10526896,1.17126119,-2.25279856,-3.44118404,1.58172846,-0.959298253,-8.29222202,-6.86071444,-7.81733656,-3.06935787,-7.79618168,-9.27450752,-7.49741411,-7.70429897,-6.12467957,-8.94877911,-8.87459087,-13.139451]","[0.898573041,0.0335284248,0.0645097196,0.0012621393,4.11203655e-05,1.25299093e-05,0.00190270261,0.00014990526,9.79871047e-08,4.10076183e-07,1.57546552e-07,1.81731411e-05,1.60914979e-07,3.66916559e-08,2.16944869e-07,1.76400846e-07,8.56091617e-07,5.08194304e-08,5.47330146e-08,7.6920853e-10]",4.11203654948622e-05,7,-9.992059707641602,0,0,11,12,11,"[11.3088751,2.79126024,3.08417416,-1.36825562,-2.29291272,-6.19956017,1.96800244,-1.41493273,-9.30752087,-8.61450863,-7.45344353,-3.74228597,-9.20141125,-9.81507206,-7.82987976,-9.30097866,-6.77180481,-9.22510147,-9.27368927,-15.4528751]","[0.999437034,0.000199803049,0.000267801632,3.1199495e-06,1.23758241e-06,2.48850807e-08,8.7713408e-05,2.97766701e-06,1.11216525e-09,2.22403007e-09,7.10206161e-09,2.90482092e-07,1.2366651e-09,6.69486466e-10,4.87415619e-09,1.11946497e-09,1.40415661e-08,1.20770904e-09,1.15043186e-09,2.38383076e-12]",1.2375824098853627e-06,7,-13.601787567138672,0,0
212,4,2.5697813034057617,262.1217346191406,4.439019680023193,1.7776824235916138,212,213,212,"[7.71534109,4.19665194,5.28613234,3.12504506,-4.53796482,-2.16808224,0.84781301,-0.145394295,-7.55374527,-6.20823002,-7.83934355,-3.82922506,-7.92431259,-8.11149216,-7.49743509,-7.54374552,-6.40930462,-8.86056137,-8.70906925,-12.6591787]","[0.885434031,0.0262427237,0.0780125111,0.00898702722,4.22292396e-06,4.51689702e-05,0.000921778788,0.000341414707,2.06955065e-07,7.94742277e-07,1.5554015e-07,8.57856867e-06,1.42869894e-07,1.18481253e-07,2.18943185e-07,2.09035051e-07,6.49981075e-07,5.60187061e-08,6.51816947e-08,1.25491662e-09]",4.222923962515779e-06,9,-12.253305435180664,0,0,12,13,12,"[12.1543608,2.88032627,3.42553568,1.07420468,-4.44245815,-4.46777868,-0.659329295,-0.107103214,-8.83864784,-7.25746918,-8.30484962,-4.7283659,-9.21203899,-9.0660696,-7.96380901,-9.59444332,-5.79398775,-10.1827068,-9.70440102,-14.5394688]","[0.999721229,9.38030425e-05,0.000161807475,1.54109075e-05,6.19401206e-08,6.03914785e-08,2.72247553e-06,4.72925512e-06,7.63363761e-10,3.71046127e-09,1.30183853e-09,4.65375933e-08,5.2549598e-10,6.08083361e-10,1.83091764e-09,3.58503449e-10,1.60328231e-08,1.99073813e-10,3.21173504e-10,2.55209287e-12]",6.194012058813314e-08,7,-16.596818923950195,0,0
213,4,3.052382469177246,300.847900390625,5.080545902252197,1.9200721979141235,213,214,213,"[7.40408659,4.41448164,5.16540146,3.2223947,-4.30715179,-2.28008819,0.812522173,-0.313595712,-7.49870205,-5.95460796,-7.66576719,-3.53547311,-7.82948208,-8.07764339,-7.37982225,-7.39798355,-6.08789921,-8.76554108,-8.58323383,-12.3309078]","[0.851724565,0.0428479686,0.0907926187,0.0130080851,6.98510257e-06,5.30292673e-05,0.00116847444,0.000378924189,2.87144502e-07,1.34490642e-06,2.42965626e-07,1.51115382e-05,2.06274009e-07,1.60942037e-07,3.23391902e-07,3.17571534e-07,1.17707577e-06,8.08944804e-08,9.7072089e-08,2.28823049e-09]",6.985102572798496e-06,9,-11.711238861083984,0,0,13,14,13,"[12.4846325,2.04554391,1.91612053,0.995570898,-4.0267868,-4.63791513,-0.747579157,0.0660215318,-8.78926563,-7.24060535,-7.63185263,-4.05479908,-9.02793312,-8.78231621,-7.47151279,-9.42765903,-6.02858448,-9.61837673,-9.25999832,-14.3759689]","[0.999928713,2.9263776e-05,2.57112151e-05,1.02407812e-05,6.74763498e-08,3.66219339e-08,1.79181166e-06,4.04235971e-06,5.76543535e-10,2.71273093e-09,1.83438442e-09,6.56122268e-08,4.54130317e-10,5.80564596e-10,2.15340079e-09,3.04495817e-10,9.11550302e-09,2.51625443e-10,3.60078078e-10,2.16052306e-12]",6.747634984094475e-08,7,-16.51141929626465,0,0
214,4,5.148730278015137,759.708984375,6.668254852294922,4.282928466796875,214,215,214,"[7.62879944,4.5728569,4.51558018,2.91277695,-4.1330657,-2.47324586,0.700916231,-0.325335473,-7.64467001,-6.0495944,-7.65088987,-3.26462054,-7.87799072,-8.25880527,-7.47767258,-7.37056494,-5.7721343,-8.82781887,-8.41498566,-12.6075745]","[0.907532036,0.0427250899,0.0403467007,0.0081230551,7.07536083e-06,3.72048489e-05,0.000889447925,0.000318731676,2.11192386e-07,1.04090429e-06,2.0988287e-07,1.6862039e-05,1.67243243e-07,1.1427818e-07,2.49576971e-07,2.77792537e-07,1.37375787e-06,6.46909939e-08,9.77540182e-08,1.47678214e-09]",7.0753608270024415e-06,9,-11.761865615844727,0,0,14,15,14,"[14.2970543,-1.02148616,-1.93803215,-0.216697097,-4.15286684,-4.14710808,-0.412652373,1.06805313,-8.36280251,-7.12850046,-6.76613474,-3.30399227,-7.87377453,-7.37452126,-6.6619339,-8.88113594,-6.36241341,-8.95764351,-8.09589672,-13.9298687]","[0.99999702,2.22454432e-07,8.89592471e-08,4.97458359e-07,9.71180558e-09,9.76790915e-09,4.08935108e-07,1.79769734e-06,1.44194531e-10,4.95447794e-10,7.11821824e-10,2.26966055e-08,2.35141712e-10,3.87394866e-10,7.89997678e-10,8.58695962e-11,1.06587605e-09,7.9544947e-11,1.88305607e-10,5.51064782e-13]",9.711805581957833e-09,9,-18.449920654296875,0,0
215,4,6.209445953369141,924.1155395507812,7.670350074768066,5.873546123504639,215,216,215,"[7.60407209,4.92999172,4.13534403,2.5037024,-3.86310291,-2.56523252,0.579684854,-0.2847642,-7.68661737,-6.17222166,-7.65124941,-3.1879375,-7.919734,-8.5814867,-7.5588398,-7.41249228,-5.64969444,-8.87074852,-8.20596218,-12.7747269]","[0.902885795,0.0622722358,0.0281308834,0.00550262956,9.4515317e-06,3.46067063e-05,0.000803489413,0.000338496902,2.06524092e-07,9.38998483e-07,2.13959169e-07,1.85661866e-05,1.63579799e-07,8.43983869e-08,2.3467328e-07,2.71657797e-07,1.58341572e-06,6.31988186e-08,1.22863369e-07,1.27418798e-09]",9.451531695958693e-06,9,-11.467174530029297,0,0,15,16,15,"[14.950263,-2.25684953,-3.53500628,-0.721424818,-4.2656827,-4.25555229,-0.189601094,1.38781154,-8.20385742,-7.07904482,-6.15516758,-3.41028476,-7.1836071,-6.89146185,-5.86128902,-8.7615881,-6.54193878,-8.27089596,-7.87708855,-13.9065247]","[0.999998212,3.36546329e-08,9.37451183e-09,1.56268541e-07,4.51460602e-09,4.56057103e-09,2.65974393e-07,1.28795728e-06,8.79615547e-11,2.70889505e-10,6.82381429e-10,1.06197557e-08,2.4399513e-10,3.26782545e-10,9.15497234e-10,5.03585403e-11,4.63505623e-10,8.22579782e-11,1.21956792e-10,2.9353237e-13]",4.514606022354428e-09,9,-19.215946197509766,0,0
216,4,6.676374912261963,838.4927978515625,8.461137771606445,10.091256141662598,216,217,216,"[7.75551033,5.28569746,3.46845889,1.99553084,-3.89579129,-2.45940304,0.335406214,-0.181481704,-7.74696636,-6.42022467,-7.65580416,-3.21446991,-7.91509533,-8.84957695,-7.61844873,-7.45608377,-5.82693672,-8.8762455,-8.09555721,-13.071764]","[0.907013416,0.0767339617,0.0124672605,0.00285815983,7.89801197e-06,3.32149211e-05,0.000543379807,0.000324057444,1.67870212e-07,6.3266009e-07,1.83892766e-07,1.56103197e-05,1.4189142e-07,5.57334516e-08,1.90892081e-07,2.24544337e-07,1.14506963e-06,5.42667671e-08,1.1846295e-07,8.17416468e-10]",7.89801197242923e-06,9,-11.651301383972168,0,0,16,17,16,"[15.0307255,-3.17544031,-3.98282838,-1.38891673,-4.03876495,-4.39379406,0.311328143,1.64989662,-7.97779369,-6.98276567,-5.54223394,-3.6526823,-6.98306322,-6.51070309,-5.33184338,-8.64297962,-6.76938725,-7.65865135,-7.7649641,-13.8006411]","[0.999997973,1.23925874e-08,5.52735946e-09,7.3967243e-08,5.22666488e-09,3.66468855e-09,4.04991567e-07,1.54446832e-06,1.01747985e-10,2.75208328e-10,1.16218735e-09,7.68949437e-09,2.75126477e-10,4.41240267e-10,1.43432455e-09,5.23166614e-11,3.40667633e-10,1.39999984e-10,1.25879931e-10,3.01089855e-13]",5.2266648786769565e-09,8,-19.069490432739258,0,0
217,4,5.8325300216674805,412.18048095703125,7.455477714538574,8.761392593383789,217,218,217,"[7.46039009,5.6403842,3.68175888,2.00162482,-3.77662539,-2.88824511,0.332906306,-0.220292494,-7.69636536,-6.57555866,-7.55401278,-3.18668938,-7.91073799,-9.05834389,-7.68893385,-7.45556211,-5.90086555,-8.83985233,-7.99651527,-13.2358913]","[0.840000868,0.136100963,0.0191973392,0.00357740372,1.10689452e-05,2.69106877e-05,0.000674299488,0.000387794513,2.1967692e-07,6.7382183e-07,2.53283901e-07,1.99669557e-05,1.77289735e-07,5.62710092e-08,2.21315446e-07,2.79488404e-07,1.3230009e-06,7.00123692e-08,1.6271629e-07,8.62976357e-10]",1.1068945241277106e-05,9,-11.237015724182129,0,1,17,18,17,"[14.9158678,-1.33166611,-2.6654284,-1.45524979,-4.03131151,-5.34336042,-0.0622904524,1.70977664,-8.44456291,-7.6652894,-6.18555069,-3.73717117,-8.2690115,-8.02991772,-6.40269279,-9.20464802,-7.23324108,-8.75154209,-8.47888947,-15.2145557]","[0.999997616,8.78586874e-08,2.31493456e-08,7.76448275e-08,5.9066787e-09,1.59047964e-09,3.12656596e-07,1.83935924e-06,7.15637688e-11,1.56000796e-10,6.85123624e-10,7.92659538e-09,8.52970125e-11,1.08335535e-10,5.51399204e-10,3.34650953e-11,2.4030522e-10,5.26469805e-11,6.91487909e-11,8.21339456e-14]",5.906678701705914e-09,8,-18.947179794311523,0,0
218,4,3.5097179412841797,118.11653137207031,5.715232849121094,65.0999755859375,218,219,218,"[7.3506918,6.41559267,3.58535576,1.6767745,-4.12557602,-3.25292039,-0.0169933438,-0.203934729,-7.77964687,-7.00747585,-7.59650469,-3.50013161,-7.90539742,-9.4169054,-7.81870079,-7.46066141,-6.14347935,-8.89693165,-8.13294888,-13.9700966]","[0.704049528,0.276372492,0.0163056664,0.00241797743,7.30337206e-06,1.74788602e-05,0.000444486039,0.00036869786,1.89051704e-07,4.09194939e-07,2.2704819e-07,1.36505596e-05,1.66712383e-07,3.67729349e-08,1.81810819e-07,2.60084249e-07,9.70865699e-07,6.18514733e-08,1.32783327e-07,3.87348625e-10]",7.303372058231616e-06,9,-11.47626781463623,0,0,18,19,18,"[13.0659246,5.06245995,0.190950021,-2.09543252,-4.50344944,-6.30660391,-1.12325954,0.197107092,-9.13672256,-9.12277603,-7.45254326,-4.03459644,-10.2142668,-11.4221859,-9.00372028,-9.35765362,-7.64011192,-10.2581778,-9.4623785,-18.0122318]","[0.999659777,0.000334188633,2.56048338e-06,2.60230735e-07,2.34190889e-08,3.85895937e-09,6.87967372e-07,2.57629677e-06,2.27700844e-10,2.30898731e-10,1.22686072e-09,3.74274549e-08,7.75162434e-11,2.31633462e-11,2.60092142e-10,1.82563978e-10,1.01703335e-09,7.41860809e-11,1.64412053e-10,3.18259077e-14]",2.3419088890364037e-08,8,-17.569374084472656,0,0
219,4,4.9728474617004395,355.07220458984375,5.766934871673584,3.488933801651001,219,220,219,"[11.0816708,1.6529218,4.83172846,1.6566813,-4.77971458,-4.76725197,1.12867606,-1.45484352,-8.87490845,-7.60145903,-7.75902462,-4.27980995,-7.88233805,-8.8024931,-7.11160851,-9.08076286,-6.87786722,-9.09923744,-9.88257313,-15.9358292]","[0.997861326,8.02077775e-05,0.00192643655,8.05098753e-05,1.28990607e-07,1.30608214e-07,4.7483165e-05,3.58534726e-06,2.14801421e-09,7.67521602e-09,6.55632615e-09,2.12649255e-07,5.7957017e-09,2.30934027e-09,1.25264901e-08,1.74838288e-09,1.58249431e-08,1.71637859e-09,7.8417739e-10,1.84296979e-12]",1.2899060664040007e-07,9,-15.861385345458984,0,0,19,20,19,"[14.9452066,-4.1140132,4.27982092,0.353815585,-4.62985468,-5.79351377,1.66871428,-5.3977108,-8.49980545,-6.68220568,-5.46083546,-3.28606844,-6.24211502,-7.14092207,-5.03730488,-9.36927891,-5.6833601,-7.64930773,-8.42350674,-14.9308519]","[0.999974489,5.28050093e-09,2.33383944e-05,4.6028677e-07,3.15244564e-09,9.84639592e-10,1.71427962e-06,1.46275536e-09,6.57582044e-11,4.04877576e-10,1.37327727e-09,1.20850201e-08,6.28713026e-10,2.55920646e-10,2.09746776e-09,2.75640379e-11,1.09929987e-09,1.53927648e-10,7.09717771e-11,1.0592107e-13]",3.152445637866208e-09,7,-19.575061798095703,0,0
220,4,4.729511737823486,355.30718994140625,6.527056694030762,61.62136459350586,220,221,220,"[10.245616,2.4427135,3.43189025,2.55151963,-5.92603731,-3.46995282,1.0612936,-0.0394128449,-8.12211037,-6.99918556,-7.57016277,-4.19326782,-8.03876305,-8.26987743,-7.4993248,-8.35517216,-6.69388294,-8.78345776,-9.2904768,-14.2977238]","[0.997903109,0.00040769091,0.00109628891,0.00045455317,9.45863405e-08,1.10278961e-06,0.00010242073,3.40688348e-05,1.05217168e-08,3.23419869e-08,1.82722975e-08,5.35008724e-07,1.14362564e-08,9.07634412e-09,1.96136352e-08,8.33429237e-09,4.38891838e-08,5.43082557e-09,3.27092264e-09,2.18802251e-11]",9.458634053771675e-08,9,-16.171653747558594,0,0,20,21,20,"[16.7726727,-2.04858518,0.450483501,-0.954773664,-6.25841999,-5.73012686,1.7316885,-2.468086,-11.0606203,-7.38515139,-6.18264198,-4.24410629,-8.26569843,-7.50587559,-7.10785866,-10.6516676,-6.78858042,-8.41330338,-9.70043373,-15.2323914]","[0.999999642,6.69932598e-09,8.15385661e-08,2.00017531e-08,9.94770724e-11,1.6871668e-10,2.93618513e-07,4.40397052e-09,8.16871798e-13,3.22396554e-11,1.07308315e-10,7.45639162e-10,1.3365125e-11,2.8573267e-11,4.25419006e-11,1.22959086e-12,5.85433924e-11,1.15310652e-11,3.1832874e-12,1.26001682e-14]",9.947707241275694e-11,10,-23.03109359741211,0,0
221,4,4.586000919342041,247.45281982421875,5.353786468505859,92.25765991210938,221,222,221,"[12.3600855,1.37168467,1.99759436,0.184765369,-6.01630545,-3.81085825,1.33315098,-0.0159320869,-9.11590481,-8.17261124,-7.83024645,-4.3752532,-8.24993324,-8.77860737,-7.71622896,-8.89714718,-7.31818295,-9.24116135,-9.41888905,-15.2629747]","[0.999925733,1.68953065e-05,3.15932884e-05,5.15577085e-06,1.0452081e-08,9.48453263e-08,1.6256643e-05,4.21824325e-06,4.71046369e-10,1.209847e-09,1.70379677e-09,5.3938976e-08,1.11982656e-09,6.60009325e-10,1.90956717e-09,5.86231175e-10,2.84317991e-09,4.15589951e-10,3.47919915e-10,1.00791782e-12]",1.0452080978495815e-08,9,-18.37639045715332,0,0,21,22,21,"[17.3404694,-3.87595057,-3.35619235,-3.52825189,-4.81844568,-5.42052269,2.05635953,-1.48578918,-10.8165321,-7.67266464,-5.09192467,-3.5743947,-6.84210014,-6.62253666,-5.74791813,-10.245162,-7.34580564,-7.00872564,-8.26610851,-14.2703362]","[0.999999762,6.10697437e-10,1.02696163e-09,8.64628424e-10,2.37960901e-10,1.30324682e-10,2.30247679e-07,6.66591937e-09,5.90975511e-13,1.37067285e-11,1.81023502e-10,8.25638669e-10,3.14516468e-11,3.91741015e-11,9.39379408e-11,1.04643442e-12,1.90058212e-11,2.66243277e-11,7.57188496e-12,1.86896634e-14]",2.3796090098393563e-10,8,-22.15891456604004,0,0
222,4,5.896742820739746,2113.25390625,7.674708366394043,25.07131576538086,222,223,222,"[10.8449631,2.18729186,2.66858125,-0.17178902,-5.11468744,-3.39044595,1.47939205,0.126734778,-8.72510719,-8.02248383,-7.4884243,-4.55934763,-8.16042614,-8.94558239,-7.62392282,-8.44611073,-7.31669664,-8.90997028,-9.14786243,-14.7139959]","[0.999420166,0.000173687833,0.000281054468,1.64147168e-05,1.17100882e-07,6.56732652e-07,8.55721155e-05,2.21248683e-05,3.1664642e-09,6.39322506e-09,1.09058407e-08,2.04052157e-07,5.56944668e-09,2.53993715e-09,9.5238617e-09,4.18544488e-09,1.2949104e-08,2.63202482e-09,2.07479278e-09,7.9365698e-12]",1.1710088188010559e-07,9,-15.959650039672852,0,0,22,23,22,"[15.9273634,-4.27739096,-5.00612736,-4.47876596,-3.89767051,-5.07752705,2.73326516,-0.0897678286,-9.64292908,-7.17885685,-4.81823444,-3.18295717,-5.78549242,-5.89905453,-5.23909569,-9.25008965,-7.39598656,-6.55262136,-7.07729292,-13.3292761]","[0.999997973,1.67952308e-09,8.10400302e-10,1.37318656e-09,2.45525511e-09,7.54555363e-10,1.86155114e-06,1.10623439e-07,7.85168111e-12,9.22773663e-11,9.77913528e-10,5.01755526e-09,3.71728176e-10,3.31822847e-10,6.41981246e-10,1.16297336e-11,7.42671133e-11,1.72610023e-10,1.0214192e-10,1.96789565e-13]",2.4552551103340647e-09,5,-19.82503318786621,0,0
223,4,6.019920825958252,119.96646881103516,8.319792747497559,6.119390964508057,223,224,223,"[10.2431097,2.23006701,3.61845231,-0.863686085,-4.27891731,-3.1032939,1.45762038,0.133860275,-8.50139999,-8.06846046,-7.43886137,-4.80777645,-8.09654045,-8.93862152,-7.6532259,-8.03187561,-7.04105234,-9.01478577,-9.04454708,-14.7208681]","[0.998134077,0.000330497918,0.00132475828,1.49819707e-05,4.92439256e-07,1.59558238e-06,0.00015265093,4.06254112e-05,7.22023508e-09,1.11320562e-08,2.08932391e-08,2.90183067e-07,1.08238165e-08,4.66303218e-09,1.6861998e-08,1.15468408e-08,3.11009245e-08,4.3210644e-09,4.19437018e-09,1.43704736e-11]",4.924392555949453e-07,8,-14.522027015686035,0,0,23,24,23,"[14.9113703,-3.83297133,-4.70134068,-6.14891911,-2.23536634,-4.82849979,3.61371994,-0.245156229,-8.91856384,-7.61297464,-5.37943554,-3.21618295,-6.1988163,-6.46043205,-5.34119606,-8.30404568,-7.15624189,-6.52159882,-6.36907816,-13.355732]","[0.999987364,7.23485538e-09,3.03599834e-09,7.1388162e-10,3.57488119e-08,2.67348077e-09,1.24018743e-05,2.61576474e-07,4.47492772e-11,1.65118461e-10,1.54102442e-09,1.34059839e-08,6.79135637e-10,5.22803245e-10,1.60109204e-09,8.2730843e-11,2.60706873e-10,4.91784391e-10,5.7281313e-10,5.29356723e-13]",3.5748811910707445e-08,4,-17.14673614501953,0,0
224,4,5.979499816894531,2120.350341796875,12.482795715332031,5.703003883361816,224,225,224,"[8.55059242,2.26620841,7.62184906,-1.4433465,-2.18881059,-2.31038952,1.2866348,-0.656086385,-8.11620045,-7.49922323,-7.41110277,-4.55690527,-8.27059364,-8.63029957,-7.99956131,-7.83025885,-6.07241917,-9.53076935,-8.18219852,-14.0632935]","[0.715407193,0.00133438187,0.282621503,3.26769114e-05,1.55056496e-05,1.37305769e-05,0.000501021859,7.18031806e-05,4.1329173e-08,7.65961161e-08,8.36522034e-08,1.45224271e-06,3.54164484e-08,2.47164635e-08,4.64422101e-08,5.50097674e-08,3.19050969e-07,1.00442534e-08,3.8689592e-08,1.08010864e-10]",1.550564957142342e-05,7,-10.739402770996094,0,2,24,25,24,"[3.43420053,-4.80345678,12.7518005,-8.63283157,10.2939854,-0.0739782378,0.26673612,-3.18178129,-3.32381392,-4.08054018,-1.43295825,0.60789156,-5.80630541,-4.2328124,-2.43366313,-4.66204882,-0.289191782,-3.60987711,0.134508774,-9.34997177]","[8.27362237e-05,2.18839862e-08,0.921039045,4.75390283e-10,0.078861028,2.47806679e-06,3.48404228e-06,1.10767203e-07,9.61008411e-08,4.50905553e-08,6.36671473e-07,4.90055345e-06,8.02777578e-09,3.87216765e-08,2.34053346e-07,2.52080685e-08,1.99823626e-06,7.21924707e-08,3.05251615e-06,2.32060024e-10]",0.07886102795600891,2,-2.457815170288086,2,2
225,4,5.5632734298706055,312.2692565917969,8.742228507995605,7.95305061340332,225,226,225,"[7.71453094,1.65727508,10.108449,-1.44397736,-1.09922957,-1.80800164,1.43516624,-1.4520092,-7.81936646,-7.29355097,-7.53603935,-4.17764711,-8.20230389,-8.82558537,-7.89865589,-7.5207653,-5.47262955,-9.55915642,-7.46185017,-13.8494816]","[0.0836050957,0.000195704139,0.916005611,8.80527932e-06,1.24298267e-05,6.11856331e-06,0.000156725378,8.73483987e-06,1.49950257e-08,2.53691166e-08,1.99064498e-08,5.72170734e-07,1.0224432e-08,5.4821685e-09,1.38520058e-08,2.02128341e-08,1.56719025e-07,2.6324809e-09,2.14395168e-08,3.60662229e-11]",1.2429826711013447e-05,5,-11.20767879486084,2,2,25,26,25,"[0.80934757,-5.54144621,15.070735,-4.54917526,7.6429987,1.04334736,-0.672306836,-2.77913904,-1.18595743,-1.96257472,-0.871208549,1.19162142,-3.98981571,-2.84457541,-1.19901597,-1.5984304,1.23148847,-3.27930951,0.648932934,-6.94733572]","[6.39878976e-07,1.11682086e-09,0.999401212,3.01245606e-09,0.000594175828,8.08579728e-07,1.45419818e-07,1.76863377e-08,8.70057306e-08,4.00191027e-08,1.19190574e-07,9.37815912e-07,5.27045207e-09,1.65660747e-08,8.58770264e-08,5.75988288e-08,9.75958642e-07,1.07254845e-08,5.45042781e-07,2.73787437e-10]",0.0005941758281551301,2,-7.427736282348633,2,2
226,4,3.675642251968384,342.5603942871094,6.484239101409912,7.20576286315918,226,227,226,"[7.22807312,2.93043685,8.30466747,-0.899868488,-1.5369947,-0.617241561,0.0738601312,-0.570966542,-7.83737278,-7.15767193,-7.13479185,-2.64876962,-8.01377773,-8.37330341,-7.63871527,-7.6331687,-5.13067484,-9.06823063,-7.34116983,-14.0206203]","[0.253141373,0.0034428928,0.742885888,7.4721007e-05,3.95132229e-05,9.91256675e-05,0.000197846282,0.000103820508,7.25309022e-08,1.43124325e-07,1.46436832e-07,1.29988493e-05,6.08010922e-08,4.24396092e-08,8.84706495e-08,8.89627145e-08,1.08649294e-06,2.11820659e-08,1.19129986e-07,1.49682974e-10]",3.951322287321091e-05,8,-9.841662406921387,2,0,26,27,26,"[12.2212534,-1.66488218,8.85800743,-7.38410759,1.10090661,-1.6647532,0.571085274,-1.82488346,-9.95165634,-7.91389656,-7.58928633,-2.66606975,-10.0272245,-8.16920662,-7.64722204,-9.31276894,-3.27272105,-10.907712,-7.85106134,-15.0652847]","[0.966511011,9.00605414e-07,0.0334632136,2.95601277e-09,1.43120369e-05,9.00722171e-07,8.42564077e-06,7.67444703e-07,2.26795749e-10,1.74029102e-09,2.40768094e-09,3.30921097e-07,2.10288537e-10,1.34816203e-09,2.27214958e-09,4.29634661e-10,1.80409359e-07,8.71814218e-11,1.85315219e-09,1.36399963e-12]",1.4312036910268944e-05,3,-11.120347023010254,0,0
227,4,2.873570442199707,936.296875,5.895592212677002,9.942874908447266,227,228,227,"[7.13826561,6.28560972,5.29838085,0.59294641,-5.47448635,-1.97267556,-0.44483608,0.194383934,-7.66523743,-7.72008133,-8.14968872,-3.79476666,-8.1665163,-9.68770218,-8.22267246,-7.11237431,-6.73631477,-9.32478523,-8.09042072,-15.1542101]","[0.62965858,0.268411666,0.10001228,0.000904709566,2.09631503e-06,6.95462586e-05,0.000320483814,0.000607317372,2.34436598e-07,2.21925404e-07,1.44421179e-07,1.1244746e-05,1.4201126e-07,3.10227399e-08,1.34256226e-07,4.07502995e-07,5.93541927e-07,4.45957049e-08,1.53239498e-07,1.31100852e-10]",2.0963150291208876e-06,9,-12.612751960754395,0,1,27,28,27,"[12.743432,6.28448677,3.28467631,-5.30264568,-6.95632076,-5.09985542,0.302847028,0.404757768,-11.8887968,-10.00352,-9.37954044,-3.63398933,-10.8539381,-11.6953135,-11.3203745,-10.6852846,-7.67894268,-12.5685081,-9.69569683,-18.2254505]","[0.998349786,0.00156386208,7.78748799e-05,1.4520138e-08,2.77836176e-09,1.77844743e-08,3.94825565e-06,4.3718419e-06,2.00281892e-11,1.31949271e-10,2.46262261e-10,7.70297603e-08,5.637351e-11,2.43035904e-11,3.53593543e-11,6.67298855e-11,1.34883271e-09,1.014956e-11,1.79511739e-10,3.54541869e-14]",2.7783617628784896e-09,9,-19.699752807617188,0,0
228,4,2.1161231994628906,403.01898193359375,6.672941207885742,4.458393573760986,228,229,228,"[5.02989674,4.9510746,9.55348301,1.49989402,-3.92819333,-0.392320096,-0.444604665,-0.629677474,-6.93588448,-6.6953907,-7.14605188,-2.96815634,-7.46130991,-9.23233986,-7.09888363,-7.06528568,-5.84920597,-8.29787159,-7.05350018,-13.3681507]","[0.0106234187,0.0098182084,0.979113042,0.000311317592,1.36714743e-06,4.69273036e-05,4.45367441e-05,3.70119815e-05,6.75448035e-08,8.59086953e-08,5.47415127e-08,3.57070689e-06,3.99394402e-08,6.79601042e-09,5.7385467e-08,5.93462488e-08,2.00230403e-07,1.73016712e-08,6.0049814e-08,1.08666139e-10]",1.367147433484206e-06,9,-13.48167610168457,2,2,28,29,28,"[8.55699825,4.94586706,9.6200943,-5.17304707,-7.01376438,-2.14143753,0.367867887,1.10522151,-11.6119385,-8.89487362,-6.3249073,-2.06101274,-9.95658207,-11.2986746,-10.0807314,-11.5475969,-6.59071064,-9.50269413,-6.64813042,-15.6905775]","[0.25489071,0.00688746944,0.737990558,2.77633006e-07,4.4061391e-08,5.75549166e-06,7.0771719e-05,0.000147941028,4.43706821e-10,6.71586609e-09,8.77455406e-08,6.2374952e-06,2.3227833e-09,6.06938222e-10,2.05159378e-09,4.73194539e-10,6.72648426e-08,3.65704e-09,6.3511358e-08,7.51216884e-12]",4.406139098023232e-08,12,-16.63385772705078,2,2
229,4,2.051191806793213,213.4508819580078,4.39423131942749,3.1705846786499023,229,230,229,"[6.48988438,4.8679862,6.17620182,1.38593721,-3.75649929,-1.40596306,0.701028883,0.0202996545,-7.40095949,-6.69997644,-7.39405203,-2.27800775,-7.84611177,-9.20979023,-7.8073988,-7.14720297,-5.96026421,-8.75695896,-7.66123533,-13.2043715]","[0.515587986,0.101840697,0.376766443,0.0031310264,1.82959484e-05,0.000191946354,0.00157846429,0.000799093803,4.78173774e-07,9.63870889e-07,4.81488655e-07,8.02519789e-05,3.06378695e-07,7.83467087e-08,3.18472246e-07,6.16298678e-07,2.01963076e-06,1.23220474e-07,3.68595295e-07,1.44276691e-09]",1.8295948393642902e-05,9,-10.246383666992188,0,2,29,30,29,"[10.170126,5.02739573,6.07839012,-3.00829411,-7.8456912,-2.40552163,1.2477982,0.0416214205,-10.9283381,-8.2228899,-7.68350697,-1.29911852,-9.80633831,-10.4463377,-10.3252268,-11.1065254,-8.01575947,-10.2040262,-7.04117012,-16.4543934]","[0.977764606,0.00571182556,0.0163386427,1.84892463e-06,1.46576689e-08,3.3783142e-06,0.000130411674,3.90373716e-05,6.71873335e-10,1.00519095e-08,1.72385057e-08,1.0214203e-05,2.06331974e-09,1.0879736e-09,1.22804789e-09,5.62215552e-10,1.23652875e-08,1.38628342e-09,3.27690159e-08,2.6751767e-12]",1.4657668856443706e-08,11,-18.015817642211914,0,0
230,4,1.8705291748046875,480.7099304199219,4.29011869430542,3.9846675395965576,230,231,230,"[6.53757524,5.3767066,6.32746744,1.40191698,-4.36158991,-2.19957447,0.713832378,-0.117778704,-7.6240263,-7.09535408,-7.58452177,-2.46604562,-7.85913181,-9.5586338,-8.18294716,-6.77280188,-6.01267672,-9.02787113,-7.82331514,-13.5261354]","[0.468570769,0.146762922,0.379775137,0.00275668525,8.65621314e-06,7.52106062e-05,0.00138533814,0.000603103254,3.3148936e-07,5.62431239e-07,3.44846939e-07,5.7617217e-05,2.62038157e-07,4.78939519e-08,1.89554356e-07,7.76518618e-07,1.66061909e-06,8.14305849e-08,2.71593734e-07,9.06183573e-10]",8.656213140056934e-06,9,-10.899165153503418,0,0,30,31,30,"[8.9640379,3.29781199,6.97382259,-2.88820171,-5.2481389,-1.79993355,1.66109443,0.351530284,-9.78993988,-7.71436787,-7.35182619,-0.819407105,-8.51302433,-9.9092617,-9.49162579,-10.0574312,-5.90188122,-10.0763693,-6.56467295,-14.9513321]","[0.876371682,0.00303303706,0.119770214,6.24203312e-06,5.89411457e-07,1.85333956e-05,0.000590283191,0.000159339601,6.27969943e-09,5.00436244e-08,7.19115079e-08,4.94074011e-05,2.25162822e-08,5.57338264e-09,8.46245296e-09,4.80583973e-09,3.06550277e-07,4.71569139e-09,1.57999281e-07,3.60059864e-11]",5.894114565307973e-07,9,-14.212177276611328,0,0
231,4,2.1312644481658936,1110.17333984375,3.2486674785614014,20.85747528076172,231,232,231,"[6.34089947,4.75651741,7.25612831,0.140620589,-4.11237288,-1.52169323,1.24502218,-0.0401801206,-7.60242796,-6.75418663,-7.07451963,-3.02395487,-7.81661463,-9.4665699,-8.09833813,-7.08391237,-5.62478113,-8.72332859,-7.92973518,-13.3378983]","[0.269340008,0.0552347638,0.672635376,0.00054645451,7.77145215e-06,0.000103662052,0.00164888182,0.00045607175,2.37023002e-07,5.53576001e-07,4.01844659e-07,2.30779115e-05,1.91324602e-07,3.67455009e-08,1.44350821e-07,3.98088304e-07,1.71266345e-06,7.72661579e-08,1.70861014e-07,7.65433772e-10]",7.77145214669872e-06,9,-11.368501663208008,2,1,31,32,31,"[9.0434866,1.50784993,8.55098057,-2.79236984,-5.02416468,-0.912902474,2.22711396,0.280789971,-8.81232548,-7.24137259,-7.2823348,-1.83610845,-8.88090801,-9.18793869,-8.96066189,-9.22911644,-5.59726954,-9.74499512,-6.72562361,-13.9598846]","[0.619980454,0.000330896757,0.378865778,4.4888061e-06,4.81808513e-07,2.94017409e-05,0.000679305056,9.70034962e-05,1.09068008e-08,5.24751549e-08,5.03690885e-08,1.16796555e-05,1.01838573e-08,7.49153894e-09,9.4032e-09,7.1893056e-09,2.71630313e-07,4.29184954e-09,8.78902426e-08,6.34075847e-11]",4.818085130864347e-07,9,-14.067651748657227,0,0
232,4,2.016420364379883,1337.8682861328125,3.063723087310791,3.78033185005188,232,233,232,"[7.0860405,4.18867302,6.03098249,0.758489251,-4.33407831,-2.24671936,0.805215955,0.59842062,-7.44882107,-7.1642499,-7.58974743,-3.07438374,-7.4316659,-9.58414078,-7.49389648,-6.97112036,-6.42994022,-8.62727261,-8.39339733,-14.1461382]","[0.709892511,0.0391635336,0.247164845,0.00126815389,7.78929552e-06,6.28096677e-05,0.00132881687,0.0010805754,3.45766125e-07,4.59589728e-07,3.00316287e-07,2.74521535e-05,3.51749094e-07,4.08719032e-08,3.30526575e-07,5.5750013e-07,9.57804218e-07,1.06411328e-07,1.34449181e-07,4.26750579e-10]",7.789295523252804e-06,9,-11.42011833190918,0,0,32,33,32,"[9.92429066,1.12494993,6.43719196,-2.10885167,-4.30924511,-3.58314896,1.72879541,1.24093366,-8.33325481,-7.8236804,-7.76277208,-2.23814392,-8.49721336,-9.74679756,-7.88827419,-8.83785534,-6.86714029,-9.93669128,-7.38087845,-14.991519]","[0.969744921,0.000146268983,0.0296640061,5.76408411e-06,6.38427366e-07,1.31962668e-06,0.000267546333,0.00016425681,1.14157981e-08,1.90025471e-08,2.01959161e-08,5.06499782e-06,9.68947855e-09,2.77723666e-09,1.78138944e-08,6.89225033e-09,4.9457423e-08,2.29690089e-09,2.95881399e-08,1.46507164e-11]",6.384273660842155e-07,9,-14.233535766601562,0,0
233,4,0.7798625230789185,87.10679626464844,2.146404266357422,5.756099700927734,233,234,233,"[7.13945436,4.39975834,5.75528097,0.751890302,-4.43324423,-2.66166306,0.125807613,0.500851214,-7.29028749,-7.33306694,-7.60353184,-3.34324121,-7.12019873,-9.02531338,-7.236413,-6.65573835,-6.32059669,-8.62418747,-8.39995193,-13.924963]","[0.75808692,0.0489648171,0.189924136,0.00127536687,7.14101361e-06,4.19902062e-05,0.000681916194,0.00099222525,4.10167587e-07,3.92991439e-07,2.99861881e-07,2.1239377e-05,4.86217289e-07,7.23518099e-08,4.32871417e-07,7.7364723e-07,1.08166637e-06,1.08057705e-07,1.35219963e-07,5.38963041e-10]",7.141013611544622e-06,9,-11.572698593139648,0,0,33,34,33,"[8.33396244,4.73755217,6.22596073,-1.39451385,-5.11937523,-3.72662067,0.849968791,0.586959183,-7.99340916,-8.6027317,-8.24922848,-3.59445095,-8.15608692,-10.5336933,-7.81302071,-7.7611537,-7.15399265,-9.72459507,-9.12446117,-15.3259716]","[0.869587421,0.0238458104,0.105637893,5.1795203e-05,1.24911651e-06,5.02884859e-06,0.000488715537,0.0003756925,7.05384409e-08,3.83530612e-08,5.46166383e-08,5.73943498e-06,5.99481567e-08,5.56152724e-09,8.44825792e-08,8.89801868e-08,1.63297614e-07,1.24905446e-08,2.27623023e-08,4.61247499e-11]",1.2491165080064093e-06,9,-13.453337669372559,0,0
234,4,0.5552952289581299,17.280471801757812,1.153289794921875,1.5502779483795166,234,235,234,"[6.65208101,3.84564614,5.99847317,0.636726975,-3.98781633,-2.63353348,0.595089793,0.415398151,-6.96816826,-7.08921242,-7.11614943,-3.19630504,-6.77323151,-8.70108414,-7.05451107,-6.26665735,-6.23831177,-8.36580086,-7.9202075,-13.5179129]","[0.629918933,0.0380597115,0.327662259,0.00153762207,1.50812029e-05,5.8424328e-05,0.00147491461,0.00123233197,7.65747927e-07,6.784486e-07,6.60416902e-07,3.32801355e-05,9.30562919e-07,1.35359883e-07,7.02404293e-07,1.54435759e-06,1.58876048e-06,1.89278651e-07,2.95542634e-07,1.09538656e-09]",1.5081202946021222e-05,9,-10.639897346496582,0,0,34,35,34,"[7.41482401,4.12065411,6.29981375,-0.350376815,-4.403615,-3.5580492,1.08311033,0.239870712,-7.61300898,-7.99586821,-7.29625559,-3.18891239,-7.46523571,-9.85437393,-7.38206625,-7.00281191,-7.01104832,-8.85880661,-8.27471542,-14.4674206]","[0.730977118,0.027118396,0.239696115,0.000310112868,5.38543463e-06,1.25442675e-05,0.00130039547,0.000559578591,2.17469946e-07,1.48294561e-07,2.98513186e-07,1.81451014e-05,2.521017e-07,2.31199344e-08,2.73965583e-07,4.00317447e-07,3.97033233e-07,6.25685459e-08,1.1220795e-07,2.29385483e-10]",5.385434633353725e-06,9,-11.818439483642578,0,0
235,4,0.7149173021316528,74.71067810058594,2.942223310470581,1.4671411514282227,235,236,235,"[5.41504335,5.81571579,5.70833683,3.88259745,-4.31473541,-1.14916611,0.298837364,-0.355495483,-6.59350061,-5.80793905,-7.64395952,-2.4545393,-7.49908113,-8.59523773,-7.0951767,-6.51592159,-6.38153601,-8.37013054,-7.65575886,-12.0169783]","[0.246263847,0.367629617,0.33019951,0.0531946458,1.46491166e-05,0.000347216788,0.00147727237,0.000767869584,1.50022527e-06,3.29094883e-06,5.24744678e-07,9.41205217e-05,6.06551794e-07,2.02680937e-07,9.08408367e-07,1.62124422e-06,1.85443309e-06,2.53849151e-07,5.18589161e-07,6.61865096e-09]",1.4649116565124132e-05,9,-10.130451202392578,1,2,35,36,35,"[5.73206711,6.21466684,5.83401728,0.940374136,-3.36308694,-1.55321956,0.284741491,0.166066572,-7.24686813,-6.60074759,-8.28931808,-1.66844964,-7.88275719,-9.23261356,-7.67626953,-7.20590496,-6.18621349,-9.20962811,-7.2456708,-12.9970913]","[0.266989022,0.43259728,0.295644462,0.00221558125,2.99583899e-05,0.000183034717,0.00115013774,0.00102143351,6.1633051e-07,1.1760344e-06,2.17311836e-07,0.000163113495,3.26325136e-07,8.46086863e-08,4.01168649e-07,6.42100986e-07,1.78012169e-06,8.65759802e-08,6.17067997e-07,1.96120697e-09]",2.9958389859530143e-05,9,-9.577754020690918,1,2
236,4,1.1207014322280884,59.46818923950195,1.36753511428833,0.596120297908783,236,237,236,"[5.87564373,7.0863595,4.62871075,2.56033206,-4.46323109,-1.47990036,0.861489892,-0.450768203,-7.26135302,-6.43732071,-7.88434792,-3.35473156,-8.20375919,-9.00590897,-7.85586166,-7.39494848,-7.33089733,-8.33239746,-7.87534761,-12.4401598]","[0.213273749,0.715722322,0.0612916462,0.00774668157,6.89955232e-06,0.00013629043,0.0014168307,0.000381427206,4.20351114e-07,9.58263854e-07,2.2544944e-07,2.09043246e-05,1.63806149e-07,7.3444852e-08,2.3196398e-07,3.67783656e-07,3.92111247e-07,1.44033564e-07,2.2748759e-07,2.36856224e-09]",6.899552317918278e-06,9,-11.549591064453125,1,1,36,37,36,"[4.88545179,8.45389462,4.94040394,2.09758258,-3.64061379,-2.19603038,0.347938269,-0.456654102,-7.24625158,-6.23044634,-8.05838013,-2.61376429,-7.96748447,-9.26566982,-7.91727924,-7.42407322,-6.54607964,-8.79921436,-7.36212301,-12.2405214]","[0.0265982188,0.943208218,0.0281007551,0.00163717999,5.27265547e-06,2.23565003e-05,0.00028460045,0.000127293199,1.4325866e-07,3.95620788e-07,6.35941717e-08,1.47225892e-05,6.96455373e-08,1.90150953e-08,7.32313552e-08,1.19920585e-07,2.88536995e-07,3.0316393e-08,1.27584698e-07,9.70815872e-10]",5.2726554713444784e-06,9,-12.094508171081543,1,1
237,4,0.9870439767837524,27.60697364807129,1.5153627395629883,0.5712844133377075,237,238,237,"[5.95244312,5.18428183,5.45031929,2.63584447,-2.9817102,-2.65255404,1.25632119,-0.2939201,-7.03627586,-5.97113705,-7.59749699,-2.50591421,-7.46937752,-8.84736633,-7.28540707,-6.55848122,-5.79050779,-8.62078762,-8.1923666,-12.2851648]","[0.472364992,0.219113693,0.285896003,0.0171355214,6.22622174e-05,8.6531596e-05,0.00431298511,0.000915201323,1.07981441e-06,3.13279975e-06,6.1604652e-07,0.000100198224,7.0025385e-07,1.765235e-07,8.41690451e-07,1.74121624e-06,3.7530051e-06,2.21413444e-07,3.39832496e-07,5.67263969e-09]",6.226221739780158e-05,9,-8.93415355682373,0,1,37,38,37,"[7.09037781,5.14748383,5.6645174,1.5857631,-2.77949786,-4.16791677,0.638115942,-0.228723735,-7.63748121,-6.97420263,-7.66563606,-2.38871694,-8.49427509,-8.86276054,-7.54245234,-7.55700254,-5.12808418,-8.91923809,-8.63028049,-13.1680717]","[0.719400227,0.103081904,0.17287305,0.00292648817,3.71996066e-05,9.28015379e-06,0.00113445905,0.000476787885,2.88896615e-07,5.60790568e-07,2.8087635e-07,5.49859506e-05,1.22642859e-07,8.48419432e-08,3.17697214e-07,3.1310779e-07,3.55271141e-06,8.01831561e-08,1.07047335e-07,1.14508492e-09]",3.719960659509525e-05,8,-9.86987590789795,0,1
238,4,1.157318115234375,128.43531799316406,2.319925308227539,0.9255008697509766,238,239,238,"[6.95311642,3.96986651,5.52208805,2.50667,-3.74646521,-2.47412467,0.894892633,0.23755677,-7.10104799,-6.28395128,-7.31687975,-3.34344673,-7.58805704,-8.17528152,-7.35730839,-7.02974129,-6.05227852,-8.58038807,-8.24133015,-12.2161512]","[0.766220987,0.0387922563,0.183175057,0.00898021832,1.72816417e-05,6.16815887e-05,0.00179184682,0.000928589201,6.03542389e-07,1.36637027e-06,4.86377246e-07,2.58591299e-05,3.70853513e-07,2.06145913e-07,4.67106048e-07,6.48151399e-07,1.72259502e-06,1.37479773e-07,1.92969964e-07,3.6244896e-09]",1.728164170344826e-05,9,-10.699581146240234,0,0,38,39,38,"[8.84607792,3.62007284,4.73512983,0.18674466,-4.14829731,-3.4750185,0.129742235,0.405914098,-8.19268322,-7.60609961,-7.26811409,-3.53253794,-8.30910397,-8.63442326,-7.28970718,-8.42639637,-6.2828064,-9.05683804,-8.470788,-14.1475945]","[0.978155613,0.00525754271,0.0160341486,0.000169709965,2.22342533e-06,4.35937091e-06,0.000160306692,0.000211296094,3.89554344e-08,7.00353624e-08,9.81980577e-08,4.11569908e-06,3.46742546e-08,2.50451482e-08,9.6100564e-08,3.08367483e-08,2.63037094e-07,1.64161147e-08,2.94977891e-08,1.01014412e-10]",2.2234253265196458e-06,9,-12.994375228881836,0,0
239,4,1.0548166036605835,62.806427001953125,2.5251407623291016,1.3063325881958008,239,240,239,"[7.00631762,4.05813408,5.78803921,1.93299985,-4.0065136,-2.88479304,0.592888534,0.20444721,-7.26602268,-6.59992552,-6.99088717,-3.40277481,-7.66119528,-8.42330837,-7.39250946,-7.08880854,-6.02270126,-8.4875555,-8.03382778,-12.9836779]","[0.736761689,0.0386320017,0.217889071,0.00461331382,1.21482981e-05,3.72968352e-05,0.00120784191,0.000819053559,4.66582236e-07,9.082612e-07,6.14352757e-07,2.22185554e-05,3.14273052e-07,1.46664632e-07,4.11146033e-07,5.57046064e-07,1.61769367e-06,1.37538166e-07,2.16508354e-07,1.53384716e-09]",1.2148298083047848e-05,9,-11.01283073425293,0,0,39,40,39,"[8.47410583,3.63034225,5.06237602,-0.592141032,-4.1924119,-3.91809845,-0.00453323871,0.440125465,-8.01220322,-7.88260317,-6.98391867,-3.73252535,-8.141119,-8.57733822,-6.94003963,-8.22474766,-6.261446,-8.51441669,-8.35342312,-14.9980431]","[0.960132897,0.00756330509,0.0316691138,0.00011089458,3.02923399e-06,3.9853403e-06,0.000199574642,0.000311327865,6.64382682e-08,7.56315615e-08,1.85778902e-07,4.79798609e-06,5.84024242e-08,3.77557292e-08,1.94112289e-07,5.37170131e-08,3.82615468e-07,4.02077873e-08,4.72310902e-08,6.14478399e-11]",3.029233994311653e-06,9,-12.66651725769043,0,0
240,4,0.9209285974502563,200.6646270751953,2.3385043144226074,2.3088133335113525,240,241,240,"[7.13938808,3.81975627,6.26124525,1.01285982,-3.97407913,-3.16369486,0.397939801,0.201449558,-7.44645405,-6.9354167,-6.95806122,-3.38474536,-7.53297758,-8.63675785,-7.3466301,-7.13578701,-6.06151009,-8.46908569,-7.78993654,-13.7703476]","[0.686748624,0.0248370506,0.285381109,0.00149996229,1.02395352e-05,2.30263922e-05,0.000811005826,0.00066632987,3.17868142e-07,5.29892247e-07,5.18028116e-07,1.84596975e-05,2.91521218e-07,9.66729772e-08,3.51236793e-07,4.33678622e-07,1.26975681e-06,1.14320407e-07,2.25462699e-07,5.69920888e-10]",1.0239535185974091e-05,9,-11.1134672164917,0,0,40,41,40,"[8.46870136,3.52911925,5.27572536,-1.32564437,-4.25453615,-4.12058926,-0.169652015,0.305502027,-8.04754257,-8.20898151,-7.09214878,-3.70625973,-7.88423157,-8.77427197,-6.67859459,-8.10604954,-6.41487503,-8.23535156,-8.11772442,-15.7636747]","[0.953527093,0.00682495628,0.0391418338,5.31744081e-05,2.84250609e-06,3.24992698e-06,0.000168944403,0.000271706842,6.4035369e-08,5.44889254e-08,1.66472191e-07,4.91829542e-06,7.53954055e-08,3.09602797e-08,2.51736367e-07,6.03963954e-08,3.27701116e-07,5.3070778e-08,5.96952603e-08,2.85328931e-11]",2.842506091838004e-06,9,-12.723237991333008,0,0
241,4,0.9817440509796143,33.41351318359375,2.1479549407958984,6.146322727203369,241,242,241,"[7.15969276,3.8503778,6.3508234,0.513718605,-3.75722218,-3.32825136,0.0566615388,0.136094943,-7.39539528,-7.11825609,-6.99581385,-3.3404789,-7.39435959,-8.85765648,-7.2352314,-7.04386854,-5.97966909,-8.45890617,-7.62105751,-14.1962185]","[0.673403084,0.0246069562,0.299907714,0.000874913705,1.22213496e-05,1.87680289e-05,0.000553946593,0.000599743275,3.21425773e-07,4.2407288e-07,4.79310017e-07,1.85399476e-05,3.21758847e-07,7.44781232e-08,3.77258459e-07,4.5682205e-07,1.32410673e-06,1.10969431e-07,2.56493792e-07,3.5770148e-10]",1.2221349606988952e-05,9,-10.916914939880371,0,0,41,42,41,"[8.21519566,3.99345422,5.43970776,-1.63423622,-3.89683294,-4.12738514,-0.291598558,0.234661534,-8.03348255,-8.3355751,-7.30208492,-3.61249566,-7.80224895,-9.19610596,-6.82398462,-7.84200525,-6.39010429,-8.34590816,-7.99618053,-15.8963184]","[0.927981436,0.0136163337,0.0578309335,4.89762315e-05,5.09744268e-06,4.04785169e-06,0.000187536425,0.00031742212,8.14381735e-08,6.02047123e-08,1.69227135e-07,6.77389289e-06,1.02624604e-07,2.54628301e-08,2.72964456e-07,9.86246178e-08,4.21248245e-07,5.95858722e-08,8.45333545e-08,3.13359026e-11]",5.0974426812899765e-06,8,-12.112028121948242,0,0
242,4,0.8729687929153442,42.437705993652344,1.462411880493164,22.53543472290039,242,243,242,"[5.33733177,6.78822947,5.65467167,2.55652642,-3.7116282,-1.17833495,-0.683242917,-0.0106485672,-6.50548935,-6.35593796,-7.79472494,-2.63516855,-7.59786749,-9.37860966,-7.53087711,-6.44249153,-5.69629669,-8.49825954,-7.47028828,-12.7960873]","[0.148996219,0.6357584,0.204641744,0.00923605915,1.75090336e-05,0.000220524598,0.000361803628,0.000708886655,1.07128142e-06,1.24409326e-06,2.95117843e-07,5.13761952e-05,3.59326748e-07,6.05512227e-08,3.84222602e-07,1.14094098e-06,2.40619875e-06,1.46034026e-07,4.08221922e-07,1.98577843e-09]",1.7509033568785526e-05,9,-10.499857902526855,1,2,42,43,42,"[5.26052475,7.04238605,7.04918003,1.09411454,-3.68884349,-2.22468734,-0.684820414,0.229321525,-7.26649761,-7.21763659,-8.21096802,-2.17560291,-7.65292883,-9.66662407,-7.88523674,-7.1569438,-5.89197159,-9.05212307,-7.07404089,-13.7138023]","[0.0772303119,0.458817929,0.461945713,0.00119767501,1.00259722e-05,4.33512687e-05,0.000202188807,0.000504387135,2.80137414e-07,2.94165005e-07,1.08941471e-07,4.5532197e-05,1.90347166e-07,2.5410305e-08,1.50888638e-07,3.12571927e-07,1.10744111e-06,4.69768473e-08,3.39589462e-07,4.43958842e-10]",1.0025972187577281e-05,9,-10.73802375793457,2,2
243,4,0.7223783731460571,504.3995666503906,1.1490445137023926,0.9984489679336548,243,244,243,"[6.30750227,4.88429546,6.04019976,1.81394613,-3.0867486,-2.96231651,0.722101331,-0.465928763,-7.00289679,-6.21482325,-7.70458651,-1.88608229,-7.44608021,-8.77431679,-7.43100548,-6.2295742,-5.56950331,-8.65382004,-8.15355778,-13.452795]","[0.494331926,0.1191044,0.378382146,0.00552703347,4.1128922e-05,4.65786943e-05,0.00185485429,0.000565399008,8.19192167e-07,1.80153108e-06,4.0611198e-07,0.000136643866,5.25912981e-07,1.39337388e-07,5.33900504e-07,1.77515096e-06,3.43479383e-06,1.57180537e-07,2.59215085e-07,1.29488242e-09]",4.112892202101648e-05,9,-9.394250869750977,0,0,43,44,43,"[6.59944487,5.52198458,5.6138916,1.46014214,-3.58439755,-4.11136103,0.609622836,-0.000722687691,-7.39107513,-7.03788424,-7.77234697,-1.71114051,-7.98685598,-9.1677866,-7.40895605,-6.82706976,-5.96518326,-8.69138527,-8.54929638,-14.223587]","[0.58013612,0.197512612,0.216525778,0.00340062776,2.19151098e-05,1.29385626e-05,0.0014527248,0.000789066253,4.86994509e-07,6.93287177e-07,3.32613638e-07,0.000142655568,2.68398679e-07,8.23964541e-08,4.78364655e-07,8.55990891e-07,2.02666092e-06,1.32680341e-07,1.52938e-07,5.25052446e-10]",2.1915109755354933e-05,8,-10.183842658996582,0,0
244,4,0.9159554839134216,87.48995208740234,1.4754858016967773,0.6582096815109253,244,245,244,"[5.0894866,6.68787622,5.87466049,4.25666142,-4.55110645,-0.957403302,-0.454589069,-0.333335817,-6.29238224,-5.6883769,-7.72674227,-3.16207433,-7.53299904,-8.67360497,-7.31603289,-6.21583271,-6.17494726,-8.00725842,-7.86816835,-12.2022095]","[0.116499081,0.576095223,0.255457819,0.0506560244,7.57646058e-06,0.000275544298,0.000455576286,0.000514304847,1.32812784e-06,2.42971782e-06,3.16449928e-07,3.03889028e-05,3.84101838e-07,1.22768682e-07,4.77170772e-07,1.43378793e-06,1.49362313e-06,2.39044425e-07,2.74716314e-07,3.60274632e-09]",7.576460575364763e-06,9,-11.238983154296875,1,1,44,45,44,"[4.72431087,7.03832197,7.35014629,3.51365685,-4.30423832,-1.5750699,-0.622923493,-0.113930956,-6.72223616,-6.13757038,-7.8532052,-2.13686943,-7.56133556,-9.07605839,-7.80589724,-6.5561161,-5.94763756,-8.51689243,-7.34875488,-12.6444159]","[0.0396121182,0.400673211,0.547285438,0.0118044997,4.75093339e-06,7.27849329e-05,0.000188605132,0.000313766359,4.23307569e-07,7.59579052e-07,1.36609842e-07,4.15006907e-05,1.82910895e-07,4.02164559e-08,1.43227894e-07,4.9980531e-07,9.18458909e-07,7.03471486e-08,2.26236253e-07,1.13419008e-09]",4.750933385366807e-06,9,-11.65438461303711,2,1
245,4,0.8841855525970459,107.22952270507812,1.270758867263794,0.7001844644546509,245,246,245,"[6.05621624,5.59647799,5.76458693,2.15888691,-3.28371859,-2.66232204,0.937183022,-0.290017098,-7.18640709,-6.24355555,-7.9034543,-2.0792985,-7.68791771,-8.93862724,-7.6905489,-6.40041637,-5.82157278,-8.81336308,-8.39268589,-12.6830683]","[0.415439188,0.262328625,0.310351968,0.00843177177,3.64943444e-05,6.79351288e-05,0.00248507527,0.000728405663,7.36731465e-07,1.89140553e-06,3.59666302e-07,0.000121702215,4.46175704e-07,1.27740819e-07,4.45003309e-07,1.61681635e-06,2.88435717e-06,1.44787549e-07,2.20510344e-07,3.0209224e-09]",3.649434438557364e-05,9,-9.339935302734375,0,0,45,46,45,"[5.9483223,5.22766495,6.72955179,2.32544112,-3.87688017,-3.93308091,0.584694505,-0.0869516283,-6.78652763,-6.75483274,-7.39615393,-2.01988244,-8.18332195,-8.41587257,-7.31068325,-6.75391865,-5.45580959,-8.33816051,-8.25268078,-13.4535007]","[0.269916564,0.131296173,0.589539886,0.00720828818,1.4594807e-05,1.37971874e-05,0.00126425759,0.000645867374,7.95342714e-07,8.20955108e-07,4.3231185e-07,9.34721174e-05,1.96759018e-07,1.55933265e-07,4.70887102e-07,8.21706237e-07,3.00938814e-06,1.68534612e-07,1.83574556e-07,1.01187081e-09]",1.4594806998502463e-05,8,-10.60643196105957,2,2
246,4,0.6703356504440308,840.0409545898438,0.9589574337005615,0.8172927498817444,246,247,246,"[5.33158731,6.9413228,5.91403151,3.57870317,-4.27157784,-1.07128739,-0.508240104,-0.305465192,-6.78997135,-5.8884654,-7.68111849,-3.04545283,-7.80665827,-8.81381989,-7.6558404,-6.56341028,-6.22400951,-8.30045033,-7.97659779,-12.4385166]","[0.125413194,0.627252579,0.224540934,0.0217307787,8.46723833e-06,0.000207782956,0.000364870124,0.00044689182,6.82365339e-07,1.68087809e-06,2.79896113e-07,2.88563224e-05,2.46874151e-07,9.01718806e-08,2.87061539e-07,8.5587709e-07,1.2017415e-06,1.50669123e-07,2.08291539e-07,2.40372788e-09]",8.467238330922555e-06,9,-11.212900161743164,1,1,46,47,46,"[4.46885872,7.11498404,6.5825882,4.5376606,-4.56637049,-1.64466453,-0.923621058,-0.379098982,-6.40125608,-5.89124727,-7.31352568,-2.18312216,-7.37533712,-8.96411705,-7.26181889,-6.35092115,-5.92290497,-7.87949467,-7.04088163,-12.5612297]","[0.0408734716,0.576287448,0.338393956,0.0437846445,4.86957879e-06,9.04423505e-05,0.000186001955,0.00032062715,7.77340119e-07,1.29450791e-06,3.1218886e-07,5.27865595e-05,2.93476319e-07,5.99204313e-08,3.28755647e-07,8.17468958e-07,1.25416796e-06,1.772638e-07,4.10039064e-07,1.64198022e-09]",4.869578788202489e-06,9,-11.681354522705078,1,1
247,4,0.9188685417175293,42.614994049072266,1.2140932083129883,96.0774154663086,247,248,247,"[4.71876049,5.84296465,8.4955864,2.7658143,-3.99383855,0.204100847,0.00287493318,-0.716124058,-6.91330242,-5.8655777,-7.28001833,-2.0677619,-7.75859213,-8.81135464,-7.50481462,-6.94726419,-5.94687843,-8.56523895,-7.06110382,-11.5621424]","[0.020867046,0.0642239004,0.911413908,0.00296010613,3.43263332e-06,0.00022843841,0.000186800535,9.10166418e-05,1.85233816e-07,5.28130613e-07,1.28368299e-07,2.3556544e-05,7.95454582e-08,2.77591585e-08,1.0252505e-07,1.79048655e-07,4.86892247e-07,3.55053125e-08,1.59783141e-07,1.77318948e-09]",3.4326333206990967e-06,9,-12.489424705505371,2,2,47,48,47,"[3.78567791,6.23769808,9.7096796,3.76180863,-4.26410913,-0.476146698,-0.273341209,-1.17617309,-6.46195459,-5.68615389,-7.09266233,-2.08234286,-7.3187499,-8.53625298,-7.23161459,-6.86156273,-5.42654753,-8.09976006,-6.42754555,-11.0546656]","[0.00258041197,0.0299631767,0.964828849,0.00251954817,8.23589346e-07,3.63749241e-05,4.45532569e-05,1.8062774e-05,9.14531313e-08,1.98666456e-07,4.86727743e-08,7.2986054e-06,3.88237531e-08,1.14905818e-08,4.23584403e-08,6.13268654e-08,2.57555342e-07,1.77790476e-08,9.46546734e-08,9.25997445e-10]",8.235893460550869e-07,9,-13.97378921508789,2,2
248,4,1.2816107273101807,28.310171127319336,1.9371066093444824,6.945459365844727,248,249,248,"[4.69879103,5.98416376,9.80813408,1.55084515,-4.92576885,-0.101463787,0.28720066,-0.929506719,-7.23423004,-6.42314911,-7.62712145,-1.96832752,-7.69308376,-9.26037884,-7.9003973,-6.82283735,-6.42512465,-8.73877621,-7.03260088,-11.9854937]","[0.00587385846,0.0212399624,0.972485125,0.000252224912,3.88177369e-07,4.83280746e-05,7.12843539e-05,2.11147053e-05,3.85903114e-08,8.68412826e-08,2.605241e-08,7.47189415e-06,2.43893954e-08,5.08784037e-09,1.98228438e-08,5.82295776e-08,8.66698571e-08,8.57161364e-09,4.72111878e-08,3.33449685e-10]",3.8817736935925495e-07,9,-14.733902931213379,2,2,48,49,48,"[2.76168442,5.85759592,11.7237635,1.93341613,-4.75417185,-0.806176424,0.160430878,-1.40438282,-6.31558132,-6.07783651,-6.9713316,-1.96323192,-6.79499912,-8.56323051,-6.61510515,-6.0235219,-4.897089,-7.73141241,-5.7957015,-11.3126574]","[0.000127791718,0.00282514025,0.996974826,5.58200845e-05,6.95676903e-08,3.60579111e-06,9.47965782e-06,1.98245243e-06,1.45980978e-08,1.85159887e-08,7.57717888e-09,1.13369845e-06,9.03830433e-09,1.54224811e-09,1.08197034e-08,1.95495478e-08,6.03030514e-08,3.54330121e-09,2.45514205e-08,9.86490542e-11]",6.956769027510745e-08,9,-16.477935791015625,2,2
249,4,0.9653106927871704,228.89474487304688,1.4676227569580078,9.125003814697266,249,250,249,"[5.82258892,5.10134363,7.88872337,1.50214803,-4.99888754,0.0648467615,1.03988695,-0.183949873,-7.22471333,-6.23677254,-8.11262417,-2.22942948,-7.64874458,-8.80747318,-8.17359257,-6.74346304,-6.39439726,-9.06938171,-7.68989563,-12.3098135]","[0.106292024,0.0516734943,0.839095652,0.00141304859,2.12223244e-06,0.000335695193,0.000890019699,0.000261754525,2.29154992e-07,6.15441138e-07,9.43007095e-08,3.38496066e-05,1.49959817e-07,4.70700954e-08,8.87229348e-08,3.70794623e-07,5.25691291e-07,3.62243036e-08,1.43914065e-07,1.41807366e-09]",2.12223244488996e-06,9,-12.887611389160156,2,2,49,50,49,"[5.0176897,4.42425966,8.3828907,0.368464291,-4.80282927,-0.526880205,0.818791568,-0.0498105548,-6.84603071,-6.12248659,-8.23260403,-1.6834625,-6.7143321,-8.56119633,-6.70596981,-6.36937141,-5.11709547,-8.42355347,-6.79550886,-12.9778805]","[0.0327569023,0.0180958677,0.947962224,0.000313451223,1.77953041e-06,0.0001280344,0.000491750136,0.000206307726,2.30650457e-07,4.75538741e-07,5.76466093e-08,4.02744408e-05,2.63117812e-07,4.15018242e-08,2.65327458e-07,3.7150528e-07,1.29963496e-06,4.76261057e-08,2.42602738e-07,5.01101827e-10]",1.7795304074752494e-06,9,-13.185720443725586,2,2
250,4,0.8206160068511963,71.64459991455078,1.5010759830474854,1.5794426202774048,250,251,250,"[6.71035767,3.40753222,8.39551258,0.380663842,-5.45632267,-1.47727847,1.66191518,-0.11646226,-7.48061562,-7.0454011,-7.49328184,-2.58743548,-7.73251534,-9.3012886,-7.72799349,-7.09392786,-6.88448334,-8.95922184,-7.83601284,-13.5674162]","[0.15528594,0.00571127795,0.837501526,0.000276809529,8.0762544e-07,4.31804183e-05,0.000996830757,0.000168376588,1.06677085e-07,1.64847293e-07,1.05334365e-07,1.42282597e-05,8.29225257e-08,1.72727752e-08,8.3298211e-08,1.57038784e-07,1.93627798e-07,2.4317572e-08,7.47693676e-08,2.42441428e-10]",8.076254403022176e-07,9,-13.851835250854492,2,2,50,51,50,"[7.25032568,2.52880263,8.86840534,-0.220572829,-4.64945936,-2.97835445,2.33692551,0.0521880351,-7.78234911,-6.40394592,-7.9229331,-2.1658349,-7.92464352,-8.90156174,-7.72301292,-8.15049648,-5.43185711,-9.29431248,-7.82755184,-13.3041611]","[0.164986774,0.00146864844,0.832093656,9.39462188e-05,1.12056728e-06,5.95922529e-06,0.00121223426,0.000123406382,4.88474683e-08,1.93853793e-07,4.24410338e-08,1.34295906e-05,4.23685655e-08,1.59504889e-08,5.18334815e-08,3.38031398e-08,5.12444842e-07,1.07697318e-08,4.66885233e-08,1.95321204e-10]",1.1205672763026087e-06,9,-13.517864227294922,2,2
251,4,2.3508334159851074,79.59170532226562,3.714165210723877,3.5714707374572754,251,252,251,"[7.03878593,4.16487885,6.70366144,0.781659245,-4.07647514,-1.02397704,0.880321622,0.340152949,-7.96921396,-6.40206242,-7.6372447,-1.34527135,-7.81903505,-8.88366699,-8.28572178,-7.05234385,-5.70232964,-9.45772457,-7.57036114,-12.6045485]","[0.562569737,0.0317727178,0.402377456,0.00107830274,8.37297466e-06,0.000177240421,0.00119011593,0.000693420938,1.70720085e-07,8.18257661e-07,2.37934501e-07,0.000128536543,1.9838393e-07,6.84137333e-08,1.2440195e-07,4.27047524e-07,1.64732842e-06,3.85330416e-08,2.54392546e-07,1.65647562e-09]",8.372974662052002e-06,9,-11.11526107788086,0,2,51,52,51,"[9.84824753,0.450713515,7.02366257,-2.01001406,-4.01830769,-3.0894897,1.74002779,0.760371983,-8.70095253,-6.57213354,-7.2106266,-2.0384593,-8.41409016,-7.92551088,-8.2167387,-8.87103558,-4.93722343,-9.64565182,-7.08628607,-14.0619459]","[0.943531334,7.82454299e-05,0.0559828095,6.68003213e-06,8.96577774e-07,2.26969951e-06,0.000284054113,0.000106645428,8.29736635e-09,6.9739059e-08,3.68282116e-08,6.49270032e-06,1.10541221e-08,1.80181967e-08,1.34657983e-08,6.99962177e-09,3.57690908e-07,3.22599014e-09,4.17044568e-08,3.89664481e-11]",8.965777738012548e-07,9,-13.866555213928223,0,0
252,4,1.4993799924850464,761.5764770507812,3.9051783084869385,10.537280082702637,252,253,252,"[7.18112326,5.16272402,4.86045218,0.370605916,-4.93250084,-1.11002529,0.213492841,0.596793175,-7.58316946,-7.25638199,-7.97736025,-1.76975429,-7.66277695,-9.47059631,-8.12242222,-7.42151117,-5.81131363,-9.38716412,-7.28141165,-13.5193901]","[0.809787154,0.107594796,0.0795273036,0.000892484735,4.44110083e-06,0.000203034841,0.000762724085,0.00111900666,3.13559269e-07,4.34752252e-07,2.11409827e-07,0.000104967279,2.89565463e-07,4.74920334e-08,1.82862948e-07,3.68576252e-07,1.84428075e-06,5.16244327e-08,4.24005378e-07,8.28422608e-10]",4.441100827534683e-06,9,-12.113624572753906,0,0,52,53,52,"[8.89459515,3.17432499,5.19485188,-3.53457236,-3.40566587,-2.20949793,0.528168917,0.758320868,-8.79479408,-8.5529747,-7.62510824,-1.43128479,-8.20657444,-9.66757965,-8.10067844,-8.66971397,-5.48104095,-9.8674593,-6.72581768,-15.4992571]","[0.972203434,0.00318768504,0.0240424685,3.88900207e-06,4.42406918e-06,1.46322327e-05,0.000226081131,0.000284589012,2.02000958e-08,2.57260702e-08,6.50640928e-08,3.18628336e-05,3.63758872e-08,8.43930525e-09,4.04392999e-08,2.28915429e-08,5.55261749e-07,6.91035673e-09,1.59918258e-07,2.47537928e-11]",4.424069175001932e-06,8,-12.300260543823242,0,0
253,4,0.9175621271133423,57.89110565185547,2.201021432876587,2.7883143424987793,253,254,253,"[5.81630373,4.83846998,5.90410948,0.789373517,-2.5287478,-0.641987979,0.874500632,0.40433684,-7.17975855,-6.18893957,-7.13630629,-2.3065443,-7.64586735,-8.71574306,-7.6839366,-7.19255733,-5.1846261,-8.42989254,-6.96861839,-11.6367989]","[0.401896477,0.151163325,0.438780934,0.00263600401,9.54782154e-05,0.000629961258,0.00287022837,0.00179360528,9.12002633e-07,2.45642627e-06,9.52505616e-07,0.000119235709,5.72226327e-07,1.96302892e-07,5.5085178e-07,9.00404871e-07,6.70611644e-06,2.61258236e-07,1.12640066e-06,1.05761764e-08]",9.547821537125856e-05,9,-8.432857513427734,2,2,53,54,53,"[6.81600952,4.52255011,6.36566353,-1.41164792,-2.67029762,-1.86206257,1.37841988,0.536703944,-7.96362352,-7.1601305,-7.38402224,-2.79346395,-8.31988716,-8.90373898,-8.022048,-7.94037104,-5.49876785,-9.07076931,-7.34024382,-13.6007328]","[0.573020637,0.0578273758,0.365247726,0.000153089029,4.34829926e-05,9.75734074e-05,0.00249261456,0.0010742431,2.18503004e-07,4.87988245e-07,3.90099189e-07,3.84440063e-05,1.53014938e-07,8.53433733e-08,2.06102541e-07,2.23643255e-07,2.56998396e-06,7.2215343e-08,4.07556058e-07,7.78559384e-10]",4.3482992623467e-05,8,-9.486307144165039,0,0
254,4,1.076393485069275,49.13320541381836,3.3291664123535156,2.411848783493042,254,255,254,"[6.46364403,5.22422314,5.19515753,1.38033795,-3.57819963,-1.3559128,0.904751778,0.506428301,-7.54776144,-6.70053625,-7.22968149,-2.92914343,-7.92229748,-8.75953865,-7.88426781,-7.20443964,-6.13846779,-8.48379517,-7.78826332,-11.9344263]","[0.631318033,0.182799309,0.177562594,0.00391377928,2.74872327e-05,0.000253663311,0.00243249489,0.00163328601,5.19005425e-07,1.21092478e-06,7.13366489e-07,5.26032054e-05,3.56872562e-07,1.54491275e-07,3.70705692e-07,7.3160237e-07,2.12432315e-06,2.03543777e-07,4.08059492e-07,6.45754339e-09]",2.748723272816278e-05,9,-10.04184341430664,0,0,54,55,54,"[7.91467047,5.06131315,5.63672018,-1.94882846,-3.53941655,-3.55851412,1.3722564,0.687398851,-8.65666103,-8.19252777,-7.77689648,-3.89112711,-8.63350201,-9.53576374,-8.4059906,-8.37035942,-6.25296926,-9.54297733,-8.13234711,-14.4963417]","[0.860293448,0.0495963022,0.0881749764,4.47696366e-05,9.12431187e-06,8.95170797e-06,0.00123968767,0.000625003537,5.4677546e-08,8.69721006e-08,1.3179104e-07,6.41880024e-06,5.59586013e-08,2.26996697e-08,7.0254508e-08,7.28027558e-08,6.04949719e-07,2.25365131e-08,9.23668324e-08,1.59099331e-10]",9.124311873165425e-06,7,-11.454087257385254,0,0
255,4,0.7942748069763184,2840.978271484375,2.3295769691467285,1.5963263511657715,255,256,255,"[6.06202936,5.605896,4.79960728,1.77571654,-3.50538421,-1.3340466,0.642221093,0.235632941,-7.23560905,-6.49325657,-7.11991549,-2.84291458,-7.57399702,-8.73729897,-7.58624172,-6.90378189,-5.79958677,-8.27426529,-7.59777641,-12.0438681]","[0.515817642,0.32688877,0.14595978,0.0070953574,3.6092868e-05,0.000316534715,0.00228403765,0.00152098306,8.65775746e-07,1.81888231e-06,9.71965164e-07,7.00048913e-05,6.17227386e-07,1.92854486e-07,6.09715357e-07,1.20646894e-06,3.63966751e-06,3.06423942e-07,6.0272356e-07,7.06651804e-09]",3.609286795835942e-05,9,-9.567413330078125,0,0,55,56,55,"[6.75220585,5.91602135,4.79889297,-0.553860307,-3.09465647,-3.46362042,0.788042843,0.195774645,-7.95934868,-7.69198656,-7.52025223,-3.64737582,-8.0101099,-9.49833298,-7.619874,-7.75626373,-5.83557129,-8.76438141,-7.5763607,-14.2863235]","[0.63293016,0.274287164,0.089751713,0.000424983038,3.34901924e-05,2.31568174e-05,0.00162612053,0.000899360573,2.58350212e-07,3.3753787e-07,4.00779925e-07,1.92696916e-05,2.45563314e-07,5.54416353e-08,3.62777882e-07,3.1652462e-07,2.16049693e-06,1.15501479e-07,3.78912034e-07,4.61783195e-10]",3.349019243614748e-05,7,-9.84686279296875,0,0
256,4,0.9691808223724365,30.890445709228516,2.6180837154388428,7.831268310546875,256,257,256,"[6.28447866,5.53010702,5.58953524,0.334311575,-3.67545676,-0.871335804,0.351262361,-0.318569571,-7.26855612,-6.7256937,-7.67029858,-2.33933449,-7.21666145,-9.44152832,-7.56153584,-6.66485739,-5.75004625,-8.84695148,-7.44691944,-13.4487686]","[0.505805552,0.237883419,0.252448916,0.00131782831,2.39022229e-05,0.000394686969,0.00134035724,0.000685987354,6.57619978e-07,1.13171666e-06,4.40049007e-07,9.09303635e-05,6.92648314e-07,7.4862669e-08,4.90609693e-07,1.20270181e-06,3.00231204e-06,1.35671044e-07,5.50190919e-07,1.36126599e-09]",2.3902222892502323e-05,9,-9.959935188293457,0,0,56,57,56,"[6.87571144,5.45577335,6.70598221,-2.28377223,-3.73699975,-2.30381203,0.820476532,-0.698407829,-8.20729637,-7.58056879,-7.85888672,-3.42439222,-7.51849079,-9.97512531,-7.67912769,-7.33131647,-6.28234911,-9.08197975,-7.59071207,-15.5351114]","[0.478754431,0.115728825,0.404017657,5.03731972e-05,1.17779855e-05,4.93737898e-05,0.00112294301,0.000245875068,1.34786305e-07,2.52249237e-07,1.90966915e-07,1.61003318e-05,2.68404762e-07,2.30084307e-08,2.28573825e-07,3.23652387e-07,9.23930997e-07,5.62050246e-08,2.49703533e-07,8.8555531e-11]",1.1777985491789877e-05,9,-10.612710952758789,0,0
257,4,1.0604214668273926,84.0650863647461,1.7671208381652832,1.230647325515747,257,258,257,"[5.17607975,7.48710871,3.70767403,2.28368354,-2.16989541,-1.45524025,0.735620379,-0.51103425,-6.79466057,-5.85050535,-8.1170454,-2.26328564,-7.52122974,-8.98092556,-7.45109606,-6.42729998,-5.21276474,-8.46413422,-7.73167801,-11.1605587]","[0.0878091305,0.885537088,0.0202217679,0.00486841984,5.66530725e-05,0.000115769501,0.00103531545,0.000297616847,5.55537497e-07,1.42808676e-06,1.48050049e-07,5.16017099e-05,2.6863836e-07,6.24065422e-08,2.88155746e-07,8.02151249e-07,2.70222813e-06,1.04633365e-07,2.1765662e-07,7.05712644e-09]",5.665307253366336e-05,8,-9.657004356384277,1,1,57,58,57,"[5.46159697,8.7234478,2.99617434,0.938084602,-1.87527514,-3.22236109,0.384323746,-1.13993716,-7.23164082,-6.29308701,-8.09105778,-2.09143305,-7.94356155,-9.16875362,-7.68839598,-7.09774923,-5.04254246,-8.47952175,-7.29532671,-12.366415]","[0.0367611758,0.959385633,0.00312370458,0.000398889795,2.39346209e-05,6.22292418e-06,0.000229275582,4.99320522e-05,1.12923999e-07,2.88665603e-07,4.7812982e-08,1.92819225e-05,5.54118991e-08,1.62745586e-08,7.1518734e-08,1.29102446e-07,1.00809075e-06,3.242193e-08,1.05956609e-07,6.64939548e-10]",2.3934620912768878e-05,7,-10.598722457885742,1,1
258,4,1.9010684490203857,47657.6875,3.2043187618255615,5.379889011383057,258,259,258,"[5.60284901,8.94024849,2.87916088,2.82553124,-2.93024111,-2.18945146,1.04333818,-0.173649028,-7.30613422,-5.91597986,-9.31934547,-2.81780815,-8.2056179,-9.41964722,-8.29260254,-7.00952673,-5.94091034,-9.32059669,-8.42293835,-11.49154]","[0.0341435596,0.960999072,0.00224091858,0.00212390395,6.72101805e-06,1.40979455e-05,0.000357386743,0.000105829728,8.45296384e-08,3.39426066e-07,1.12896918e-08,7.52079632e-06,3.43849038e-08,1.02122533e-08,3.15203366e-08,1.13716474e-07,3.31068435e-07,1.12755743e-08,2.76685448e-08,1.28620559e-09]",6.721018053212902e-06,9,-11.870489120483398,1,1,58,59,58,"[5.7508502,10.7853584,0.952197731,0.57743156,-3.08639264,-5.39377022,1.22436607,-1.10786152,-7.56199694,-6.67012262,-9.32020187,-2.53487539,-7.97259665,-9.03576469,-8.25210667,-7.60139704,-6.23111248,-8.90519142,-8.2567625,-13.7011595]","[0.00646620383,0.993364334,5.32869999e-05,3.66321401e-05,9.39039182e-07,9.34547657e-08,6.99555821e-05,6.79123514e-06,1.06894058e-08,2.60788724e-08,1.84236071e-09,1.63006428e-06,7.08978076e-09,2.44851828e-09,5.36096456e-09,1.02764117e-08,4.04528109e-08,2.79004087e-09,5.33605293e-09,2.30541194e-11]",9.390391824126709e-07,8,-13.871750831604004,1,1
259,4,1.8050020933151245,271.1340637207031,4.315019130706787,2.8695414066314697,259,260,259,"[7.68816423,5.28535509,4.52552128,0.807687759,-2.99854255,-2.57713938,1.17465627,-0.289463878,-8.24260712,-7.01511335,-8.18428707,-3.061517,-8.23450184,-9.34420586,-7.80581808,-7.93469572,-6.43926191,-9.17045021,-8.75216389,-12.9368134]","[0.880504608,0.0796535015,0.037257459,0.000904854329,2.01165694e-05,3.06596339e-05,0.00130602391,0.00030205911,1.06190512e-07,3.62392598e-07,1.12567598e-07,1.88887971e-05,1.07054618e-07,3.52912863e-08,1.6435412e-07,1.4448068e-07,6.44567535e-07,4.19883364e-08,6.37951487e-08,9.71444258e-10]",2.011656943068374e-05,8,-10.68670654296875,0,1,59,60,59,"[10.7341595,4.3494916,3.1660471,-1.51000571,-2.87536526,-6.89215851,0.90167141,-0.212882116,-9.51592255,-8.72764587,-7.84695292,-3.43192792,-9.15489769,-9.73703384,-8.40840626,-9.86306381,-6.23142815,-9.71807003,-9.3691473,-15.4645939]","[0.997723162,0.00168338732,0.000515490421,4.80215976e-06,1.22593815e-06,2.20799166e-08,5.35568179e-05,1.75699424e-05,1.60144187e-09,3.52253582e-09,8.4983709e-09,7.02678335e-07,2.29774733e-09,1.28375977e-09,4.84729901e-09,1.1317477e-09,4.27512674e-08,1.30833588e-09,1.85461801e-09,4.17865048e-12]",1.225938149218564e-06,7,-13.609524726867676,0,0
260,4,1.933253526687622,100.33055877685547,4.585583209991455,2.165799856185913,260,261,260,"[8.20109844,3.24245381,4.65518904,1.69685853,-4.9265337,-2.11726999,1.21569407,0.694516897,-7.49296951,-6.70704412,-7.98289824,-3.8879981,-7.69629049,-8.11575699,-7.31315136,-7.49844122,-6.39398098,-8.84499645,-8.6434803,-12.6987734]","[0.962576091,0.00675963052,0.0277629867,0.00144105149,1.91503568e-06,3.17851882e-05,0.000890661089,0.00052889355,1.4709164e-07,3.22783109e-07,9.01185118e-08,5.41012014e-06,1.200291e-07,7.8906794e-08,1.76068639e-07,1.46288912e-07,4.4144096e-07,3.80549317e-08,4.65508805e-08,8.06744616e-10]",1.915035682031885e-06,9,-13.127632141113281,0,0,60,61,60,"[11.4415188,1.34247351,4.31328487,-0.550406098,-4.2626667,-6.7028532,1.14625943,0.736327112,-8.642416,-8.24080658,-7.46914339,-4.86826658,-8.6041851,-8.3896265,-7.76399422,-9.23961544,-6.55262184,-9.74176407,-9.27197933,-14.9875708]","[0.999094963,4.10816028e-05,0.000801408838,6.18842023e-06,1.51135211e-07,1.31706042e-08,3.37623278e-05,2.24078995e-05,1.89349736e-09,2.82931611e-09,6.12083584e-09,8.24815416e-08,1.96728922e-09,2.43809262e-09,4.55783367e-09,1.04208675e-09,1.53056163e-08,6.30701602e-10,1.00890074e-09,3.32352245e-12]",1.5113521101284277e-07,7,-15.704185485839844,0,0
261,4,2.0928151607513428,140.5173797607422,4.026362419128418,2.029219627380371,261,262,261,"[7.89923382,3.63943553,4.74360847,1.29611278,-4.7719698,-2.34481835,1.14682174,0.338871986,-7.50606918,-6.72645044,-7.60015249,-3.77628422,-7.83333588,-8.04765129,-7.36208296,-7.41008043,-6.31746626,-8.81671429,-8.54393864,-13.0084076]","[0.943546236,0.0133277308,0.0402061529,0.00127956993,2.96298435e-06,3.35604309e-05,0.00110211712,0.000491292041,1.92453001e-07,4.19671039e-07,1.75172318e-07,8.01955139e-06,1.38737718e-07,1.11974352e-07,2.22258166e-07,2.11842107e-07,6.3172638e-07,5.189424e-08,6.81685606e-08,7.84674381e-10]",2.962984353871434e-06,9,-12.67120361328125,0,0,61,62,61,"[11.1599989,1.45766032,4.66197777,-1.33398461,-3.34508348,-6.37118053,1.28779519,0.00873910263,-9.16866112,-7.91398764,-7.10954523,-5.22390079,-8.28409767,-7.94069958,-7.57934093,-9.18031502,-6.22532415,-9.59596062,-9.63939476,-15.4056129]","[0.998364747,6.10403877e-05,0.00150395394,3.74301203e-06,5.00970486e-07,2.42993536e-08,5.15045467e-05,1.43337165e-05,1.48137425e-09,5.19472199e-09,1.16125296e-08,7.65335813e-08,3.5877803e-09,5.05779552e-09,7.25934335e-09,1.46421064e-09,2.81150978e-08,9.662533e-10,9.25183263e-10,2.89727812e-12]",5.009704864278319e-07,7,-14.505082130432129,0,0
262,4,1.871166706085205,215.6552276611328,3.414656639099121,2.3774545192718506,262,263,262,"[7.41114283,3.77229834,5.49020576,1.055547,-4.33824492,-2.53278351,1.07992578,-0.0738419294,-7.49288273,-6.74931145,-7.20635748,-3.50529552,-7.8115387,-8.16817856,-7.3433485,-7.26655436,-6.02560902,-8.61583996,-8.18822575,-13.201292]","[0.849683285,0.0223319698,0.124452807,0.0014759003,6.70753298e-06,4.08004489e-05,0.00151232304,0.000477056135,2.86101965e-07,6.01797126e-07,3.810284e-07,1.54279514e-05,2.08032262e-07,1.45627709e-07,3.32248248e-07,3.58768375e-07,1.24093697e-06,9.30736377e-08,1.42737207e-07,9.49271772e-10]",6.707532975269714e-06,9,-11.749387741088867,0,0,62,63,62,"[10.4721384,1.83781362,4.5367794,-1.45396805,-2.91554856,-5.94744015,1.13948345,-0.137307614,-8.87735748,-7.55447435,-7.18560648,-5.051373,-7.87271214,-7.81190443,-7.41362143,-8.75870609,-6.06969786,-9.31758308,-9.34151173,-15.5156622]","[0.997064769,0.000177371432,0.00263651158,6.59600755e-06,1.52941334e-06,7.37549186e-08,8.82272652e-05,2.46093259e-05,3.93861654e-09,1.47864769e-08,2.13826734e-08,1.80695707e-07,1.07561302e-08,1.1430485e-08,1.70230283e-08,4.43479697e-09,6.52672583e-08,2.53604493e-09,2.47607868e-09,5.15661819e-12]",1.5294133390852949e-06,7,-13.387686729431152,0,0
263,4,2.3818695545196533,822.5487060546875,3.3266825675964355,32.52428436279297,263,264,263,"[7.24782228,4.38480902,6.03686047,0.102283031,-3.52543855,-1.95035768,1.21202683,-0.492997795,-7.66646385,-6.98883104,-7.47168398,-3.4034524,-8.05904102,-8.69076157,-7.87395573,-7.44140625,-6.10604477,-8.98838234,-8.14390278,-13.4544258]","[0.735958695,0.0420206301,0.219249889,0.000580209948,1.54200425e-05,7.44962745e-05,0.00176011433,0.000319932267,2.45279608e-07,4.83007057e-07,2.9802527e-07,1.74206216e-05,1.65640657e-07,8.80672886e-08,1.99318904e-07,3.07186951e-07,1.16773117e-06,6.53972663e-08,1.5216402e-07,7.51590901e-10]",1.542004247312434e-05,9,-10.773261070251465,0,0,63,64,63,"[10.3423519,1.64760101,4.45522976,-3.22439957,-1.20591724,-4.86179829,1.87193906,-0.632387817,-8.64301586,-7.3177228,-7.44386053,-5.10315847,-7.81994677,-7.8854022,-7.74227953,-8.66433048,-6.22410011,-9.36391735,-9.25412655,-15.9130001]","[0.99682945,0.000166931612,0.00276615284,1.27836711e-06,9.62213107e-06,2.48623593e-07,0.000208913814,1.70746516e-05,5.66734926e-09,2.13278994e-08,1.88003852e-08,1.95308317e-07,1.29072877e-08,1.20894805e-08,1.39497187e-08,5.5478413e-09,6.36652047e-08,2.75610934e-09,3.07594106e-09,3.94517578e-12]",9.622131074138451e-06,6,-11.548269271850586,0,0
264,4,3.1378774642944336,222.87094116210938,6.13398551940918,12.590316772460938,264,265,264,"[7.0326066,4.51010323,6.93903971,-0.487198681,-3.53884053,-1.25214708,1.142416,-0.882959902,-7.77550411,-7.1868434,-7.69479132,-3.45917106,-7.91747665,-9.07711124,-7.90575647,-7.48951149,-6.37772131,-9.09598827,-7.90326023,-13.8024826]","[0.501273334,0.0402314141,0.456498146,0.000271809462,1.28514857e-05,0.000126488696,0.00138674723,0.000182973235,1.85777736e-07,3.34692487e-07,2.01394201e-07,1.39172553e-05,1.61189277e-07,5.05490334e-08,1.63089339e-07,2.47285755e-07,7.51697655e-07,4.96037664e-08,1.63497035e-07,4.48239945e-10]",1.285148573515471e-05,9,-10.571447372436523,0,2,64,65,64,"[9.20464039,-0.596617758,8.81001282,-6.62118435,-0.380850911,-2.97624493,2.39098001,-1.66163838,-8.14722443,-8.16008568,-6.5687108,-4.40076208,-7.61254072,-8.66272926,-7.341012,-7.82666731,-6.1294384,-8.25337982,-7.74723148,-16.8712044]","[0.596950769,3.30602525e-05,0.402303666,7.99595128e-08,4.10216016e-05,3.06088646e-06,0.000655848067,1.13965571e-05,1.7382769e-08,1.71606676e-08,8.42672634e-08,7.36525067e-07,2.96708329e-08,1.0380993e-08,3.89271797e-08,2.39516709e-08,1.30747296e-07,1.5632061e-08,2.5931886e-08,2.82710921e-12]",4.102160164620727e-05,4,-9.585491180419922,0,2
265,4,4.154043674468994,1994.4306640625,6.324828624725342,8.378763198852539,265,266,265,"[6.81720638,4.43695927,7.42025852,-0.477158934,-3.42023516,-0.753405154,1.04650605,-1.02665162,-7.74093771,-7.01615095,-7.65945911,-3.23108959,-7.88442039,-9.0650177,-7.83431625,-7.47460699,-6.30644131,-9.14402485,-7.66500473,-13.7328072]","[0.341879636,0.0316333435,0.624849558,0.000232258084,1.2240781e-05,0.000176196903,0.00106583489,0.00013406924,1.62686476e-07,3.35832169e-07,1.76497011e-07,1.47895098e-05,1.40941168e-07,4.32824088e-08,1.48182806e-07,2.12332935e-07,6.82881705e-07,3.99944255e-08,1.75520924e-07,4.0655207e-10]",1.224078096129233e-05,9,-10.840494155883789,2,0,65,66,65,"[6.78402233,-1.88786924,12.7158222,-4.4751606,0.728205264,-1.48704612,2.19187427,-2.971277,-6.91946936,-6.83420134,-6.13004494,-2.96424627,-6.85570002,-7.94430971,-5.91612577,-6.27945757,-4.59454393,-7.29163361,-5.87743902,-14.6417322]","[0.00264658639,4.53452287e-07,0.997318923,3.41102648e-08,6.20409355e-06,6.77028027e-07,2.68127678e-05,1.53466416e-07,2.96029556e-09,3.22379434e-09,6.51895471e-09,1.54549298e-07,3.15522386e-09,1.06231213e-09,8.07388378e-09,5.61420421e-09,3.02717105e-08,2.04036188e-09,8.39234104e-09,1.31098799e-12]",6.204093551787082e-06,4,-11.987616539001465,2,2
266,4,1.675441861152649,33.93904495239258,3.966695785522461,4.9654130935668945,266,267,266,"[5.91679668,5.84080982,6.43773556,1.25457287,-4.40324593,-0.798865199,0.113104351,0.161427334,-7.21878433,-6.56208277,-7.65579844,-2.64241481,-7.8325243,-9.33246231,-7.79839373,-6.76113272,-5.80797386,-8.91480732,-7.81666803,-12.8634806]","[0.27567026,0.255499035,0.464120567,0.00260382541,9.08766651e-06,0.000334052718,0.000831530895,0.000872699777,5.44101056e-07,1.04925539e-06,3.51468628e-07,5.28653982e-05,2.94534175e-07,6.57235972e-08,3.04760192e-07,8.59875058e-07,2.23042071e-06,9.97943985e-08,2.99241492e-07,1.92406246e-09]",9.08766651264159e-06,9,-10.840981483459473,2,1,66,67,66,"[8.51559353,6.37568712,5.79163074,-2.16108823,-6.34878826,-4.7655611,0.0148833171,0.282545894,-9.68025875,-9.35944748,-8.68157196,-3.60416889,-9.11451054,-11.431736,-8.4591856,-8.98162079,-6.59708357,-10.0320559,-8.18118,-16.775528]","[0.844751418,0.0993984044,0.0554277077,1.9494184e-05,2.9594429e-07,1.44144065e-06,0.000171758118,0.000224471834,1.05771996e-08,1.45779628e-08,2.8714048e-08,4.60450565e-06,1.86239593e-08,1.83532667e-09,3.58654262e-08,2.12708535e-08,2.30874988e-07,7.44024398e-09,4.73600714e-08,8.76867676e-12]",2.959442895189568e-07,9,-14.864381790161133,0,0
267,4,1.2524323463439941,129.9742889404297,2.6045145988464355,4.58512544631958,267,268,267,"[5.63227415,5.48865414,7.75072336,1.23030424,-4.21568203,-0.463561118,0.378409266,-0.318542749,-7.34867668,-6.64634562,-7.41719294,-1.96745634,-7.89221239,-9.37454987,-7.87526417,-7.19778967,-5.93775225,-8.72032356,-7.24649954,-12.6312695]","[0.0979685113,0.084861964,0.814924359,0.00120042567,5.17813351e-06,0.000220647329,0.000512108556,0.000255082035,2.25699907e-07,4.55564731e-07,2.10753782e-07,4.90416969e-05,1.3106208e-07,2.97649976e-08,1.3330208e-07,2.62458485e-07,9.25312179e-07,5.72575409e-08,2.49980502e-07,1.14638488e-09]",5.1781335059786215e-06,9,-11.966405868530273,2,2,67,68,67,"[5.80417061,5.41320705,9.25591373,-1.37421036,-5.11663723,-2.58904696,0.142323762,0.251652807,-8.15394878,-8.08793163,-6.82857609,-1.27485263,-8.38947582,-10.0239429,-8.350811,-8.34437847,-5.91681385,-9.18899155,-6.04429626,-14.3205652]","[0.0300833508,0.0203485247,0.949290633,2.29506513e-05,5.43850661e-07,6.810797e-06,0.000104572442,0.000116653653,2.60850666e-08,2.78652426e-08,9.81734445e-08,2.53481012e-05,2.06112283e-08,4.02034628e-09,2.14237836e-08,2.15620179e-08,2.44324696e-07,9.26571619e-09,2.15081187e-07,5.4734918e-11]",5.438506605059956e-07,9,-14.372550964355469,2,2
268,4,0.9246447086334229,83.26653289794922,2.799116611480713,3.981494426727295,268,269,268,"[5.87507343,4.76569748,7.10189915,0.897250772,-3.78477359,-0.703031659,0.886441112,-0.389958918,-7.04249096,-6.53727341,-7.33599329,-2.06257081,-7.39569187,-8.75127983,-7.59260321,-6.49309254,-5.76054621,-8.65034676,-7.51005268,-12.8564625]","[0.210190192,0.0693133026,0.716829896,0.00144800975,1.34089296e-05,0.000292265526,0.00143244199,0.000399708661,5.15923773e-07,8.55063433e-07,3.84697103e-07,7.50476465e-05,3.62403483e-07,9.34259532e-08,2.97628873e-07,8.93688593e-07,1.85920317e-06,1.03348036e-07,3.23240727e-07,1.54031443e-09]",1.3408929589786567e-05,9,-10.886672973632812,2,2,68,69,68,"[6.73818111,4.88747168,8.5116272,-0.74621582,-3.99841166,-3.50214815,1.18066692,-0.780547678,-8.04972076,-7.65712023,-7.05887651,-1.44873369,-8.42198944,-9.67681694,-8.51360989,-8.26292324,-5.58041859,-9.43724632,-7.05980682,-14.8033657]","[0.141772553,0.0222761054,0.835199118,7.96452514e-05,3.08140625e-06,5.0614326e-06,0.000547008996,7.6957258e-05,5.361521e-08,7.93948658e-08,1.44412894e-07,3.94512172e-05,3.69499418e-08,1.05353326e-08,3.37149935e-08,4.33206466e-08,6.33420768e-07,1.33872842e-08,1.44278687e-07,6.25484387e-11]",3.0814062483841553e-06,9,-12.510038375854492,2,2
269,4,1.0705368518829346,32.799564361572266,1.8081252574920654,15.6138916015625,269,270,269,"[5.69948578,5.20888853,6.1446023,1.55029798,-4.31561184,-0.870168507,0.654038668,-0.022689078,-7.02621222,-6.5165801,-7.18255138,-2.16352367,-7.15489101,-8.90213203,-7.61286497,-6.24962187,-5.91053486,-8.55147648,-7.39694023,-12.4630213]","[0.312472045,0.19131434,0.487666398,0.00492994068,1.39736339e-05,0.000438173884,0.00201187609,0.00102259184,9.29203395e-07,1.54682493e-06,7.9471846e-07,0.000120212426,8.1700756e-07,1.42367014e-07,5.16809735e-07,2.02013166e-06,2.83558779e-06,2.02160692e-07,6.41365887e-07,4.04514777e-09]",1.3973633940622676e-05,9,-10.460214614868164,2,0,69,70,69,"[6.63237476,4.29345179,7.18477154,-0.257827222,-4.87976837,-0.976241171,1.25594461,0.331575722,-8.00355911,-6.90342712,-7.26663446,-1.30808401,-7.7600069,-9.03178024,-8.52533817,-7.68237686,-5.7721324,-9.44877148,-6.86431026,-13.2771797]","[0.351841062,0.0339285433,0.611292958,0.000358071527,3.52116444e-06,0.000174568791,0.00162701902,0.000645571447,1.54896355e-07,4.65395772e-07,3.23656025e-07,0.000125270526,1.97612565e-07,5.53974822e-08,9.1925294e-08,2.13564405e-07,1.44257126e-06,3.65085278e-08,4.83961344e-07,7.93846322e-10]",3.5211644444643753e-06,9,-12.064539909362793,2,0
270,4,1.2403703927993774,282.2475280761719,3.7307019233703613,2.7743351459503174,270,271,270,"[6.34382915,4.62938261,6.06539822,1.7727704,-4.9588151,-1.2974261,1.00994086,-0.0436222069,-7.45657492,-6.68341064,-7.20329142,-2.36278248,-7.54190969,-8.39162254,-7.48925495,-6.73751116,-6.26150417,-8.58922291,-7.70830011,-12.4007282]","[0.511624038,0.0921247452,0.387284338,0.00529377395,6.3135717e-06,0.00024569477,0.00246872543,0.000860827568,5.19411344e-07,1.12536293e-06,6.69131452e-07,8.4667663e-05,4.76926004e-07,2.03903937e-07,5.02711544e-07,1.06609832e-06,1.71602755e-06,1.67343501e-07,4.03821048e-07,3.70078235e-09]",6.313571702776244e-06,9,-11.302644729614258,0,0,70,71,70,"[8.79944515,4.79702234,5.51436138,-1.95793152,-5.97205305,-2.73777246,0.932701707,-0.164644837,-8.73609543,-8.88687229,-7.74909258,-2.87367845,-8.67170238,-9.37061214,-8.56163406,-8.27468872,-6.98258543,-10.0038729,-8.34064674,-15.8120766]","[0.946736395,0.017298121,0.0354433917,2.01539297e-05,3.63955849e-07,9.24015694e-06,0.00036286554,0.000121108358,2.29424675e-08,1.97314503e-08,6.15588149e-08,8.06595926e-06,2.44683847e-08,1.21638948e-08,2.73154122e-08,3.63937289e-08,1.32489077e-07,6.45731291e-09,3.40707835e-08,1.93901232e-11]",3.639558485701855e-07,9,-14.77149772644043,0,0
271,4,0.5975968837738037,24.458620071411133,1.2039880752563477,1.6248077154159546,271,272,271,"[5.51181459,4.08464336,7.24216843,1.06762648,-3.64714313,-0.839897275,1.45185769,-0.187291697,-6.82248783,-6.0399003,-6.79225969,-2.12538576,-7.24502945,-8.68248558,-7.30792046,-6.47330952,-5.1775074,-8.23631763,-7.32947063,-12.0556574]","[0.144563586,0.0346933603,0.81572181,0.00169813645,1.52185767e-05,0.000252084166,0.00249368744,0.00048413733,6.35827689e-07,1.39063491e-06,6.55341353e-07,6.97052019e-05,4.16708133e-07,9.89811966e-08,3.91308021e-07,9.01541398e-07,3.29416503e-06,1.54639693e-07,3.82965453e-07,3.39315109e-09]",1.5218576663755812e-05,9,-10.889311790466309,2,2,71,72,71,"[6.64509392,3.98944426,7.69010496,-0.136361659,-3.97497535,-0.916502953,2.01977301,0.117021307,-7.99693871,-6.36978912,-7.70355511,-1.44736826,-7.91485882,-9.05863571,-8.3444252,-7.45504618,-5.35515356,-9.37059307,-7.40736485,-12.4866695]","[0.25465107,0.0178900473,0.72408241,0.000288932584,6.218816e-06,0.00013242985,0.00249571004,0.000372254086,1.11427227e-07,5.67091831e-07,1.49419279e-07,7.7881341e-05,1.20959101e-07,3.85391559e-08,7.87190473e-08,1.91572198e-07,1.56424142e-06,2.82111241e-08,2.00927971e-07,1.25062183e-09]",6.218815997272031e-06,9,-11.665080070495605,2,2
272,4,0.5842947959899902,137.98837280273438,0.7329864501953125,1.57211172580719,272,273,272,"[6.39161301,4.05410099,5.89301872,1.17485142,-3.87628555,-1.26992083,1.51586354,0.242748484,-7.36580944,-6.68310642,-7.03491068,-3.32925701,-7.37252998,-8.57854462,-7.19652891,-6.9272213,-6.29747295,-8.0378828,-8.05271244,-11.8057823]","[0.58148998,0.0561530851,0.353187621,0.00315450644,2.01953098e-05,0.0002736405,0.00443640351,0.00124200748,6.16268551e-07,1.21973119e-06,8.5798024e-07,3.48997601e-05,6.12140184e-07,1.83267474e-07,7.299397e-07,9.55533665e-07,1.79367044e-06,3.14696706e-07,3.10064308e-07,7.26965554e-09]",2.0195309843984433e-05,9,-10.267898559570312,0,0,72,73,72,"[6.73909473,4.59664774,6.18651581,1.50799537,-4.53569508,-1.9625411,1.80816114,-0.138879254,-7.66072321,-6.58934593,-7.40563107,-2.98768854,-7.70353174,-8.34474182,-7.92951536,-7.27253723,-6.4909234,-8.73056889,-8.27595139,-12.0682955]","[0.585934699,0.0687695742,0.337184221,0.00313337054,7.43481633e-06,9.74488212e-05,0.00423030835,0.000603647029,3.26653975e-07,9.53632366e-07,4.21573048e-07,3.49591719e-05,3.12965454e-07,1.64824684e-07,2.49662094e-07,4.81587051e-07,1.05226604e-06,1.12062231e-07,1.76562125e-07,3.98017885e-09]",7.434816325257998e-06,9,-11.274789810180664,0,0
273,4,0.5610424280166626,162.4983367919922,1.0036312341690063,1.0709046125411987,273,274,273,"[6.16559887,3.98885036,5.90764809,1.09836388,-3.74143457,-1.45441043,1.35879612,0.503331125,-7.07037592,-6.72183371,-6.97811365,-3.54497409,-7.19550848,-8.60775089,-7.00387573,-6.75071716,-6.25811148,-7.89937401,-7.94870853,-11.8387413]","[0.525041759,0.0595448166,0.405664712,0.00330766593,2.61591522e-05,0.000257552514,0.00429166574,0.00182432507,9.37309039e-07,1.32816842e-06,1.02790227e-06,3.18379753e-05,8.27063502e-07,2.01469604e-07,1.00175998e-06,1.29035459e-06,2.11176302e-06,4.09122805e-07,3.89428749e-07,7.96175215e-09]",2.615915218484588e-05,9,-9.907033920288086,0,0,73,74,73,"[6.2027421,4.12040758,6.28715611,1.65835917,-3.93739247,-2.45804167,1.75368261,-0.0356884934,-7.02379417,-6.46603537,-7.0602746,-3.06580687,-7.31866837,-8.41587543,-7.42640066,-6.90198278,-6.28842545,-8.23901272,-7.77915907,-11.9031668]","[0.446965069,0.0557092354,0.48633343,0.00474977586,1.76388075e-05,7.74360451e-05,0.00522482302,0.000872886216,8.05494039e-07,1.40699854e-06,7.76637648e-07,4.21690784e-05,5.99791122e-07,2.00211346e-07,5.38532959e-07,9.09838036e-07,1.68046279e-06,2.38945688e-07,3.78452398e-07,6.12318374e-09]",1.76388075487921e-05,9,-10.22454833984375,2,0
274,4,0.631028413772583,247.31275939941406,1.2087260484695435,1.3943051099777222,274,275,274,"[6.04705763,4.2263875,6.0152607,0.926536322,-3.38630939,-1.70517004,1.42858994,0.341403484,-7.04395008,-6.70440722,-6.96489668,-3.61278152,-7.32478046,-8.61538124,-7.16483784,-6.77588797,-6.15367603,-7.95698738,-7.89772749,-11.8608513]","[0.465033531,0.075296931,0.450479537,0.00277760345,3.7207039e-05,0.00019986408,0.00458890619,0.00154721329,9.59692443e-07,1.34770073e-06,1.03863931e-06,2.96667004e-05,7.24717893e-07,1.99373659e-07,8.50415574e-07,1.25472968e-06,2.33761625e-06,3.85127549e-07,4.08640545e-07,7.765669e-09]",3.7207038985798135e-05,8,-9.433366775512695,0,0,74,75,74,"[6.01179886,4.64812517,6.65935373,0.860675097,-3.96177769,-2.91389608,1.67227483,-0.134617135,-7.01747417,-6.74033117,-7.26013708,-3.28723955,-7.53736591,-8.90191555,-7.6129427,-7.05660009,-6.27046442,-8.50529003,-7.58783245,-12.4331226]","[0.313691199,0.0802169964,0.599420846,0.00181717949,1.46228786e-05,4.16986768e-05,0.00409139181,0.00067165721,6.88589978e-07,9.08495167e-07,5.4022388e-07,2.87065668e-05,4.0942524e-07,1.046064e-07,3.79622577e-07,6.62168873e-07,1.45339334e-06,1.55528696e-07,3.89275698e-07,3.0617866e-09]",1.4622878552472685e-05,9,-10.621131896972656,2,2
275,4,1.084334135055542,87.80364990234375,1.605583667755127,2.260699987411499,275,276,275,"[6.07512379,4.05421782,6.39386415,0.874705315,-3.37562633,-1.77611208,1.37640643,0.226919785,-7.0428319,-6.62029839,-6.9193778,-3.50395966,-7.34941626,-8.54628468,-7.16517544,-6.79293728,-5.99914789,-8.10904121,-7.84252596,-11.8921318]","[0.395883769,0.052468583,0.544496238,0.00218300452,3.11285403e-05,0.000154106063,0.00360529474,0.00114215468,7.95265919e-07,1.21343373e-06,8.9976146e-07,2.73794576e-05,5.85280475e-07,1.76835911e-07,7.03685487e-07,1.02103252e-06,2.25828398e-06,2.73818841e-07,3.57445344e-07,6.2299983e-09]",3.112854028586298e-05,8,-9.769490242004395,2,2,75,76,75,"[6.0034008,4.95870161,7.7293148,0.367899328,-3.9605155,-3.38169575,1.47472978,-0.286077768,-7.32062244,-6.92846107,-7.50915241,-3.27878141,-7.82082939,-9.35728931,-7.86223793,-7.35610247,-6.22665405,-9.0331068,-7.59322309,-12.8753643]","[0.143145278,0.0503581725,0.804140508,0.000510869373,6.73756495e-06,1.20193608e-05,0.00154525461,0.000265638664,2.34006109e-07,3.46370399e-07,1.93798186e-07,1.33222111e-05,1.41902532e-07,3.0529133e-08,1.36146554e-07,2.25849263e-07,6.98765859e-07,4.22186517e-08,1.78171433e-07,9.05385378e-10]",6.737564945069607e-06,9,-11.689830780029297,2,2
276,4,1.7381428480148315,737.4916381835938,2.7473015785217285,2.7981951236724854,276,277,276,"[6.03870678,3.59746838,6.73242235,0.742730975,-3.42761636,-1.63867545,1.43620193,0.267391056,-7.01326704,-6.5355382,-6.7657752,-3.4981904,-7.20774174,-8.33431816,-7.00896168,-6.70861864,-5.96986008,-8.03191376,-7.77993679,-11.9524136]","[0.321855903,0.0280185156,0.644077778,0.00161305233,2.49166387e-05,0.000149079118,0.00322714937,0.00100279215,6.90655156e-07,1.11361805e-06,8.84597341e-07,2.3218794e-05,5.6859335e-07,1.84304625e-07,6.93634775e-07,9.3663067e-07,1.96068299e-06,2.49384129e-07,3.20848926e-07,4.94558172e-09]",2.491663872206118e-05,8,-10.160038948059082,2,0,76,77,76,"[5.82263041,4.11208868,9.47972393,0.328120321,-3.81946158,-4.13480663,1.35695875,-0.480821282,-7.19629955,-6.96286678,-7.36485815,-3.41814423,-7.68724155,-9.40102959,-7.45455027,-7.2442522,-6.02833509,-8.96499538,-7.52670193,-13.5790157]","[0.0250331778,0.00452519301,0.969999492,0.000102868056,1.62558069e-06,1.18592163e-06,0.000287805626,4.58101313e-05,5.5522289e-08,7.01206417e-08,4.69097046e-08,2.42827878e-06,3.39823281e-08,6.12300832e-09,4.28854854e-08,5.2922573e-08,1.78528211e-07,9.46961976e-09,3.99002325e-08,9.38617239e-11]",1.6255806940534967e-06,8,-13.299185752868652,2,2
277,4,1.671107530593872,152.82846069335938,3.0919294357299805,40.208831787109375,277,278,277,"[5.78344154,3.92735028,7.56188917,-0.0509922802,-3.76097751,-1.04747856,1.25073874,-0.11018008,-6.80091333,-6.74484682,-6.82535982,-2.9606688,-7.24408674,-8.67900753,-7.22207737,-6.36024618,-5.80551672,-8.18727589,-7.49484777,-12.8174]","[0.140949935,0.0220279805,0.834516406,0.000412289606,1.00919824e-05,0.000152206834,0.00151543389,0.000388595334,4.82779683e-07,5.10620623e-07,4.71120501e-07,2.24670439e-05,3.09942294e-07,7.38079677e-08,3.16839987e-07,7.50115078e-07,1.30630281e-06,1.20686749e-07,2.41199643e-07,1.17712295e-09]",1.0091982403537259e-05,9,-11.322866439819336,2,2,77,78,77,"[6.60654211,2.54891014,9.92970371,-2.10133219,-3.74096727,-4.13940811,2.39245534,-0.149945974,-7.55611467,-7.71899939,-7.68385124,-3.67565536,-7.88383865,-9.14172173,-7.31289864,-7.48460436,-6.28687143,-8.68714333,-7.48273945,-14.8717098]","[0.0347446166,0.000600731408,0.964091599,5.74256592e-06,1.11434974e-06,7.48136188e-07,0.000513727486,4.04186612e-05,2.45541241e-08,2.08633146e-08,2.16096723e-08,1.18955882e-06,1.76927575e-08,5.02924813e-09,3.13148831e-08,2.63743036e-08,8.73673116e-08,7.92362531e-09,2.64234483e-08,1.63305515e-11]",1.1143497431476135e-06,8,-13.670671463012695,2,2
278,4,1.1381614208221436,103.74040985107422,2.440688133239746,2.718662738800049,278,279,278,"[5.73764277,4.63757849,6.76762247,1.26830125,-3.80169368,-1.15764201,0.879826486,-0.0920922458,-6.81094074,-6.62246466,-7.32262802,-2.24698877,-7.20730352,-8.94801712,-7.25293875,-6.3907671,-5.86809731,-8.39147472,-7.63212585,-12.7115936]","[0.240530506,0.0800605044,0.673728108,0.0027552417,1.73096651e-05,0.000243548711,0.00186830317,0.000706884603,8.53865288e-07,1.03096454e-06,5.11878397e-07,8.19385605e-05,5.74448904e-07,1.00755436e-07,5.48822925e-07,1.29977582e-06,2.19210574e-06,1.75781096e-07,3.75624268e-07,2.33758812e-09]",1.7309665054199286e-05,9,-10.569315910339355,2,2,78,79,78,"[7.22023296,4.01879311,8.07906055,-0.878886819,-5.15599775,-3.55087709,1.33503687,0.1582755,-7.96279526,-8.11602116,-7.7059989,-2.57097769,-8.37675571,-10.0159073,-7.97088718,-7.73514366,-6.76719379,-9.24518585,-7.94989395,-15.1522818]","[0.293675393,0.0119536305,0.693188906,8.92204334e-05,1.23862264e-06,6.16642774e-06,0.00081650581,0.000251708814,7.48103517e-08,6.41825579e-08,9.6713606e-08,1.64285411e-05,4.94517174e-08,9.60077973e-09,7.4207513e-08,9.39356397e-08,2.4728925e-07,2.07504041e-08,7.5781756e-08,5.64427012e-11]",1.2386226444505155e-06,9,-13.235057830810547,2,2
279,4,0.8432202935218811,47.30881118774414,3.0521841049194336,78.53241729736328,279,280,279,"[5.67308617,5.00105572,6.25568199,1.72338986,-3.29852819,-0.84728533,0.561783135,0.00281728432,-6.72890854,-6.16135597,-7.54048872,-2.33106995,-7.44629669,-8.60974598,-7.23478889,-6.77680683,-5.48680639,-8.35866642,-7.49572468,-12.0794325]","[0.300114602,0.153259709,0.537409484,0.00578037417,3.81034552e-05,0.000442105404,0.00180915813,0.00103447645,1.23358552e-06,2.17597676e-06,5.4790371e-07,0.000100259684,6.02020918e-07,1.88075219e-07,7.43820692e-07,1.1758907e-06,4.27176383e-06,2.41754208e-07,5.72987119e-07,5.85417714e-09]",3.810345515375957e-05,9,-9.554210662841797,2,0,79,80,79,"[6.71661663,4.98410225,7.17331934,-0.965156555,-4.9811058,-2.65760207,0.812519789,0.224065438,-7.57124138,-7.99177408,-7.86174202,-2.52303624,-8.32006168,-9.20101643,-7.75369263,-8.17785072,-6.24865913,-8.94029808,-7.75117207,-15.1316166]","[0.362240255,0.0640582815,0.571926415,0.000167049511,3.01120713e-06,3.07486007e-05,0.000988280168,0.000548677926,2.25870238e-07,1.4832807e-07,1.6892588e-07,3.51776107e-05,1.06819378e-07,4.42645742e-08,1.88200801e-07,1.23143636e-07,8.47713693e-07,5.74492596e-08,1.88675585e-07,1.17605856e-10]",3.0112071272014873e-06,9,-12.154424667358398,2,0
280,4,0.9979126453399658,89.33430480957031,2.441101312637329,1.712768793106079,280,281,280,"[6.00794983,6.21809912,5.26883459,2.57354283,-4.51807547,-1.42523694,1.87404239,0.0546234362,-7.20164537,-6.31262064,-8.41624165,-1.34245455,-8.01748562,-9.47493744,-8.20123005,-7.08756208,-6.05424595,-9.39571953,-7.97230434,-11.8128738]","[0.36185497,0.446479172,0.172798872,0.0116678393,9.70821657e-06,0.000213964959,0.00579697452,0.000939805177,6.63254582e-07,1.61353648e-06,1.96873813e-07,0.000232431164,2.93336115e-07,6.82970267e-08,2.44099169e-07,7.43405167e-07,2.08924644e-06,7.39274526e-08,3.06893384e-07,6.59248212e-09]",9.708216566650663e-06,9,-10.736174583435059,1,0,80,81,80,"[7.00529575,7.05774546,5.18279076,2.10299373,-5.49817228,-3.86633825,1.34867406,0.0792151988,-7.96261406,-7.64513826,-7.89341497,-1.70789433,-9.39002228,-10.2635088,-8.57664776,-8.29690647,-6.83401155,-9.34764004,-8.83068371,-13.9516468]","[0.448920608,0.473094761,0.0725547224,0.00333523843,1.66717939e-06,8.52469566e-06,0.00156866363,0.000440768839,1.41804207e-07,1.94789905e-07,1.51964343e-07,7.38038434e-05,3.40230137e-08,1.42043977e-08,7.67391981e-08,1.01509656e-07,4.38363429e-07,3.54960115e-08,5.95238276e-08,3.55373647e-10]",1.6671793900968623e-06,9,-12.555917739868164,1,0
281,4,1.1718624830245972,178.36151123046875,4.153131008148193,2.7131145000457764,281,282,281,"[6.28880405,4.97698641,5.70391369,1.95368385,-3.53011203,-1.53076136,1.92893445,-0.261057884,-7.4931035,-6.23952246,-7.96144724,-2.26068306,-7.84521198,-8.67281055,-7.55921555,-6.96923399,-6.28216314,-8.93489265,-8.2494669,-12.0016689]","[0.53923732,0.145232826,0.300445259,0.00706417114,2.93412631e-05,0.000216663466,0.00689148344,0.000771278224,5.57665032e-07,1.95342659e-06,3.49119631e-07,0.000104420295,3.92152316e-07,1.71408871e-07,5.2198908e-07,9.41645453e-07,1.8718822e-06,1.31890189e-07,2.61751467e-07,6.14225826e-09]",2.9341263143578544e-05,9,-9.818916320800781,0,2,81,82,81,"[7.92634535,4.88033199,5.33920717,0.00453409553,-2.98079181,-5.68389225,2.29561138,-0.344451398,-8.16435909,-7.91293764,-7.86402702,-3.41309071,-9.22068405,-9.38506985,-7.91781235,-8.53653431,-6.81737041,-9.05445194,-9.16317368,-14.3145847]","[0.887295485,0.0421892181,0.0667557195,0.000321861648,1.6261436e-05,1.0894754e-06,0.00318179047,0.000227042576,9.11935985e-08,1.17261401e-07,1.23139245e-07,1.05539239e-05,3.17109077e-08,2.69039724e-08,1.16691126e-07,6.28536796e-08,3.50714799e-07,3.74456981e-08,3.35880728e-08,1.94515806e-10]",1.6261436030617915e-05,7,-10.907136917114258,0,0
282,4,1.6999878883361816,125.8752212524414,4.000500202178955,4.836440086364746,282,283,282,"[7.32613897,3.82655311,5.65219879,0.981420755,-5.00779009,-1.24875295,1.35375595,0.122617185,-7.46602154,-6.93327808,-7.94161749,-3.57645226,-7.63644505,-8.14540577,-7.19637108,-6.8738246,-6.8188448,-8.71509266,-8.59381199,-12.9296112]","[0.817674577,0.0247018635,0.153319538,0.00143583422,3.59768524e-06,0.000154366193,0.0020835672,0.000608318136,3.07912302e-07,5.24559312e-07,1.91371697e-07,1.50537635e-05,2.59664773e-07,1.56089683e-07,4.03212823e-07,5.56691134e-07,5.88155672e-07,8.83001618e-08,9.96857352e-08,1.30502786e-09]",3.5976852359453915e-06,9,-12.333929061889648,0,0,82,83,82,"[9.61778641,2.87804484,4.56348944,-0.0199673772,-4.40333796,-5.24925327,1.81270623,0.715647876,-8.03446388,-7.89497185,-8.6297493,-4.99183655,-8.62628937,-8.62709713,-7.37996244,-8.19440937,-6.6966548,-9.73754501,-9.65939045,-14.2599344]","[0.991890669,0.00117336016,0.00633009896,6.46905246e-05,8.07545632e-07,3.46569635e-07,0.000404352788,0.000134993868,2.13889226e-08,2.45906229e-08,1.17939631e-08,4.48316939e-07,1.18348398e-08,1.18252954e-08,4.11561807e-08,1.82274142e-08,8.15064141e-08,3.89538313e-09,4.21203383e-09,4.2315651e-11]",8.07545632142137e-07,7,-14.021123886108398,0,0
283,4,1.671053171157837,103.7398910522461,4.347198009490967,4.4376749992370605,283,284,283,"[7.96220589,3.30777383,5.16060114,0.351319224,-4.88398266,-1.62748468,1.51197135,0.0604164861,-7.72806215,-7.04120827,-7.90504646,-3.80103064,-7.67016029,-8.18944931,-7.1462512,-7.11232328,-6.78365707,-8.83455467,-8.70958519,-13.4154263]","[0.932176948,0.00887368619,0.0565948449,0.000461458112,2.45736419e-06,6.37894409e-05,0.00147298095,0.00034498077,1.42988711e-07,2.84183187e-07,1.19794862e-07,7.25753989e-06,1.51512339e-07,9.01412633e-08,2.55846004e-07,2.64675236e-07,3.67664256e-07,4.72887614e-08,5.35835518e-08,4.84518869e-10]",2.4573641894676257e-06,9,-12.84618854522705,0,0,83,84,83,"[10.096736,2.07785296,4.26967764,-0.31547451,-3.86363149,-5.97468281,1.86702859,0.328525215,-8.2652626,-8.05458641,-8.1101656,-4.86077261,-8.48057842,-8.55049324,-7.11673546,-8.34385204,-6.27597713,-9.53755188,-9.48744678,-14.8722076]","[0.99638176,0.000327996531,0.00293607055,2.99543735e-05,8.62015952e-07,1.04399234e-07,0.000265649578,5.70355842e-05,1.05660023e-08,1.30438877e-08,1.23386856e-08,3.18025627e-07,8.51922088e-09,7.94396726e-09,3.33204255e-08,9.76740822e-09,7.72406636e-08,2.96048253e-09,3.11259996e-09,1.4274173e-11]",8.62015951952344e-07,7,-13.960367202758789,0,0
284,4,1.8257709741592407,1677.7672119140625,3.1750540733337402,10.957864761352539,284,285,284,"[7.92818689,3.0694859,5.41884518,-0.0464578867,-4.59754372,-1.85051155,1.76891983,-0.193618283,-7.80302572,-7.04255533,-7.56032419,-3.79157424,-7.62439394,-8.28597546,-7.21685123,-7.24891043,-6.65871668,-8.72241879,-8.46805573,-13.6425352]","[0.915828407,0.00710733794,0.0744767711,0.000315115467,3.3262786e-06,5.18775596e-05,0.00193588017,0.000271993747,1.34845138e-07,2.88472052e-07,1.71885645e-07,7.44709041e-06,1.61218352e-07,8.31941307e-08,2.42330117e-07,2.34684535e-07,4.23450643e-07,5.37709504e-08,6.93452336e-08,3.92435529e-10]",3.3262786018894985e-06,9,-12.52573013305664,0,0,84,85,84,"[10.1551504,1.04024851,4.24051285,-0.555537105,-3.99604082,-5.02556562,2.17892432,0.0824779123,-7.85706854,-7.58288813,-7.7516427,-5.02550745,-7.98759079,-7.89220953,-7.0193119,-8.00339603,-6.38904095,-8.99851513,-9.00295639,-14.9493389]","[0.996791184,0.000109661138,0.00269097532,2.22336948e-05,7.12557153e-07,2.54509047e-07,0.000342431187,4.20821525e-05,1.49967487e-08,1.97274854e-08,1.66641261e-08,2.54523599e-07,1.31617073e-08,1.44788999e-08,3.46600793e-08,1.29553062e-08,6.50958327e-08,4.78930984e-09,4.76809126e-09,1.24698888e-11]",7.125571528376895e-07,7,-14.151191711425781,0,0
285,4,1.2777920961380005,345.03985595703125,2.819805145263672,1.7703405618667603,285,286,285,"[5.63374996,4.75120449,6.10455132,1.67495954,-3.44637489,-1.59280384,0.595576227,-0.111070022,-6.58726501,-6.5514946,-6.92465639,-2.53240323,-7.14272976,-8.85836601,-6.96023226,-6.18202114,-5.84368324,-7.96972847,-7.55568218,-12.6609497]","[0.328413397,0.135873944,0.525880754,0.00626815995,3.74087067e-05,0.000238763838,0.00212995196,0.00105069636,1.617713e-06,1.67662665e-06,1.15444834e-06,9.3305076e-05,9.28253598e-07,1.6694554e-07,1.11409975e-06,2.42603505e-06,3.40278848e-06,4.05980558e-07,6.1421963e-07,3.72506404e-09]",3.740870670299046e-05,9,-9.550926208496094,2,1,85,86,85,"[6.99083519,4.3813014,7.56342268,0.167016596,-3.83876896,-4.4126091,0.392092168,-0.182869852,-7.41469765,-7.79047203,-7.2178731,-3.81626654,-8.11810207,-9.37294292,-7.41544914,-7.34258509,-6.00712872,-8.65717602,-8.09992599,-14.6711636]","[0.350915313,0.0258164313,0.622119665,0.000381641439,6.94968685e-06,3.91515687e-06,0.000477974478,0.000268968724,1.94517526e-07,1.33586312e-07,2.36831099e-07,7.10783388e-06,9.62663407e-08,2.74475767e-08,1.94371381e-07,2.09062918e-07,7.94801224e-07,5.61510198e-08,9.80319896e-08,1.3725103e-10]",6.949686849111458e-06,8,-11.402191162109375,2,2
286,4,1.2646846771240234,61.62545394897461,2.5106358528137207,1.6231873035430908,286,287,286,"[5.35912228,4.51626873,7.33178377,1.50029409,-3.52497196,-1.40268111,0.639231503,-0.137497097,-6.62134552,-6.52997828,-7.28230619,-2.47276831,-7.25531673,-8.69396877,-6.82604027,-6.66530895,-5.97672796,-8.05390835,-7.45622063,-12.6159363]","[0.115525246,0.0497313514,0.830601871,0.00243673986,1.60089767e-05,0.000133678986,0.0010300409,0.000473724154,7.23812491e-07,7.93059371e-07,3.73744058e-07,4.58490213e-05,3.8396837e-07,9.10954725e-08,5.8983187e-07,6.92679862e-07,1.37904908e-06,1.72771266e-07,3.14082968e-07,1.80388315e-09]",1.6008976672310382e-05,9,-10.856756210327148,2,2,86,87,86,"[5.86347866,4.28638983,9.84241962,-0.93496418,-4.26115131,-3.57930088,0.479614347,-0.0319842733,-7.54775715,-7.82609081,-7.53622198,-2.93747616,-7.92589092,-8.67426682,-7.29512548,-7.84474707,-5.97005749,-8.81884861,-7.21466255,-14.2574167]","[0.0182896592,0.00377819687,0.977772236,2.04023108e-05,7.33051763e-07,1.44963474e-06,8.39504428e-05,5.03313458e-05,2.74018497e-08,2.07444106e-08,2.77197785e-08,2.75422531e-06,1.87740721e-08,8.88265017e-09,3.52774059e-08,2.03609947e-08,1.32729085e-07,7.68691155e-09,3.82332672e-08,3.34050218e-11]",7.330517632908595e-07,9,-14.103570938110352,2,2
287,4,1.4001109600067139,22.759965896606445,2.979656219482422,2.7040915489196777,287,288,287,"[5.84431934,5.87169313,6.24081087,1.99981332,-3.94639254,-0.906321406,0.427911222,-0.2629188,-7.24878073,-6.25893545,-7.74958801,-1.77389944,-8.05837822,-8.90714264,-7.57971573,-7.1680212,-6.29107094,-8.99629688,-7.58483267,-12.3086662]","[0.28215453,0.289984852,0.419450879,0.00603725296,1.57919167e-05,0.000330157462,0.00125363434,0.000628271198,5.81066615e-07,1.56354452e-06,3.52150465e-07,0.000138655334,2.58596344e-07,1.1066458e-07,4.17352396e-07,6.29939905e-07,1.5140987e-06,1.01225297e-07,4.15222075e-07,3.68761643e-09]",1.5791916666785255e-05,9,-10.187203407287598,2,2,87,88,87,"[7.50900173,6.45783281,7.62949228,0.531223059,-6.14602613,-3.35709763,0.0195004269,-0.0180365928,-8.69342327,-7.54573536,-8.24131012,-2.253618,-9.31106281,-9.65534592,-8.75868416,-8.94090652,-7.32188988,-10.2061567,-8.45561504,-15.2883224]","[0.403276592,0.140956834,0.454916179,0.000376003911,4.73477968e-07,7.70045153e-06,0.000225400086,0.000217095949,3.7066286e-08,1.16792123e-07,5.82545283e-08,2.32140665e-05,1.99867234e-08,1.41651695e-08,3.47245148e-08,2.89400184e-08,1.46092816e-07,8.16595946e-09,4.70173163e-08,5.06816984e-11]",4.734779679438361e-07,9,-13.775518417358398,2,2
288,4,0.9457301497459412,89.55422973632812,2.864485740661621,1.8159904479980469,288,289,288,"[5.98385715,6.54184008,5.81255913,1.45542073,-4.65989733,-1.21884179,0.77693671,-0.54273957,-7.53120136,-6.59386301,-7.58698511,-2.25619364,-8.28968906,-8.85705376,-7.91646099,-7.66220331,-6.78473091,-8.9128027,-7.66008663,-12.5980978]","[0.277123362,0.484174609,0.233495951,0.00299225259,6.60920614e-06,0.000206338664,0.0015182253,0.000405703031,3.74246355e-07,9.55517521e-07,3.53941289e-07,7.3124771e-05,1.75287326e-07,9.93911229e-08,2.54590077e-07,3.28295073e-07,7.89488865e-07,9.4001706e-08,3.28990524e-07,2.35848097e-09]",6.6092061388189904e-06,9,-11.201737403869629,1,0,88,89,88,"[7.02432108,7.82336235,5.83098221,-1.18760955,-6.17408705,-3.32834792,0.463831276,-0.440971226,-8.50142097,-8.38995647,-7.82064962,-2.91125512,-9.24457264,-10.1597538,-8.55200005,-8.53196812,-7.75935411,-9.65091228,-8.22279549,-15.4625835]","[0.28336969,0.630046487,0.0859197378,7.69054604e-05,5.252395e-07,9.04161971e-06,0.000401022669,0.00016226247,5.12400185e-08,5.72818877e-08,1.01219534e-07,1.37210573e-05,2.43704203e-08,9.75898118e-09,4.87127991e-08,4.9698496e-08,1.07618035e-07,1.62327147e-08,6.77040717e-08,4.85752272e-11]",5.252394998933596e-07,9,-13.99744987487793,1,0
289,4,1.5930665731430054,183.42991638183594,2.505610227584839,1.8530083894729614,289,290,289,"[4.95615673,7.33436871,4.47035074,2.85270333,-3.0619936,-1.35218501,1.026636,-0.363238424,-6.59672165,-6.00588655,-8.11882114,-1.85739672,-7.78668118,-9.17479706,-7.65662718,-6.52509737,-5.85047722,-8.40458107,-7.54449129,-11.5264578]","[0.079676792,0.859362066,0.0490172543,0.00972330198,2.62478316e-05,0.000145095444,0.00156589539,0.000390074856,7.65562959e-07,1.38221867e-06,1.67086412e-07,8.75474361e-05,2.32909741e-07,5.81215254e-08,2.65258706e-07,8.22406207e-07,1.61462162e-06,1.25556028e-07,2.96735266e-07,5.53379831e-09]",2.6247831556247547e-05,9,-10.3963623046875,1,2,89,90,89,"[4.93986034,9.70413017,3.47393227,1.56054997,-3.75532269,-3.85779524,1.36698043,-0.711284101,-7.18788815,-7.14455557,-8.1870842,-2.16306782,-8.20863438,-9.89140511,-8.12242413,-7.30120468,-6.29623699,-8.24296856,-8.32156849,-13.0316792]","[0.00843574479,0.989052951,0.0019475068,0.000287413714,1.41206135e-06,1.27452961e-06,0.000236832595,2.96389462e-05,4.5615117e-08,4.76352113e-08,1.67943757e-08,6.94002347e-06,1.64363421e-08,3.0548275e-09,1.7916161e-08,4.07283167e-08,1.11262281e-07,1.5881561e-08,1.46810963e-08,1.32185263e-10]",1.4120613514023717e-06,8,-13.459452629089355,1,1
290,4,1.7491803169250488,87.40337371826172,3.6545920372009277,2.2513625621795654,290,291,290,"[5.50963879,6.58184481,4.90886116,2.28676558,-3.25706792,-1.62328005,1.27373517,-0.46356836,-7.00968647,-6.38902807,-7.98702955,-1.67240775,-7.59965277,-9.44937611,-7.74784803,-6.44914865,-5.87090111,-8.7005434,-7.76471615,-12.0797358]","[0.2208087,0.64516288,0.121088207,0.00879711285,3.4409928e-05,0.000176290501,0.00319438032,0.00056219293,8.07128345e-07,1.50138089e-06,3.03729962e-07,0.000167839098,4.47428107e-07,7.03718896e-08,3.85800575e-07,1.41377677e-06,2.52063705e-06,1.48803352e-07,3.79347597e-07,5.07047426e-09]",3.440992804826237e-05,9,-9.838912963867188,1,2,90,91,90,"[7.85690117,7.67238569,3.45754552,0.238348037,-4.00431681,-5.27787209,0.424792349,0.0733237416,-8.54424,-8.45552254,-8.08089447,-3.04944682,-8.97611904,-10.7163286,-8.58727551,-8.47025013,-6.86480331,-9.52498531,-9.11087608,-14.5744715]","[0.541911304,0.450603068,0.00665751565,0.000266215036,3.8253088e-06,1.0704556e-06,0.000320777821,0.000225716678,4.08321945e-08,4.46203146e-08,6.48979679e-08,9.9394274e-06,2.65118985e-08,4.65239536e-09,3.91123045e-08,4.39679333e-08,2.18964232e-07,1.53133861e-08,2.31694735e-08,9.81988518e-11]",3.825308795057936e-06,8,-11.861217498779297,0,0
291,4,1.5867555141448975,124.4386978149414,3.9545493125915527,4.902662754058838,291,292,291,"[5.94207954,5.59736967,5.19620943,2.12364888,-3.8102448,-0.806612551,1.33965623,-0.585241258,-7.20288181,-6.06148195,-7.75059891,-1.91572869,-7.73799324,-8.73441696,-7.43915653,-6.62444639,-6.10065126,-8.80946064,-7.97844315,-12.1484785]","[0.450889111,0.31942153,0.213866353,0.00990253221,2.62234116e-05,0.00052862789,0.00452129403,0.000659614685,8.81628353e-07,2.76051082e-06,5.0981788e-07,0.000174368106,5.16285127e-07,1.90611132e-07,6.96101836e-07,1.57215982e-06,2.65447375e-06,1.76830525e-07,4.0594162e-07,6.27248742e-09]",2.6223411623504944e-05,9,-9.752324104309082,0,1,91,92,91,"[7.25569868,6.66208887,4.26177406,0.128372639,-3.24499393,-4.7611618,1.70309794,-0.90247035,-7.84169817,-7.57641172,-8.01772881,-3.30781364,-8.8706789,-9.78028965,-8.01477146,-8.04209423,-6.31043243,-9.42195606,-8.89824581,-13.702836]","[0.622103631,0.343606412,0.0311614592,0.000499464222,1.71186693e-05,3.75843251e-06,0.00241211941,0.000178161965,1.72642061e-07,2.25091441e-07,1.44776351e-07,1.6076363e-05,6.16972926e-08,2.48443257e-08,1.45205007e-07,1.41291309e-07,7.98301699e-07,3.55508121e-08,6.00196088e-08,4.91684971e-10]",1.7118669347837567e-05,7,-10.500692367553711,0,1
292,4,1.3426085710525513,49.009803771972656,4.025874614715576,2.200413227081299,292,293,292,"[5.92261314,4.39029121,5.76565838,2.23687387,-3.01776624,-1.82959926,1.42604601,-0.36594823,-6.95354462,-6.24385691,-7.30886936,-3.01589608,-7.04577732,-8.5539875,-6.71067095,-6.51613855,-5.78190804,-8.1556406,-8.31750965,-11.9220409]","[0.474027842,0.102405883,0.405171841,0.0118879704,6.20934879e-05,0.000203732779,0.00528408168,0.000880473643,1.21271739e-06,2.46588752e-06,8.50048309e-07,6.22097941e-05,1.10586734e-06,2.44734963e-07,1.54610325e-06,1.8781177e-06,3.91376625e-06,3.64498305e-07,3.10024973e-07,8.43274606e-09]",6.209348794072866e-05,9,-8.94037914276123,0,0,92,93,92,"[7.97161293,4.61117792,5.86176634,0.286614627,-2.81347132,-5.855474,2.25461197,-1.05068994,-8.22472382,-7.3945365,-7.73197508,-4.07955599,-8.14253139,-8.87244034,-7.8431015,-8.60078049,-5.11207151,-9.7761879,-9.30832481,-13.0055447]","[0.862160325,0.0299343392,0.104542598,0.000396310556,1.78519331e-05,8.52237577e-07,0.00283612963,0.00010405232,7.97276911e-08,1.82875013e-07,1.30498833e-07,5.033055e-06,8.65574563e-08,4.17166532e-08,1.16773649e-07,5.47381163e-08,1.79232302e-06,1.68972836e-08,2.69777924e-08,6.68843092e-10]",1.785193308023736e-05,7,-10.785083770751953,0,0
293,4,1.5995959043502808,77.68343353271484,4.710937976837158,3.4557254314422607,293,294,293,"[6.71048546,5.50151014,5.3720088,1.92134273,-4.78687,-2.10827875,1.52775729,-0.193928346,-7.59558582,-6.79770136,-7.95244408,-2.6244874,-8.16696548,-9.11133385,-7.94312048,-7.22729778,-6.59100819,-9.04437733,-8.2233963,-12.7291307]","[0.634543478,0.18941313,0.166405752,0.00527914055,6.44500051e-06,9.38687299e-05,0.00356148486,0.000636667362,3.88519794e-07,8.62840636e-07,2.71914246e-07,5.60188746e-05,2.19415099e-07,8.53360547e-08,2.744612e-07,5.61511456e-07,1.06095183e-06,9.1245397e-08,2.07376203e-07,2.29056663e-09]",6.445000508392695e-06,9,-11.497355461120605,0,0,93,94,93,"[8.52437687,4.90402365,5.22822428,-0.30706194,-3.33087111,-6.81921673,2.44972801,-0.864091456,-8.8576107,-7.96154737,-7.29939985,-3.7881093,-9.49914265,-9.42279434,-8.40433025,-8.97949982,-5.62192059,-9.72583485,-8.6549015,-13.8830547]","[0.937785745,0.0251075439,0.0347218402,0.000136980394,6.65939933e-06,2.03453709e-07,0.00215733284,7.84771983e-05,2.64973679e-08,6.49169252e-08,1.25870784e-07,4.21559298e-06,1.39504621e-08,1.5057255e-08,4.16926547e-08,2.34566588e-08,6.73666136e-07,1.11208349e-08,3.24517586e-08,1.74052453e-10]",6.659399332420435e-06,7,-11.855247497558594,0,0
294,4,2.643625259399414,382.2360534667969,4.3490729331970215,2.8385350704193115,294,295,294,"[6.65089893,4.72326803,5.92517138,2.36094069,-4.92987347,-1.53215396,1.14321935,0.0457046963,-7.39995432,-6.19575453,-7.42295599,-3.21098471,-7.95001841,-8.19892025,-7.66800022,-7.04772472,-6.38847923,-8.57017708,-8.21488094,-11.8758001]","[0.606454074,0.0882345065,0.29350701,0.00831175316,5.66672816e-06,0.000169411767,0.00245947903,0.000820726738,4.79280402e-07,1.59796559e-06,4.68382439e-07,3.16108708e-05,2.76503016e-07,2.15577472e-07,3.66588694e-07,6.81649738e-07,1.31785464e-06,1.48719607e-07,2.12164025e-07,5.45449774e-09]",5.666728156938916e-06,9,-11.580772399902344,0,2,94,95,94,"[10.2864294,1.9414252,4.82952785,0.559679031,-4.08255196,-5.88122702,2.08726382,0.105759785,-8.73047256,-7.19798803,-7.4469943,-3.86843848,-9.06621456,-8.52501583,-8.02768993,-8.75294685,-6.36858416,-9.71312332,-8.60188198,-12.998373]","[0.9951455,0.000236427164,0.00424604258,5.93762234e-05,5.72159706e-07,9.47028056e-08,0.000273548503,3.77118522e-05,5.48214585e-09,2.5380535e-08,1.97859951e-08,7.08770244e-07,3.91869071e-09,6.73256517e-09,1.10704796e-08,5.3603233e-09,5.81709152e-08,2.05206363e-09,6.23444807e-09,7.68114183e-11]",5.721597062802175e-07,8,-14.36898136138916,0,0
295,4,3.213623285293579,874.9719848632812,4.582640647888184,2.6988883018493652,295,296,295,"[6.50924063,4.46900749,6.21702623,1.69797349,-5.01821423,-1.73846579,1.41196036,-0.165231869,-7.46737003,-6.46164656,-7.04671288,-2.88449669,-7.93391991,-8.29725266,-7.56437111,-7.08691645,-6.49617672,-8.42212486,-7.86247778,-12.4014559]","[0.528405488,0.0686918646,0.394511998,0.00429992052,5.20783851e-06,0.000138367584,0.00323032844,0.000667238084,4.4978259e-07,1.22965412e-06,6.85001112e-07,4.3986438e-05,2.82086432e-07,1.96150211e-07,4.08202027e-07,6.58008219e-07,1.18791809e-06,1.73124064e-07,3.02977043e-07,3.23710214e-09]",5.207838512433227e-06,9,-11.527454376220703,0,1,95,96,95,"[10.6187305,0.341744304,6.73953867,-2.88466692,-3.17845058,-5.45459843,3.24528623,-0.594205618,-9.27199078,-7.72228336,-7.12118149,-4.34449673,-9.00325108,-8.5623703,-8.23071957,-8.9653368,-6.62941551,-9.261693,-8.69496155,-14.1849289]","[0.979100049,3.36968042e-05,0.0202355683,1.33775291e-06,9.97211828e-07,1.02392612e-07,0.000614583376,1.32163232e-05,2.2511113e-09,1.06029212e-08,1.93411367e-08,3.10727728e-07,2.94515612e-09,4.57700766e-09,6.37698427e-09,3.05896353e-09,3.16265947e-08,2.274408e-09,4.00864852e-09,1.65476192e-11]",9.9721182778012e-07,7,-13.797181129455566,0,0
296,4,2.1931114196777344,260.9228210449219,4.30051326751709,3.2437937259674072,296,297,296,"[4.84388065,4.87644482,8.00810051,1.32576656,-2.90588784,-1.9428134,0.69694227,-0.549487233,-6.4751215,-6.36836338,-6.64435148,-2.64816785,-6.97540331,-8.91824722,-6.92104673,-5.95408201,-5.28084993,-7.93196678,-7.91181231,-12.482132]","[0.0388264731,0.0401116349,0.91903311,0.0011514111,1.67280905e-05,4.38231837e-05,0.000613953569,0.000176529837,4.7135461e-07,5.24459836e-07,3.97971462e-07,2.16457538e-05,2.85810614e-07,4.09554559e-08,3.01775998e-07,7.93655659e-07,1.55601413e-06,1.09811516e-07,1.12047218e-07,1.16020915e-09]",1.672809048613999e-05,9,-10.91398811340332,2,2,96,97,96,"[6.59504414,2.59028745,10.767396,-2.97474694,-1.73978245,-4.27697659,1.05739105,-0.527715385,-8.0717144,-8.02853394,-6.46984625,-3.36148524,-8.1402216,-9.02590752,-7.58197594,-7.95836592,-5.15683937,-8.05575466,-7.25187922,-14.2475033]","[0.0151765365,0.000276648847,0.984468997,1.05941297e-06,3.6425331e-06,2.88080599e-07,5.97311009e-05,1.22404499e-05,6.47858167e-09,6.76447076e-09,3.21486127e-08,7.19625916e-07,6.04960837e-09,2.49504928e-09,1.05723288e-08,7.25616545e-09,1.1950732e-07,6.58281429e-09,1.47072017e-08,1.34700411e-11]",3.642533101810841e-06,6,-12.50717830657959,2,2
297,4,2.1541543006896973,588.2591552734375,4.311173439025879,9.770162582397461,297,298,297,"[6.61762333,3.14974809,7.18932247,-0.2363877,-4.42692471,-1.20904469,1.70740986,-0.200549379,-7.40669727,-7.08235788,-7.3381772,-2.50404978,-7.3427844,-8.32440662,-7.02060843,-6.82611561,-6.79533005,-8.62859344,-7.76371574,-13.5191135]","[0.355554223,0.0110873235,0.629784048,0.000375186093,5.67962434e-06,0.000141849319,0.00262076012,0.000388875866,2.88549842e-07,3.99098269e-07,3.09014581e-07,3.88520384e-05,3.07593865e-07,1.1525632e-07,4.24518731e-07,5.15660929e-07,5.31782746e-07,8.50272386e-08,2.01915512e-07,6.39193809e-10]",5.679624337062705e-06,9,-11.616247177124023,2,2,97,98,97,"[8.09296513,1.66745245,10.8553152,-2.54593396,-4.72789526,-5.5202179,2.33764815,-0.197937369,-8.57799721,-8.59239769,-7.1528492,-3.11313725,-9.53492451,-8.66252899,-8.32999039,-8.78792286,-6.30992889,-9.8310051,-7.4115696,-15.8936281]","[0.059375044,9.61699334e-05,0.940323472,1.42294743e-06,1.60537027e-07,7.26897511e-08,0.000187975646,1.48905538e-05,3.4158385e-09,3.36700157e-09,1.42046739e-08,8.06966455e-07,1.31192401e-09,3.13895332e-09,4.37728165e-09,2.76902834e-09,3.29994059e-08,9.75713066e-10,1.09665601e-08,2.27174096e-12]",1.6053702722729213e-07,8,-15.583209991455078,2,2
298,4,2.453683376312256,487.4126281738281,5.5587158203125,2.821810007095337,298,299,298,"[6.99841785,4.73960543,6.11885071,1.19637609,-5.09946346,-2.04703593,1.62906373,-0.702111781,-7.8206296,-6.93847132,-7.64433384,-2.63743377,-8.10765171,-8.47507095,-7.78255987,-7.57563448,-6.91930294,-9.16635418,-7.78255987,-13.4430485]","[0.654552519,0.0683840364,0.27161476,0.00197765091,3.64671132e-06,7.71886989e-05,0.00304834102,0.000296242099,2.39946132e-07,5.79735968e-07,2.86205648e-07,4.27707819e-05,1.80078487e-07,1.24707825e-07,2.49257141e-07,3.06558803e-07,5.90956006e-07,6.24702423e-08,2.49257141e-07,8.67618644e-10]",3.6467113204707857e-06,9,-12.097881317138672,0,0,98,99,98,"[10.7447319,2.55881667,5.29209185,-2.17956996,-5.21400976,-7.60575199,2.17172122,-0.85741365,-8.97902679,-9.64644909,-7.31079626,-4.63581848,-9.16230011,-10.1742411,-8.18599987,-8.89358139,-7.50209236,-9.44534683,-8.60633087,-17.9587173]","[0.995257914,0.000277228537,0.00426465739,2.42651276e-06,1.16719114e-07,1.06763345e-08,0.000188245467,9.10307244e-06,2.70405853e-09,1.38725997e-09,1.43390109e-08,2.0808821e-07,2.25123831e-09,8.18354551e-10,5.97616889e-09,2.94526625e-09,1.18424222e-08,1.69627346e-09,3.92532717e-09,3.40554055e-13]",1.1671911437360905e-07,8,-15.958742141723633,0,0
299,4,1.5236989259719849,292.7481689453125,3.851837635040283,3.673837661743164,299,300,299,"[6.20914364,5.40667391,6.38211918,0.892422795,-4.84634209,-1.56689501,1.42576158,-0.840783298,-7.62273502,-6.84248257,-7.43950891,-2.5735836,-7.88963699,-8.60950565,-7.68376923,-7.51959467,-7.08134842,-8.95881271,-7.5692873,-13.4046917]","[0.377102196,0.169024974,0.448313057,0.0018511283,5.95830352e-06,0.000158258918,0.00315545988,0.000327125803,3.7097999e-07,8.09486949e-07,4.4557865e-07,5.78321124e-05,2.84077259e-07,1.38293387e-07,3.49014641e-07,4.11285669e-07,6.37487574e-07,9.75211805e-08,3.9134747e-07,1.14361276e-09]",5.95830351812765e-06,9,-11.228461265563965,2,0,99,100,99,"[7.44042015,5.06057978,8.17204285,-2.38619351,-3.93516374,-5.41873264,1.72823811,-1.86781573,-8.55129623,-9.09459019,-6.80108595,-3.51657391,-8.69057941,-10.2317162,-8.54353428,-8.34512138,-7.45663977,-9.12627983,-7.6928668,-16.9811535]","[0.315010309,0.029159043,0.65473336,1.70090771e-05,3.61386219e-06,8.19720242e-07,0.00104125147,2.85633523e-05,3.57446126e-08,2.07616306e-08,2.05739198e-07,5.49240667e-06,3.1097187e-08,6.65906841e-09,3.60231738e-08,4.39289849e-08,1.06810425e-07,2.01139958e-08,8.4337664e-08,7.80135678e-12]",3.613862190832151e-06,8,-12.107206344604492,2,0
300,4,1.7099659442901611,331.957275390625,2.6772356033325195,4.209282875061035,300,301,300,"[5.80689335,5.81215858,6.43035841,0.450339705,-4.87691498,-1.15276539,1.21912909,-0.848770559,-7.47946262,-6.9838233,-7.4116559,-2.54896522,-7.7610569,-8.83366108,-7.57852221,-7.38919067,-7.17980766,-8.79308796,-7.4503088,-13.539917]","[0.257197529,0.258555323,0.479771286,0.00121323566,5.89315141e-06,0.000244188646,0.00261713495,0.000330939714,4.36592188e-07,7.1668569e-07,4.67222577e-07,6.04453999e-05,3.29443338e-07,1.12708079e-07,3.95416436e-07,4.77837432e-07,5.89133947e-07,1.17375023e-07,4.49507866e-07,1.01871722e-09]",5.893151410418795e-06,9,-11.307273864746094,2,2,100,101,100,"[5.39743137,6.21476412,8.92410183,-1.44526744,-3.34661102,-3.83000088,1.45372117,-2.46648216,-7.70809841,-7.84442902,-7.02821922,-3.28377247,-7.92293262,-9.80793285,-7.84253359,-7.48124599,-6.52451801,-8.80123806,-7.43039131,-15.4306812]","[0.0268123318,0.0607152395,0.911901832,2.86146314e-05,4.27410578e-06,2.63579545e-06,0.000519520836,1.03057673e-05,5.45351e-08,4.75846953e-08,1.07632417e-07,4.55130203e-06,4.39920314e-08,6.67927935e-09,4.76749946e-08,6.84221746e-08,1.78113879e-07,1.82781239e-08,7.19916926e-08,2.4143524e-11]",4.27410577685805e-06,8,-12.270712852478027,2,2
301,4,0.7738679647445679,238.788330078125,2.314030647277832,2.534878730773926,301,302,301,"[5.54783487,5.49132109,5.88704777,1.80798018,-4.5958972,-0.722019911,0.526055455,-0.163298801,-6.93363953,-6.48107433,-7.13692617,-2.3417213,-7.35593271,-8.89579582,-7.18087578,-6.49796963,-6.01786041,-8.14166355,-7.5730238,-12.4992638]","[0.295429796,0.279196978,0.414736837,0.00701868907,1.16168312e-05,0.000559102045,0.00194770494,0.000977553544,1.12155169e-06,1.76345907e-06,9.15235375e-07,0.000110678564,7.35222955e-07,1.57639718e-07,8.75882677e-07,1.73391527e-06,2.8024449e-06,3.35104829e-07,5.9174937e-07,4.29239222e-09]",1.161683121608803e-05,9,-10.48294448852539,2,1,101,102,101,"[6.83946085,5.59040642,6.67292929,-0.36721912,-5.82042313,-2.55225277,1.06337774,-0.0260679908,-8.23591423,-7.97156572,-7.63217688,-3.32253933,-8.32791138,-9.72081089,-8.08070469,-7.60994196,-6.99373055,-8.86072159,-8.31399536,-14.8132944]","[0.467642307,0.134108514,0.395904154,0.000346810761,1.48523873e-06,3.90071509e-05,0.00145008299,0.000487811922,1.32666656e-07,1.72809294e-07,2.4263943e-07,1.80556435e-05,1.21006281e-07,3.00523872e-08,1.54941588e-07,2.48095176e-07,4.59446909e-07,7.10250276e-08,1.22701991e-07,1.84604151e-10]",1.4852387266728329e-06,9,-12.659883499145508,0,2
302,4,1.6047751903533936,180.22412109375,2.610279083251953,1.7933651208877563,302,303,302,"[4.81144762,5.15949678,7.36365986,1.60101295,-3.83125687,-1.00888729,0.638158321,-0.473123282,-6.32681894,-6.42599297,-7.04397726,-2.74509859,-6.78086948,-8.8581295,-6.80131626,-5.79653883,-5.656147,-7.7368412,-7.927701,-12.3143272]","[0.0652896613,0.092469871,0.838023365,0.00263372529,1.15176945e-05,0.000193689062,0.00100555993,0.000330966752,9.49635421e-07,8.59975444e-07,4.63552169e-07,3.41254454e-05,6.03066326e-07,7.55478524e-08,5.90860793e-07,1.61381695e-06,1.85705971e-06,2.31841867e-07,1.91558968e-07,2.38350095e-09]",1.1517694474605378e-05,9,-11.194916725158691,2,2,102,103,102,"[6.14622402,4.03957987,9.47840214,-1.00926626,-5.09118176,-1.98852623,0.827528477,0.375359505,-7.42579746,-8.06523514,-7.33316755,-2.74239421,-7.70334005,-9.60529327,-7.78056049,-6.86514521,-6.79567242,-8.65873146,-7.8738184,-13.6643038]","[0.0343286879,0.00417593075,0.961177886,2.6795844e-05,4.52182633e-07,1.00642173e-05,0.000168180981,0.000107004642,4.37929266e-08,2.31046471e-08,4.80432156e-08,4.7356466e-06,3.31793117e-08,4.95291141e-09,3.07137178e-08,7.67169155e-08,8.22361912e-08,1.27628113e-08,2.79789205e-08,8.55175236e-11]",4.521826326708833e-07,9,-14.569583892822266,2,2
303,4,1.0209755897521973,71.30401611328125,2.7307114601135254,12.96585750579834,303,304,303,"[8.72353172,3.94675922,6.84304428,0.140938759,-6.78318882,-2.5180335,0.712586045,-1.47391498,-8.32702732,-8.59029007,-7.24709702,-1.80989325,-8.14866257,-9.53108215,-8.22103024,-7.65270424,-8.60865402,-8.96189022,-8.31989956,-15.4733906]","[0.860929251,0.00725172786,0.131305277,0.000161285279,1.58666154e-07,1.1293223e-05,0.000285665708,3.20828221e-05,3.38846782e-08,2.60417021e-08,9.97725635e-08,2.29276211e-05,4.05010034e-08,1.01645599e-08,3.76736899e-08,6.65056561e-08,2.55678376e-08,1.79591897e-08,3.4127126e-08,2.66917859e-11]",1.5866615399318107e-07,9,-15.506720542907715,0,0,103,104,103,"[9.52265835,3.74432707,7.24228144,-1.6864531,-8.67625237,-5.24874496,1.63736033,-1.77945352,-9.40998173,-10.5913286,-5.98381376,-0.534046829,-8.40210152,-10.0245018,-9.12973118,-8.03717136,-9.75044632,-9.19972324,-7.31372261,-17.4101105]","[0.904334724,0.00279789767,0.092464298,1.22538922e-05,1.12886793e-08,3.47688456e-07,0.000340241968,1.11656627e-05,5.41986012e-09,1.66316616e-09,1.6670711e-07,3.87933687e-05,1.48492783e-08,2.93160207e-09,7.17297555e-09,2.1389079e-08,3.85590049e-09,6.68809097e-09,4.40942856e-08,1.81792483e-12]",1.1288679324650275e-08,13,-18.198909759521484,0,0
304,4,1.1802394390106201,48.46664810180664,1.7781916856765747,4.978506088256836,304,305,304,"[6.60839272,3.62046218,6.00025463,1.92206419,-4.91264057,-1.86913621,1.82428825,0.0681485236,-7.23353529,-6.78578043,-6.8503232,-2.7918539,-7.42948246,-8.42671585,-7.166399,-6.95416641,-6.29169941,-8.30610371,-7.63776159,-12.4762659]","[0.619543016,0.0312197693,0.33725661,0.00571248261,6.14540158e-06,0.000128922169,0.00518037658,0.00089470431,6.03390276e-07,9.44183e-07,8.85167765e-07,5.12384759e-05,4.96020618e-07,1.82981339e-07,6.45290754e-07,7.97860423e-07,1.54750717e-06,2.06437193e-07,4.02758815e-07,3.18940696e-09]",6.145401584944921e-06,9,-11.52103328704834,0,2,104,105,104,"[8.14596558,2.94792414,5.44221115,0.143872485,-5.5653019,-3.41714859,2.71987748,-0.27112931,-8.18489647,-8.15895271,-6.460289,-3.30131102,-7.56499672,-8.83727264,-7.72207165,-7.06941652,-7.09710026,-8.74258423,-8.07100105,-14.2542658]","[0.928108633,0.00513000879,0.0621402785,0.000310694712,1.03008017e-06,8.82677705e-06,0.00408393284,0.000205163858,7.50233369e-08,7.69951853e-08,4.20903973e-07,9.91082925e-06,1.3944873e-07,3.90725887e-08,1.19178466e-07,2.28898045e-07,2.22648339e-07,4.29531326e-08,8.40737684e-08,1.73501172e-10]",1.0300801704943296e-06,9,-13.711267471313477,0,0
305,4,1.175480842590332,714.8179931640625,2.5928382873535156,2.9185478687286377,305,306,305,"[6.29061508,4.00957584,5.67067719,1.50997424,-4.50730991,-1.67380667,2.04061723,0.0167964213,-7.09165668,-6.65682888,-6.74530935,-2.6974175,-7.52124977,-8.22382164,-7.40421486,-6.81134081,-6.1198163,-8.32268524,-7.30972004,-12.2510815]","[0.600526571,0.0613605827,0.323070019,0.00503878947,1.2275902e-05,0.000208750644,0.00856607221,0.0011320028,9.26159714e-07,1.43063608e-06,1.30948933e-06,7.50030667e-05,6.02719922e-07,2.98533109e-07,6.77552805e-07,1.22581594e-06,2.4476567e-06,2.7043103e-07,7.4470131e-07,5.32078559e-09]",1.2275902008695994e-05,9,-10.797924995422363,0,0,105,106,105,"[7.87673759,3.21491313,5.10337639,-0.297828496,-4.73591805,-4.26664495,3.11221981,0.0658175796,-7.90732765,-7.94019651,-6.58749723,-2.83556724,-7.87742138,-8.69063854,-8.1433382,-7.46158171,-6.39630127,-8.91637516,-7.44276047,-14.2013702]","[0.924942732,0.00873997249,0.0577642806,0.000260582834,3.07969776e-06,4.92391518e-06,0.00788698625,0.00037486534,1.29176158e-07,1.24999261e-07,4.83478573e-07,2.0597754e-05,1.33097828e-07,5.9019456e-08,1.02019861e-07,2.01728483e-07,5.85346243e-07,4.70932946e-08,2.05561307e-07,2.38624176e-10]",3.079697762586875e-06,9,-12.612655639648438,0,0
306,4,0.5620133876800537,49.591880798339844,0.8662461042404175,2.0754823684692383,306,307,306,"[5.76536655,5.6991353,5.57363224,1.83506298,-4.03355026,-0.722570539,0.398539215,0.264356643,-7.02086449,-6.14556074,-7.61843967,-1.55190432,-7.99867439,-8.65897465,-7.52030134,-6.99067593,-6.10582256,-8.79470062,-7.39393234,-12.0012112]","[0.358153671,0.335201174,0.295665234,0.00703331782,1.98816979e-05,0.000544997107,0.00167219085,0.00146221474,1.0024886e-06,2.4055787e-06,5.51513608e-07,0.000237803964,3.77069966e-07,1.94830804e-07,6.08383459e-07,1.03321463e-06,2.50309586e-06,1.70103078e-07,6.90332115e-07,6.88878021e-09]",1.988169788091909e-05,9,-9.798916816711426,0,0,106,107,106,"[6.16677904,5.95442009,5.55488682,1.13408589,-4.36417818,-1.58881664,0.204793483,0.813024223,-7.29985237,-6.64952326,-8.03252506,-0.991367698,-8.26999092,-9.36597252,-7.95979404,-7.45319128,-6.42858791,-9.49939251,-7.16645479,-12.5300455]","[0.422641635,0.34177947,0.229208604,0.00275614159,1.12832886e-05,0.0001810338,0.00108821539,0.00199924503,5.99085411e-07,1.14794989e-06,2.8793383e-07,0.00032902477,2.27071666e-07,7.58899361e-08,3.09655888e-07,5.13918565e-07,1.43177147e-06,6.64110331e-08,6.84577174e-07,3.20659677e-09]",1.1283288586128037e-05,9,-10.530957221984863,0,0
307,4,1.0088919401168823,55.367984771728516,2.5026702880859375,6.806914806365967,307,308,307,"[5.53030682,5.94079161,5.78388309,1.33110046,-5.02459049,-0.367665887,0.959349751,-0.277139366,-7.07330513,-6.25056601,-7.34049845,-2.43289256,-7.80384159,-8.51887131,-7.49394941,-7.04494762,-6.80578041,-8.44642067,-7.52073669,-12.3311739]","[0.261254668,0.393854082,0.336659461,0.00392077491,6.80973471e-06,0.000717145216,0.00270347646,0.00078509521,8.77778973e-07,1.99846249e-06,6.71961459e-07,9.09265218e-05,4.22782279e-07,2.06815798e-07,5.76370155e-07,9.03026034e-07,1.14701652e-06,2.22355879e-07,5.61135948e-07,4.57005855e-09]",6.809734713897342e-06,9,-10.965381622314453,1,0,107,108,107,"[5.39841366,7.62957048,5.80691719,0.148445934,-5.53813124,-2.87033606,0.727192044,-0.517555594,-7.58348656,-7.48291063,-7.34817457,-2.57282138,-8.16764832,-9.72806931,-7.87701178,-7.57305765,-7.34109974,-8.64055252,-7.36703873,-14.0092096]","[0.0845084339,0.786826849,0.127148405,0.000443473953,1.50389997e-06,2.16684439e-05,0.000791068829,0.000227838551,1.9450566e-07,2.15085933e-07,2.46108812e-07,2.91767392e-05,1.08451118e-07,2.27799184e-08,1.45029404e-07,1.96544846e-07,2.47856264e-07,6.75856882e-08,2.41509554e-07,3.14975657e-10]",1.5038999663374852e-06,9,-13.167701721191406,1,1
308,4,0.8750543594360352,54.7429313659668,1.685296893119812,0.9689745306968689,308,309,308,"[4.93062592,6.46617794,4.71890974,3.20350099,-3.15625262,-1.05873895,1.05846035,-0.149719253,-6.34809303,-5.3414464,-7.83046103,-1.38890445,-7.63869858,-8.52497387,-7.6084609,-6.36494684,-5.35665798,-8.57566357,-7.14448595,-10.6196041]","[0.150090784,0.697004855,0.121452607,0.0266853664,4.61601521e-05,0.000376015727,0.00312387641,0.000933228817,1.89700575e-06,5.19098694e-06,4.30808427e-07,0.000270281802,5.21874085e-07,2.15110347e-07,5.37895119e-07,1.86530281e-06,5.11261851e-06,2.04478212e-07,8.554602e-07,2.64834998e-08]",4.616015212377533e-05,9,-9.622430801391602,1,2,108,109,108,"[5.08362198,7.84320784,3.91164374,1.51820409,-4.17416477,-2.08463001,0.877374053,-0.230667666,-6.87240982,-6.45970106,-7.93693256,-1.81262314,-7.54218388,-9.24402237,-7.91323233,-6.60910749,-5.85523176,-8.61844349,-7.23921204,-12.2254887]","[0.0582985058,0.920725822,0.0180581659,0.00164898287,5.559702e-06,4.49288127e-05,0.000868774834,0.00028687375,3.74299276e-07,5.65530343e-07,1.29092854e-07,5.897339e-05,1.91575268e-07,3.49333575e-08,1.32189001e-07,4.87045497e-07,1.03507932e-06,6.53019612e-08,2.59369443e-07,1.77176795e-09]",5.559702003665734e-06,9,-12.017372131347656,1,1
309,4,0.9818370342254639,7980.72607421875,2.662046432495117,6.764232158660889,309,310,309,"[8.90473843,4.63689184,6.02842522,1.04188633,-6.22231674,-2.36435652,-0.0968670547,-0.478981704,-8.29537773,-8.36194324,-8.06104565,-1.23118305,-8.6088047,-9.71173191,-8.59914494,-8.41718578,-8.69064999,-9.55205154,-8.16168022,-14.2025976]","[0.933707774,0.0130830435,0.0526070595,0.000359267317,2.51544236e-07,1.19153128e-05,0.000115043906,7.850783e-05,3.16443263e-08,2.9606456e-08,4.00004225e-08,3.70029375e-05,2.3130033e-08,7.67680675e-09,2.33545236e-08,2.80152754e-08,2.13123261e-08,9.00592934e-09,3.61709525e-08,8.60641836e-11]",2.515442361072928e-07,9,-15.127055168151855,0,0,109,110,109,"[10.0012684,4.78998518,5.05857182,-0.682777643,-8.88436317,-3.75597572,-0.752098262,-0.249865785,-8.35181618,-9.59159374,-7.98633051,-1.15643287,-8.81743145,-9.41132259,-8.98602772,-8.91055489,-8.97530174,-9.46432877,-7.55219412,-16.3981133]","[0.987473965,0.00538634416,0.00704595353,2.26205684e-05,6.20297591e-09,1.04671972e-06,2.11056104e-05,3.48750436e-05,1.05653113e-08,3.05811154e-09,1.52268793e-08,1.40863167e-05,6.63235511e-09,3.66221697e-09,5.60335511e-09,6.04261841e-09,5.66377478e-09,3.47315532e-09,2.35046365e-08,3.38391836e-12]",6.202975910696296e-09,13,-18.885631561279297,0,0
310,4,1.6892714500427246,103.4701156616211,2.0479040145874023,2.603139877319336,310,311,310,"[5.27383375,5.52848768,5.57839489,2.03679562,-3.76582742,-0.582496762,0.889701724,0.232542709,-6.61357832,-6.0650754,-7.41210365,-2.54344559,-7.38431454,-8.31369305,-7.36778069,-6.44637585,-5.88285685,-8.14696312,-7.49150038,-11.4155407]","[0.269708753,0.347928345,0.365733057,0.0105941771,3.19904357e-05,0.000771832536,0.00336426916,0.00174377335,1.85463205e-06,3.20973459e-06,8.34569278e-07,0.000108615983,8.58086537e-07,3.38771656e-07,8.72391865e-07,2.19216213e-06,3.85128487e-06,4.00236758e-07,7.70869747e-07,1.52332369e-08]",3.199043567292392e-05,9,-9.344222068786621,2,0,110,111,110,"[6.39462137,6.84601545,4.19446039,0.771030784,-5.09037876,-1.85481322,-0.68584764,0.83788389,-7.13630295,-7.57686758,-7.73481512,-3.08867955,-7.57301521,-9.41423416,-7.8412137,-6.80340576,-5.80689955,-8.60744762,-8.0677948,-13.4634447]","[0.371752739,0.583837748,0.0411847495,0.00134264096,3.82280587e-06,9.71785339e-05,0.00031278489,0.00143546902,4.94137964e-07,3.18063059e-07,2.71592313e-07,2.82949713e-05,3.19290876e-07,5.06471807e-08,2.44179688e-07,6.89324395e-07,1.86724185e-06,1.13485044e-07,1.94673333e-07,8.83091877e-10]",3.8228058656386565e-06,9,-11.936393737792969,1,0
311,4,1.034656047821045,136.41688537597656,1.8295543193817139,15.789874076843262,311,312,311,"[5.1702919,6.20952606,6.33590937,2.37680578,-3.65911126,-0.434134841,0.351042986,-0.0093925111,-6.78313541,-5.7823782,-7.8533864,-1.05704701,-7.85537481,-8.73303795,-7.77044821,-6.75522852,-5.7663641,-8.9896431,-7.18510151,-11.2450294]","[0.140533745,0.397296101,0.450818658,0.00860171486,2.05692995e-05,0.000517379201,0.00113450794,0.00079117436,9.04634021e-07,2.46091304e-06,3.10219434e-07,0.000277511863,3.09603223e-07,1.28718625e-07,3.37045549e-07,9.30235558e-07,2.50063954e-06,9.95862166e-08,6.0520324e-07,1.04399245e-08]",2.056929952232167e-05,9,-9.995020866394043,2,1,111,112,111,"[4.67209482,7.12732553,7.36322117,2.76412129,-5.48866558,-1.55595434,-0.0769610032,-0.157699078,-6.28290749,-6.77639675,-7.97501421,-1.01846671,-8.0943718,-9.47231293,-8.02201176,-6.48665857,-6.09342527,-8.99304771,-6.86604166,-12.5950136]","[0.0362740718,0.42256102,0.534980059,0.00538237533,1.40227792e-06,7.15794959e-05,0.000314128643,0.000289763324,6.33723232e-07,3.86882931e-07,1.16688057e-07,0.000122522863,1.03559685e-07,2.61070916e-08,1.11330934e-07,5.16905345e-07,7.65932612e-07,4.21600106e-08,3.53709765e-07,1.14970489e-09]",1.4022779168954003e-06,9,-12.851886749267578,2,1
312,4,0.888141393661499,34.52459716796875,1.4788413047790527,1.2121516466140747,312,313,312,"[5.45160484,5.88038015,6.39815378,2.04858708,-4.27884626,-0.509028554,0.951357365,-0.438209057,-6.96457434,-6.12420082,-7.54966068,-1.68281817,-7.86600399,-8.72691727,-7.73210907,-6.57369232,-5.96855259,-8.75329781,-7.57234573,-11.8239546]","[0.193693385,0.29739219,0.499109417,0.00644470518,1.15141938e-05,0.000499395537,0.00215120683,0.000536044885,7.84940426e-07,1.81888845e-06,4.37257341e-07,0.00015440963,3.18677166e-07,1.34728865e-07,3.64334568e-07,1.16036438e-06,2.12521854e-06,1.31221128e-07,4.27449407e-07,6.08744832e-09]",1.1514193829498254e-05,9,-10.677000045776367,2,2,112,113,112,"[6.00881481,5.02892065,7.87699509,0.752577424,-5.39249039,-1.12604833,1.49496603,-0.436427772,-7.4448719,-6.96695805,-7.9812417,-2.41731119,-7.92975235,-8.98978519,-7.95095825,-7.01533747,-6.69005871,-8.95745659,-7.74991417,-13.1172504]","[0.127054304,0.0476899371,0.822867215,0.000662574021,1.42057922e-06,0.000101241327,0.00139203377,0.000201769712,1.82443117e-07,2.9422722e-07,1.06705016e-07,2.78335847e-05,1.12343038e-07,3.8920696e-08,1.09985784e-07,2.80331392e-07,3.88095543e-07,4.01995486e-08,1.34477403e-07,6.27546015e-10]",1.420579224031826e-06,9,-13.269485473632812,2,2
313,4,0.6554900407791138,88.3974609375,2.2650699615478516,2.2674362659454346,313,314,313,"[5.99116755,5.62326002,6.28803539,1.37203717,-5.05331039,-0.611195266,1.32528007,-0.450559944,-7.3956151,-6.69071245,-7.45331621,-2.79521513,-8.06223488,-8.93688011,-7.73509836,-7.24106359,-7.06445599,-8.41165352,-7.77539444,-12.5614624]","[0.326773405,0.226186424,0.439718515,0.00322243338,5.22024993e-06,0.000443483063,0.00307522994,0.000520762755,5.01696036e-07,1.015257e-06,4.73566956e-07,4.9930899e-05,2.57591779e-07,1.07418323e-07,3.57276889e-07,5.85547241e-07,6.98652912e-07,1.81627428e-07,3.43166732e-07,2.86379764e-09]",5.220249931880971e-06,9,-11.34134578704834,2,1,113,114,113,"[7.00347328,5.67314053,6.65655088,-0.882696271,-6.00086164,-1.99704158,1.64051652,-0.679546177,-8.28734207,-8.23274612,-7.45215654,-3.27643633,-8.45739555,-9.69992256,-8.38817501,-7.94514418,-7.72023582,-8.91695118,-8.16843891,-14.8265324]","[0.505833447,0.133736938,0.357553512,0.000190146209,1.13840508e-06,6.2392668e-05,0.00237085461,0.000232977778,1.15688664e-07,1.22180381e-07,2.66690193e-07,1.73579847e-05,9.75971446e-08,2.81718204e-08,1.04592274e-07,1.62894224e-07,2.03977322e-07,6.16389215e-08,1.30295618e-07,1.672463e-10]",1.1384050822016434e-06,9,-13.004335403442383,0,1
314,4,0.7588250637054443,48.61564636230469,1.3576263189315796,0.9257911443710327,314,315,314,"[4.89389038,7.36100721,5.17139196,3.70006132,-4.12860441,-1.46644986,1.79478884,-0.312849909,-6.76078892,-5.29795647,-8.32172203,-0.553590298,-8.24071789,-8.76910973,-8.44428062,-6.8816576,-6.15417862,-9.16199589,-7.20364523,-10.5872946]","[0.0691175386,0.814785898,0.0912232772,0.0209466666,8.34005641e-06,0.000119488875,0.00311648892,0.000378729979,5.99826421e-07,2.59015201e-06,1.25927485e-07,0.000297699211,1.36552799e-07,8.05050959e-08,1.11402478e-07,5.3153633e-07,1.10020255e-06,5.43493854e-08,3.85208381e-07,1.30675835e-08]",8.340056410816032e-06,9,-11.489611625671387,1,1,114,115,114,"[4.78431845,8.32374859,4.48388338,2.48898888,-4.06290054,-2.82407618,1.82464969,-0.403130502,-7.08060169,-6.23663855,-8.35290241,-0.701090038,-7.82838821,-9.22453785,-8.48641872,-7.09178972,-6.1860466,-8.97402477,-7.34035301,-11.5233765]","[0.0275097284,0.947635412,0.0203708429,0.00277100503,3.955377e-06,1.36521894e-05,0.00142599677,0.000153675923,1.93471479e-07,4.49930781e-07,5.42080478e-08,0.000114078481,9.15920566e-08,2.26734347e-08,4.74327599e-08,1.9131889e-07,4.73279044e-07,2.91282092e-08,1.49213605e-07,2.27585617e-09]",3.955376996600535e-06,9,-12.386649131774902,1,1
315,4,1.0436235666275024,48.29397964477539,1.725941777229309,0.6374984383583069,315,316,315,"[4.74212551,7.3707633,4.59879589,3.13407588,-3.42139792,-1.20079446,1.0107336,-0.218395904,-6.35956764,-5.56470728,-8.10421085,-1.32827413,-7.93907881,-8.78127098,-7.86339855,-6.47909975,-5.62132835,-8.57217503,-7.11446476,-10.8521509]","[0.0626647696,0.868213117,0.0542970449,0.0125503624,1.78504997e-05,0.000164454585,0.00150141411,0.000439234456,9.45408601e-07,2.09325844e-06,1.65169652e-07,0.000144771257,1.94825759e-07,8.3924121e-08,2.10142389e-07,8.38894209e-07,1.97802979e-06,1.03441778e-07,4.44397415e-07,1.05807043e-08]",1.7850499716587365e-05,9,-10.792160987854004,1,1,115,116,115,"[4.2572999,9.06897354,3.56557441,1.4081341,-3.99840045,-1.96629906,0.682903886,-0.294957459,-6.58243322,-6.46711111,-8.0030098,-1.57662857,-7.46000338,-9.25052261,-7.64984989,-6.17486286,-5.5512023,-8.20217514,-7.47780704,-12.0995998]","[0.00802956894,0.987132668,0.0040204972,0.000464852521,2.08586903e-06,1.59154006e-05,0.000225087773,8.46588009e-05,1.57418469e-07,1.76660507e-07,3.80283396e-08,2.34989911e-05,6.54534063e-08,1.09224336e-08,5.41356293e-08,2.36625468e-07,4.41482655e-07,3.11609689e-08,6.42984403e-08,6.32384034e-10]",2.0858690277236747e-06,9,-13.067374229431152,1,1
316,4,0.7396018505096436,34.39689636230469,1.3349246978759766,53.87958908081055,316,317,316,"[5.4646554,5.7635603,5.56259918,2.36914349,-4.05223322,-0.548691928,0.769495666,0.00787055865,-6.74333477,-6.07586622,-7.66350079,-2.38263273,-7.59178257,-8.67536831,-7.48726654,-6.70050192,-6.30460405,-8.30918884,-7.38123608,-11.6972427]","[0.284665942,0.383838236,0.313958287,0.012881658,2.09509399e-05,0.00069626089,0.00260167755,0.00121474185,1.42060298e-06,2.76917513e-06,5.66043411e-07,0.000111250338,6.08130108e-07,2.05779088e-07,6.75129741e-07,1.48277275e-06,2.20298375e-06,2.96777472e-07,7.50646905e-07,1.00234541e-08]",2.0950939870090224e-05,9,-9.815793991088867,1,0,116,117,116,"[6.31729364,6.272367,4.99677467,1.59897518,-5.07545376,-1.4610076,0.258848786,0.431933016,-7.23171711,-7.19933844,-8.06481075,-2.765939,-7.93686104,-9.30747318,-7.6666131,-7.20663309,-6.25070572,-8.58121586,-8.09409714,-13.0321674]","[0.446894109,0.427260965,0.119319253,0.00399084575,5.03961155e-06,0.000187124868,0.00104485359,0.00124229561,5.83369626e-07,6.02567752e-07,2.53592191e-07,5.07465702e-05,2.88206735e-07,7.31904422e-08,3.77633626e-07,5.98187626e-07,1.55593716e-06,1.51308726e-07,2.46273316e-07,1.76538661e-09]",5.039611551183043e-06,9,-11.39274787902832,0,0
317,4,0.8711999654769897,47.4539680480957,1.3679783344268799,765.9557495117188,317,318,317,"[5.47419071,5.56119728,5.61348248,2.39060926,-3.69332099,-0.521285594,0.767323196,-0.000354085118,-6.75291061,-6.01106691,-7.54824448,-2.39999461,-7.56933928,-8.61089325,-7.37166977,-6.65942287,-6.18541145,-8.29630566,-7.47006321,-11.6010056]","[0.302810222,0.330336839,0.348068058,0.0138671789,3.1606116e-05,0.000753994682,0.00273529324,0.00126942154,1.48254355e-06,3.11305143e-06,6.69265376e-07,0.000115200717,6.55296219e-07,2.31257516e-07,7.98516339e-07,1.62783033e-06,2.61498531e-06,3.16752448e-07,7.2368988e-07,1.16280425e-08]",3.160611595376395e-05,9,-9.306803703308105,2,0,117,118,117,"[6.22086191,6.17339134,4.64620638,2.31212497,-4.46667576,-1.88926387,0.230517715,0.27085945,-7.32695007,-6.6568985,-7.69718361,-2.87290716,-7.86888742,-8.90273857,-7.35015726,-7.24700546,-6.01421118,-8.44261932,-8.1888113,-12.6537704]","[0.457385033,0.436179966,0.0947147682,0.00917781238,1.04410246e-05,0.000137435447,0.00114474457,0.00119186915,5.97781025e-07,1.16826629e-06,4.12811488e-07,5.13935047e-05,3.47681805e-07,1.23647666e-07,5.84068289e-07,6.47532659e-07,2.22155563e-06,1.95890394e-07,2.52487666e-07,2.9049152e-09]",1.0441024642204866e-05,9,-10.687538146972656,0,0
318,4,1.3343327045440674,123.28390502929688,2.2397117614746094,3.3888447284698486,318,319,318,"[5.70788479,5.45254469,5.44905949,2.2938683,-3.42706537,-0.660907149,0.695788383,-0.0730618387,-6.93215179,-6.09672213,-7.46733332,-2.55471635,-7.62576818,-8.64228725,-7.30149651,-6.73968983,-6.17407608,-8.22809219,-7.70780325,-11.6854382]","[0.385895878,0.298935413,0.297895372,0.0126993526,4.16113617e-05,0.000661513768,0.00256888312,0.00119079475,1.25017846e-06,2.88266847e-06,7.32058595e-07,9.95561713e-05,6.24795746e-07,2.26083898e-07,8.64107221e-07,1.51550432e-06,2.66808775e-06,3.42099355e-07,5.75586569e-07,1.07806857e-08]",4.1611361666582525e-05,9,-9.134950637817383,0,0,118,119,118,"[7.0235343,6.36209536,3.94125557,1.43899405,-4.29867363,-2.90061879,-0.207983881,0.170396671,-7.9182539,-7.25495672,-7.58673906,-2.83833885,-7.90358782,-9.36658478,-7.52801561,-7.61581182,-6.30875206,-8.66968822,-8.43040371,-13.7335548]","[0.637911379,0.329231262,0.0292512011,0.00239566062,7.71947361e-06,3.12432203e-05,0.000461478921,0.000673721777,2.06835168e-07,4.01504934e-07,2.8813713e-07,3.32508716e-05,2.09890899e-07,4.85983911e-08,3.05564214e-07,2.7988105e-07,1.034241e-06,9.75619798e-08,1.23936886e-07,6.16695583e-10]",7.719473614997696e-06,9,-11.322208404541016,0,0
319,4,1.4853311777114868,108.12586212158203,2.613145589828491,4.172306537628174,319,320,319,"[5.4380002,5.85381651,5.4969511,2.16830611,-3.41847229,-0.626307189,0.669157863,-0.332548171,-6.84690475,-6.08806038,-7.50400257,-2.42448807,-7.59373617,-8.69634533,-7.28966522,-6.66734362,-6.16359568,-8.24884701,-7.60533905,-11.8111629]","[0.275569439,0.417655081,0.292302877,0.0104766116,3.92567308e-05,0.000640524668,0.00233964087,0.000859238557,1.2733999e-06,2.71973568e-06,6.60070725e-07,0.000106070831,6.03420176e-07,2.00337652e-07,8.17855152e-07,1.52386679e-06,2.52186578e-06,3.13406929e-07,5.96459529e-07,8.89232421e-09]",3.925673081539571e-05,9,-9.272289276123047,1,0,119,120,119,"[6.25331974,7.59429598,3.74738669,1.32123685,-4.14686012,-3.23945284,-0.381981105,-0.123300672,-7.73150921,-7.18535233,-7.60743523,-2.14882755,-7.86449337,-9.63583279,-7.75636578,-7.36671162,-6.153512,-8.82247639,-7.95643568,-14.0211983]","[0.203461275,0.777786374,0.016602328,0.0014672539,6.19072125e-06,1.53399033e-05,0.000267182069,0.000346059474,1.71770068e-07,2.96579287e-07,1.94461023e-07,4.56536363e-05,1.50381098e-07,2.55805723e-08,1.67553083e-07,2.47387106e-07,8.32267631e-07,5.76960986e-08,1.37171341e-07,3.18691046e-10]",6.190721251186915e-06,9,-11.741155624389648,1,1
320,4,1.5533448457717896,174.73765563964844,2.6357407569885254,2.3864314556121826,320,321,320,"[5.44038534,7.49497557,3.78352618,3.2645793,-3.55284095,-2.55661058,1.4518708,-0.181309775,-6.90803337,-6.2445035,-8.44820404,-1.530882,-7.98905087,-9.58786201,-7.93004513,-6.83618975,-6.25875473,-8.66440487,-7.58807564,-11.8428097]","[0.109511375,0.854587257,0.0208878834,0.0124313608,1.36066228e-05,3.68474975e-05,0.00202894094,0.000396267133,4.74907353e-07,9.22096717e-07,1.01793979e-07,0.000102772305,1.61112567e-07,3.2566728e-08,1.70905182e-07,5.10282177e-07,9.09048367e-07,8.20024653e-08,2.40585962e-07,3.41556672e-09]",1.3606622815132141e-05,9,-11.047816276550293,1,1,120,121,120,"[7.07595921,8.65991974,2.63378406,1.18776417,-3.63344455,-5.19235134,1.39449275,-0.613993108,-8.88580894,-7.88634872,-8.61565399,-1.89196444,-8.83029366,-11.1274223,-8.44492435,-7.98681307,-6.78625154,-9.83644581,-8.21952248,-13.983758]","[0.169698969,0.827150524,0.00199740985,0.000470401428,3.79004314e-06,7.97296195e-07,0.000578428502,7.76203451e-05,1.98413961e-08,5.39052962e-08,2.59954991e-08,2.16251574e-05,2.09740456e-08,2.10887618e-09,3.0835114e-08,4.87529093e-08,1.61956123e-07,7.66858932e-09,3.86310717e-08,1.21216204e-10]",3.7900431379966903e-06,8,-12.293364524841309,1,1
321,4,1.8016464710235596,503.8428955078125,3.541964530944824,2.9498839378356934,321,322,321,"[5.81521606,6.02012348,4.81782246,3.05836177,-3.88944602,-1.20071316,0.973530173,-0.563941538,-6.86914825,-5.7511487,-8.03499699,-1.77333486,-7.38822365,-8.71286011,-7.42360687,-6.39857864,-5.8886137,-8.75458908,-8.03564548,-11.9165421]","[0.374415576,0.459561914,0.138099253,0.0237720851,2.28387853e-05,0.000336027268,0.00295553752,0.000635215256,1.16039018e-06,3.54932081e-06,3.61645249e-07,0.000189534388,6.90513957e-07,1.83607384e-07,6.66508527e-07,1.85767533e-06,3.09346478e-06,1.76103299e-07,3.61410798e-07,7.45673567e-09]",2.2838785298517905e-05,9,-9.90956974029541,1,2,121,122,121,"[8.23912907,6.17201281,3.26837707,0.192600876,-3.56000423,-4.74267769,0.799738884,-0.193611503,-8.44475746,-7.55290461,-8.36728477,-2.23204803,-8.22815228,-9.78317833,-7.95585728,-8.39294338,-6.62345028,-9.70523548,-8.81494427,-14.8802509]","[0.881326914,0.1115321,0.00611458486,0.000282211287,6.61970353e-06,2.0286634e-06,0.000517905981,0.000191798186,5.00514616e-08,1.2210802e-07,5.40832481e-08,2.49782843e-05,6.21566514e-08,1.31264715e-08,8.16102457e-08,5.27132471e-08,3.09314885e-07,1.41905545e-08,3.45658364e-08,8.02633862e-11]",6.619703526666854e-06,8,-11.79913330078125,0,0
322,4,1.6168549060821533,64.7231216430664,3.521833658218384,3.575209617614746,322,323,322,"[7.27002335,4.6439209,4.42553759,2.51933479,-5.34683275,-0.985070527,0.169351488,0.0734102875,-7.04323673,-6.21318769,-7.60375643,-3.2941463,-7.44823885,-8.05810261,-7.08346272,-6.74142742,-6.61839008,-8.29642391,-8.65801048,-12.8717365]","[0.876394868,0.063415885,0.0509747788,0.00757708261,2.90582238e-06,0.000227802171,0.000722632161,0.000656523975,5.3275852e-07,1.22184326e-06,3.0415822e-07,2.26328648e-05,3.55336624e-07,1.9309887e-07,5.11753115e-07,7.20451055e-07,8.14777366e-07,1.52152154e-07,1.05984554e-07,1.5676338e-09]",2.90582238449133e-06,9,-12.61685562133789,0,0,122,123,122,"[10.1997375,3.80868459,3.81001115,1.24061751,-4.53980637,-4.50690413,-0.018262051,0.183416769,-8.89634895,-7.40903187,-7.93238735,-3.8786912,-8.31133747,-8.67237473,-7.63594627,-8.66708851,-6.78807735,-9.52655888,-9.86054993,-14.6565628]","[0.996446073,0.00167053158,0.00167274906,0.000128102489,3.95504287e-07,4.08733911e-07,3.63775107e-05,4.45062287e-05,5.07140108e-09,2.24420642e-08,1.32975497e-08,7.66072105e-07,9.10324971e-09,6.34453157e-09,1.78860269e-08,6.37816511e-09,4.17579464e-08,2.70042766e-09,1.93366678e-09,1.59771658e-11]",3.955042870984471e-07,9,-14.739543914794922,0,0
323,4,1.390144944190979,60.769126892089844,2.991905927658081,7.383909702301025,323,324,323,"[6.69858932,5.41959333,4.30883789,3.06308579,-5.04823208,-1.21371293,0.133737624,0.0382390544,-6.81674576,-5.9822526,-7.8029952,-2.73147249,-7.54871082,-8.29225922,-7.2983923,-6.53789759,-6.20822668,-8.45588684,-8.29976749,-12.4195805]","[0.714543283,0.198869243,0.0654896498,0.0188429728,5.65520531e-06,0.00026167318,0.001006815,0.000915113895,9.64701826e-07,2.22233257e-06,3.59807473e-07,5.73594407e-05,4.63985344e-07,2.20589953e-07,5.95958795e-07,1.27495696e-06,1.77283914e-06,1.87293693e-07,2.18939704e-07,3.55723784e-09]",5.655205313814804e-06,9,-11.746821403503418,0,0,123,124,123,"[9.19529533,4.84715605,3.79246545,2.17524433,-4.36110115,-4.20561886,-0.121864602,0.320592791,-8.41296673,-6.99060726,-8.21908665,-3.14576387,-8.64671707,-9.09685421,-7.6654954,-8.25023174,-6.39059973,-9.68983459,-9.58562565,-13.7879925]","[0.981772721,0.0126951579,0.00442172447,0.000877488754,1.27216299e-06,1.486168e-06,8.82307504e-05,0.000137333569,2.2122812e-08,9.17409437e-08,2.68559504e-08,4.2890083e-06,1.75114696e-08,1.11643068e-08,4.6715698e-08,2.60324615e-08,1.67164089e-07,6.17024565e-09,6.84794399e-09,1.02446218e-10]",1.2721629900624976e-06,9,-13.556396484375,0,0
324,4,1.6093382835388184,102.79109191894531,2.582940101623535,7.655385494232178,324,325,324,"[6.31574631,5.67060423,4.5293355,2.73321986,-4.69443512,-1.64277387,0.108596511,-0.188378394,-6.78615952,-6.07459784,-7.43758059,-2.38212132,-7.52263355,-8.63023853,-7.30309153,-6.56446457,-6.03763962,-8.35305882,-7.85652447,-12.8156662]","[0.580040693,0.304282397,0.0971919149,0.0161282383,9.58953297e-06,0.000202822906,0.00116876583,0.00086846645,1.18405819e-06,2.41212706e-06,6.17255125e-07,9.68327513e-05,5.66925564e-07,1.87283419e-07,7.06110313e-07,1.47793037e-06,2.50294397e-06,2.47102378e-07,4.05993518e-07,2.84965052e-09]",9.589532965037506e-06,9,-11.010181427001953,0,1,124,125,124,"[8.89868641,5.9910388,3.29355264,1.41574597,-3.66518021,-4.18160963,-0.722751677,-0.435523063,-8.47818851,-7.11656237,-8.08583832,-3.41420484,-8.89327145,-9.53851891,-7.67002201,-8.0178442,-6.12978745,-9.41224384,-9.32988548,-14.7018652]","[0.944277465,0.0515613556,0.00347392843,0.000531251018,3.301275e-06,1.96969722e-06,6.25982575e-05,8.34264938e-05,2.68175278e-08,1.04656273e-07,3.97022077e-08,4.24305836e-06,1.77072241e-08,9.28801125e-09,6.01729084e-08,4.24955786e-08,2.80747798e-07,1.05381321e-08,1.14427667e-08,5.31508622e-11]",3.3012750009220326e-06,8,-12.56386661529541,0,0
325,4,1.8251526355743408,60.02862548828125,2.835484743118286,4.288556098937988,325,326,325,"[5.81745148,6.21843767,5.22270155,2.43750858,-4.27616644,-1.83480239,0.211443931,-0.580356181,-6.88445616,-6.12452221,-7.41989613,-2.1074791,-7.53351927,-8.82106304,-7.52096272,-6.65812302,-5.97729397,-8.45699406,-7.56705189,-12.6652689]","[0.324118197,0.484004647,0.178816184,0.0110360309,1.33998792e-05,0.000153947243,0.00119136635,0.000539722969,9.87040721e-07,2.11042538e-06,5.77824835e-07,0.000117206051,5.15763418e-07,1.42323685e-07,5.22280175e-07,1.23774305e-06,2.44517764e-06,2.04828467e-07,4.98755014e-07,3.04620973e-09]",1.3399879208009224e-05,9,-10.494604110717773,1,0,125,126,125,"[8.17669964,7.01383543,3.82662487,2.00065279,-3.07903457,-4.67028713,-0.695345223,-1.34554076,-8.48355579,-7.04986286,-7.80770588,-3.29877114,-8.58304787,-9.82646847,-8.06977177,-7.95995951,-5.89766598,-9.46181202,-8.94077778,-14.6452599]","[0.753117025,0.235416532,0.00971961301,0.00156545069,9.74000341e-06,1.98375028e-06,0.000105628831,5.51322737e-05,4.37930758e-08,1.83675141e-07,8.6084178e-08,7.81859853e-06,3.96457835e-08,1.14336762e-08,6.6238357e-08,7.39265147e-08,5.81357256e-07,1.6464714e-08,2.77227592e-08,9.23444862e-11]",9.740003406477626e-06,7,-11.25573444366455,0,0
326,4,1.9542515277862549,252.93775939941406,3.641674518585205,2.1522250175476074,326,327,326,"[5.77764702,5.89827204,5.42912149,2.33705473,-3.9218502,-1.73400259,0.380189925,-0.716561377,-6.9089241,-6.05916357,-7.26350164,-2.39840889,-7.40578461,-8.66156006,-7.37454796,-6.5038228,-5.91924238,-8.28466606,-7.72922516,-12.6647539]","[0.348075837,0.392699808,0.245646864,0.0111543341,2.13420444e-05,0.000190285704,0.00157611549,0.000526350515,1.07638175e-06,2.51774873e-06,7.55048745e-07,9.79170145e-05,6.54911332e-07,1.86554672e-07,6.75691467e-07,1.61398282e-06,2.89587206e-06,2.71950029e-07,4.73929845e-07,3.40596951e-09]",2.1342044419725426e-05,9,-9.820121765136719,1,1,126,127,126,"[8.74631691,5.96311474,3.96415329,1.26246452,-2.26571369,-5.37567711,-0.438064307,-1.49124837,-8.51170349,-7.25502443,-7.87240219,-3.7157073,-8.09561443,-9.75000858,-7.81008148,-8.06633663,-5.87799072,-9.46932316,-9.24591923,-15.3771133]","[0.933758616,0.0577437878,0.0078228917,0.000524854404,1.54088593e-05,6.87274962e-07,9.58315213e-05,3.34284778e-05,2.98656815e-08,1.04939687e-07,5.6600129e-08,3.61448519e-06,4.5276952e-08,8.65729177e-09,6.02397279e-08,4.66221586e-08,4.15890042e-07,1.14625758e-08,1.43319507e-08,3.11575141e-11]",1.540885932627134e-05,7,-11.012030601501465,0,0
327,4,1.9519840478897095,263.8062744140625,4.085736274719238,3.469285488128662,327,328,327,"[5.52608967,6.11993647,5.56060219,2.30208325,-3.71095157,-1.17768812,0.509192467,-0.701672614,-6.91783905,-5.80984354,-7.38566828,-2.33523798,-7.48615265,-8.48907757,-7.51970768,-6.5219779,-5.86743736,-8.33527851,-7.69384146,-12.0341959]","[0.256660163,0.464796484,0.265672743,0.0102138659,2.49897621e-05,0.000314734934,0.00170038664,0.000506612239,1.01164721e-06,3.06354877e-06,6.33654963e-07,9.89069522e-05,5.73077841e-07,2.10207617e-07,5.54166718e-07,1.50296614e-06,2.89209606e-06,2.45156002e-07,4.6560254e-07,6.06768635e-09]",2.4989762096083723e-05,9,-9.830887794494629,1,1,127,128,127,"[8.57833195,6.40191793,4.27212524,0.998873234,-2.80303383,-5.2634244,-0.142562598,-1.39815903,-8.64016342,-7.48765993,-7.90278101,-3.40706778,-8.50768852,-10.0419817,-8.24467182,-8.09925556,-6.1568327,-9.51629925,-9.18483639,-15.2949429]","[0.886782646,0.100603379,0.0119579127,0.000453001936,1.01146961e-05,8.63810669e-07,0.000144670732,4.12175541e-05,2.95066584e-08,9.34211783e-08,6.16822931e-08,5.52871734e-06,3.36862236e-08,7.26302751e-09,4.38207195e-08,5.06795779e-08,3.5352204e-07,1.22862316e-08,1.71147754e-08,3.80001447e-11]",1.0114696124219336e-05,7,-11.381365776062012,0,0
328,4,1.7001111507415771,9712.8291015625,4.064140319824219,6.53715181350708,328,329,328,"[5.35168648,6.16109657,5.71402407,2.3452599,-3.55242562,-0.621698916,0.629030406,-0.762231529,-6.92490959,-5.55804873,-7.43523502,-2.43466377,-7.43387079,-8.35244179,-7.5374465,-6.49187613,-5.93979359,-8.31220818,-7.70602465,-11.5557652]","[0.210659817,0.473264635,0.302651554,0.0104209511,2.86137711e-05,0.000536257518,0.00187308795,0.000465951744,9.81575681e-07,3.85073963e-06,5.89239505e-07,8.750095e-05,5.90044749e-07,2.35480243e-07,5.31988348e-07,1.51351821e-06,2.62877757e-06,2.45147618e-07,4.49458923e-07,9.56684598e-09]",2.8613771064556204e-05,9,-9.713521957397461,1,1,128,129,128,"[8.06413937,6.52967119,4.84155512,0.628104687,-2.66644979,-4.68583918,0.250507563,-1.24302471,-8.72859478,-7.3236413,-7.8476634,-3.20939636,-8.66545296,-10.0757236,-8.44256306,-8.06000042,-6.17136335,-9.35883999,-8.75820827,-14.5907774]","[0.795832574,0.171557873,0.0317154713,0.000469237682,1.74014804e-05,2.30980959e-06,0.000321665488,7.22389959e-05,4.05349816e-08,1.65193626e-07,9.78168799e-08,1.01108435e-05,4.31770033e-08,1.05385229e-08,5.3957514e-08,7.91036925e-08,5.22903633e-07,2.1583304e-08,3.93521944e-08,1.15323119e-10]",1.7401480363332666e-05,7,-10.730588912963867,0,0
329,4,1.3051167726516724,142.21116638183594,3.554314136505127,17.942052841186523,329,330,329,"[5.26702118,6.1839366,5.98163509,2.32257271,-3.64101768,-0.198099643,0.746193171,-0.885935366,-7.01556921,-5.47390318,-7.42041302,-2.32690573,-7.47082424,-8.31549835,-7.62664413,-6.55822706,-6.12383032,-8.37301636,-7.61973476,-11.3545437]","[0.178077668,0.44547236,0.363883495,0.00937241968,2.40933423e-05,0.000753594446,0.00193748658,0.000378803903,8.24799997e-07,3.85376916e-06,5.50208085e-07,8.96621859e-05,5.23159031e-07,2.24799805e-07,4.47673671e-07,1.30307626e-06,2.01199032e-06,2.12234625e-07,4.50777947e-07,1.0763566e-08]",2.4093342290143482e-05,9,-9.82495403289795,1,1,129,130,129,"[7.19048595,6.95267153,5.79655552,0.290667266,-2.92142081,-3.75241375,0.558940053,-1.30134785,-8.78766155,-7.1488986,-7.77032804,-2.78648138,-8.62530422,-10.114563,-8.58143616,-8.05974579,-6.15159988,-9.31955051,-8.26990128,-13.9290857]","[0.490415663,0.386618674,0.121671267,0.000494323263,1.99076185e-05,8.672082e-06,0.000646428496,0.000100602192,5.64083074e-08,2.90434997e-07,1.56014721e-07,2.2783619e-05,6.63519941e-08,1.49649981e-08,6.93274416e-08,1.16807954e-07,7.87353372e-07,3.31395498e-08,9.46679677e-08,3.29952093e-10]",1.990761847991962e-05,8,-10.111907005310059,0,0
330,4,1.1102688312530518,112.09728240966797,2.5723748207092285,63.29253387451172,330,331,330,"[5.35305977,5.94952297,6.16487169,2.09679532,-3.63089585,0.0406426266,0.665878773,-0.891205013,-7.05389643,-5.52828312,-7.37215281,-2.33915496,-7.42999411,-8.30722904,-7.60004139,-6.5205245,-6.13979006,-8.38257694,-7.5916853,-11.4439526]","[0.195201129,0.354423881,0.439589947,0.007521505,2.447935e-05,0.000962340855,0.00179831381,0.000378994271,7.98380086e-07,3.67092025e-06,5.80754659e-07,8.90832453e-05,5.48116077e-07,2.27978603e-07,4.62404216e-07,1.36097515e-06,1.99159513e-06,2.11432081e-07,4.66284263e-07,9.89994486e-09]",2.447935003146995e-05,9,-9.795767784118652,2,2,130,131,130,"[6.81066227,6.75162697,6.41580915,-0.266919166,-2.92528343,-2.53173208,0.573998034,-1.55229509,-8.68963242,-6.9669776,-7.82033968,-2.64269471,-8.31899834,-9.88328743,-8.43840027,-7.68754435,-6.02496624,-9.40513802,-8.07562923,-13.8297787]","[0.381720603,0.359837919,0.257195324,0.000322100241,2.25672229e-05,3.34499528e-05,0.000746786885,8.90757583e-05,7.08033099e-08,3.96454055e-07,1.68881456e-07,2.99367694e-05,1.02569231e-07,2.14612488e-08,9.10253419e-08,1.92865372e-07,1.01695787e-06,3.461885e-08,1.30831211e-07,4.14682344e-10]",2.2567222913494334e-05,9,-9.735945701599121,0,0
331,4,0.8654525279998779,128.4668731689453,2.684364080429077,4.201016426086426,331,332,331,"[5.54077911,6.26942682,5.43050671,2.10647726,-2.94473243,-0.658254981,-0.353591025,-0.0623206161,-6.75448418,-6.10528326,-7.73329496,-2.37686157,-7.47049665,-8.89541435,-7.44875383,-6.4448061,-5.54971981,-8.60810947,-7.49239874,-11.8524342]","[0.249426171,0.516879976,0.22338362,0.00804347452,5.14909952e-05,0.000506682205,0.000687146967,0.000919489365,1.1407152e-06,2.18334026e-06,4.28632319e-07,9.0856207e-05,5.5746392e-07,1.34085894e-07,5.69717486e-07,1.55477767e-06,3.80539132e-06,1.78713591e-07,5.45387081e-07,6.96892322e-09]",5.149099524714984e-05,9,-9.21415901184082,1,1,131,132,131,"[6.52351809,6.78955221,5.71582699,-0.57788682,-2.73002315,-1.07231784,-0.993664145,0.19948934,-8.00651932,-7.22377777,-8.15058231,-2.93695974,-7.77977085,-9.94266987,-8.05081081,-7.19606304,-5.94479847,-9.50436497,-7.74703598,-13.4130192]","[0.363040805,0.473688215,0.16187495,0.000299126288,3.47691166e-05,0.000182442367,0.000197371657,0.000650825503,1.77680647e-07,3.8866952e-07,1.53841967e-07,2.82697347e-05,2.2290314e-07,2.56319161e-08,1.69982812e-07,3.99592409e-07,1.39647943e-06,3.97314537e-08,2.30320353e-07,7.97309774e-10]",3.476911660982296e-05,8,-9.519575119018555,1,1
332,4,0.7336688041687012,56.1053466796875,1.7552051544189453,1.14248526096344,332,333,332,"[5.07796478,6.03545618,6.58936119,2.53342795,-3.63433337,0.382000089,0.128752142,-0.391640037,-6.68791771,-5.62427759,-7.68010521,-1.98592198,-7.45822763,-8.33058167,-7.64352798,-6.45302153,-5.41269541,-8.61449814,-7.3882513,-10.8929605]","[0.121384911,0.316226274,0.550244629,0.00952985883,1.99738388e-05,0.00110849331,0.000860496308,0.000511382008,9.42555289e-07,2.73048408e-06,3.49466291e-07,0.000103838334,4.36279976e-07,1.8235049e-07,3.62485451e-07,1.19212325e-06,3.37387246e-06,1.37278846e-07,4.67902964e-07,1.40630503e-08]",1.9973838789155707e-05,9,-10.223694801330566,2,2,132,133,132,"[5.40282202,6.13942289,8.34456635,1.5158112,-4.3953681,0.25717032,0.266098261,-0.839083016,-7.62195969,-6.14830065,-7.69455671,-1.88061655,-7.88780594,-8.70298004,-8.34103107,-6.99156141,-5.59943819,-9.18377018,-7.30287647,-11.5178967]","[0.045304969,0.0946340859,0.858478069,0.000929048634,2.51678284e-06,0.000263886934,0.000266253308,8.81700544e-05,9.98975977e-08,4.36071048e-07,9.29022761e-08,3.1116364e-05,7.65772015e-08,3.38901778e-08,4.86705112e-08,1.87643408e-07,7.54962059e-07,2.09540953e-08,1.37445696e-07,2.030351e-09]",2.5167828425765038e-06,9,-12.739934921264648,2,2
333,4,1.0895638465881348,195.78469848632812,1.9701499938964844,1.0804132223129272,333,334,333,"[4.40500498,5.98617315,8.61291981,2.24584627,-3.69724584,0.266017705,0.5386343,-0.947458923,-6.74121904,-6.133883,-7.59777308,-1.17615592,-7.62212849,-8.85284042,-7.66121387,-6.56207132,-5.87113285,-8.60818958,-6.93210411,-11.2135477]","[0.013654097,0.0663675219,0.917776942,0.00157598557,4.13523549e-06,0.000217632463,0.000285837683,6.46721455e-05,1.97024207e-07,3.61644851e-07,8.36608862e-08,5.1451203e-05,8.16477908e-08,2.3848127e-08,7.851812e-08,2.35679863e-07,4.70319549e-07,3.04581533e-08,1.62786748e-07,2.25014696e-09]",4.135235485591693e-06,9,-12.310165405273438,2,2,133,134,133,"[3.97176743,6.62073755,10.5830698,1.19343185,-4.86842394,-0.0213913247,0.496027917,-1.42045867,-7.27428913,-6.91070986,-7.38334799,-1.40146518,-7.82497597,-9.48568916,-7.90821266,-6.87200117,-6.39311981,-8.67877674,-6.49162292,-11.8389931]","[0.0013180247,0.0186361708,0.979886353,8.19045017e-05,1.90843352e-07,2.43061932e-05,4.07782973e-05,5.99942268e-06,1.72116792e-08,2.47584531e-08,1.54333364e-08,6.11446148e-06,9.92346649e-09,1.88549265e-09,9.13091203e-09,2.57356341e-08,4.15441441e-08,4.22534363e-09,3.76470091e-08,1.79224399e-10]",1.908433517883168e-07,9,-15.451494216918945,2,2
334,4,0.882787823677063,68.49362182617188,2.1200685501098633,1.105522632598877,334,335,334,"[5.4760499,4.6225915,7.12568951,1.70881355,-4.48487139,-0.36806649,1.04029334,-0.65264374,-6.807024,-6.22645712,-7.21855211,-2.24977517,-7.2094326,-8.22421455,-7.00507736,-6.30276537,-6.04714012,-8.14991665,-7.58529568,-12.2243996]","[0.149888769,0.0638435185,0.780186534,0.00346480822,7.07612844e-06,0.000434211834,0.00177559711,0.000326671376,6.93901541e-07,1.24003827e-06,4.59804596e-07,6.61433151e-05,4.64017177e-07,1.68197616e-07,5.69225563e-07,1.14893226e-06,1.48358095e-06,1.81170307e-07,3.18638882e-07,3.0800742e-09]",7.076128440530738e-06,9,-11.61056137084961,2,2,134,135,134,"[5.72240877,4.2782011,9.24575806,0.794825315,-4.97303867,-0.77497232,1.21442962,-0.704136848,-7.14916706,-6.63303232,-7.41114092,-2.53297257,-7.41859579,-8.43024349,-7.63903618,-6.36856174,-6.30441189,-8.78111267,-8.08229733,-12.9483728]","[0.0284451302,0.00671114307,0.964226544,0.00020605624,6.44219881e-07,4.28776875e-05,0.000313485565,4.60250849e-05,7.31061576e-08,1.2249204e-07,5.62574449e-08,7.3916508e-06,5.583966e-08,2.03043324e-08,4.47926709e-08,1.59575478e-07,1.701477e-07,1.42958045e-08,2.87541031e-08,2.2150877e-10]",6.442198809963884e-07,9,-14.218796730041504,2,2
335,4,1.3050647974014282,608.9915161132812,2.020758628845215,0.957072377204895,335,336,335,"[5.64880371,4.92631006,6.98267746,1.64586222,-4.75718546,-0.830698073,1.15350366,-0.670664251,-7.00288677,-6.41371202,-7.11055183,-1.92430985,-7.25787163,-8.54243755,-7.38591242,-6.38119984,-5.88123751,-8.35316753,-7.67577124,-12.2088776]","[0.188161016,0.0913596973,0.714206278,0.00343616656,5.69201711e-06,0.000288747076,0.00210012798,0.000338859449,6.02518924e-07,1.08604013e-06,5.41018323e-07,9.67314918e-05,4.66908489e-07,1.2922672e-07,4.10794485e-07,1.12193038e-06,1.84967996e-06,1.56153334e-07,3.07425665e-07,3.30397887e-09]",5.692017111869063e-06,9,-11.739862442016602,2,0,135,136,135,"[6.66211271,3.37422109,9.00343609,0.74404335,-5.97404575,-1.62573624,1.70291507,-0.448954672,-7.84664536,-6.95525122,-7.1624155,-1.3273114,-7.5213933,-8.62831688,-8.05281162,-7.06835413,-6.49956274,-8.83376312,-7.48967648,-13.2515526]","[0.0873862877,0.00326234568,0.908379078,0.000235103143,2.84203452e-07,2.19824578e-05,0.000613325683,7.13092668e-05,4.3688722e-08,1.06536163e-07,8.66018155e-08,2.96265061e-05,6.04817956e-08,1.99937613e-08,3.55494478e-08,9.51432426e-08,1.68035129e-07,1.62805662e-08,6.24307432e-08,1.96357694e-10]",2.842034518835135e-07,9,-14.977481842041016,2,2
336,4,1.3440711498260498,206.59603881835938,1.8817640542984009,1.58535897731781,336,337,336,"[6.60147715,3.86944866,6.24752903,1.25032759,-4.61949253,-1.33333337,1.16459477,0.323823452,-7.23249626,-6.50006056,-7.52744818,-1.04394341,-7.61054993,-8.16174698,-7.58251143,-6.83272409,-5.78308487,-8.88272285,-7.28888416,-12.5414486]","[0.562166035,0.0365897715,0.394590735,0.00266618235,7.52764527e-06,0.000201289033,0.00244712713,0.00105563609,5.51882351e-07,1.14799241e-06,4.10913373e-07,0.000268844306,3.78146296e-07,2.1791044e-07,3.88898798e-07,8.23123742e-07,2.35135303e-06,1.05964936e-07,5.21623463e-07,2.73022072e-09]",7.5276452662365045e-06,9,-11.220970153808594,0,0,136,137,136,"[8.26274776,2.16867828,6.65570641,-0.631436467,-5.31713676,-2.29565096,1.74015749,0.793987691,-8.35874176,-7.23685694,-7.32479668,0.611081541,-8.24112415,-8.12714386,-8.22229958,-8.04873943,-6.00383854,-9.5918808,-6.71166515,-13.7299843]","[0.829587758,0.00187172322,0.16631566,0.000113806556,1.05000993e-06,2.15480432e-05,0.00121937541,0.000473392167,5.01466033e-08,1.53981773e-07,1.41019058e-07,0.000394262926,5.6405554e-08,6.32154524e-08,5.74773615e-08,6.83712429e-08,5.28399767e-07,1.46115431e-08,2.60349907e-07,2.33099068e-10]",1.0500099278942798e-06,9,-13.57988452911377,0,0
337,4,1.067720651626587,97.52213287353516,2.957507610321045,2.6491081714630127,337,338,337,"[7.23389339,4.31804752,5.17402077,1.11641634,-4.91454363,-0.835846245,1.28100705,0.182868272,-7.79636288,-6.73175955,-7.61556196,-2.27809215,-7.92667198,-8.47240162,-7.76498032,-7.26792717,-6.4623723,-8.70158672,-7.77687359,-12.4724503]","[0.841968,0.0455994755,0.107325822,0.00185570575,4.45960723e-06,0.000263422175,0.00218771026,0.000729582447,2.49883868e-07,7.2458505e-07,2.9940486e-07,6.22719745e-05,2.19354064e-07,1.27097877e-07,2.57850218e-07,4.23872223e-07,9.48600075e-07,1.01065773e-07,2.54801705e-07,2.32776354e-09]",4.459607225726359e-06,9,-12.1484375,0,0,137,138,137,"[9.31299782,4.23128891,4.58789825,-1.84109116,-5.51592398,-1.90579343,1.51385748,0.429995984,-9.06197071,-8.21301651,-7.79769707,-2.52259827,-9.03293705,-9.44586182,-8.68675804,-8.53397942,-6.92113781,-9.6503191,-8.59815311,-14.6291962]","[0.984578073,0.00611352921,0.00873304065,1.40958373e-05,3.57380998e-07,1.32126861e-05,0.000403762941,0.000136587594,1.03062892e-08,2.40878482e-08,3.64896557e-08,7.13043528e-06,1.06099041e-08,7.02069514e-09,1.49987649e-08,1.74745658e-08,8.76708199e-08,5.72250025e-09,1.6388368e-08,3.93809881e-11]",3.5738099768423126e-07,9,-14.828922271728516,0,0
338,4,0.752881646156311,258.09429931640625,1.8362356424331665,2.0011982917785645,338,339,338,"[6.8378849,4.17009163,5.3378706,0.917568088,-4.67958879,-0.735282004,1.46575761,0.162876174,-7.53086567,-6.69592667,-7.49237394,-2.41565752,-7.6908946,-8.4397459,-7.55268621,-7.03322554,-6.40064478,-8.51907349,-7.5480442,-12.499567]","[0.768196702,0.0533168539,0.171405405,0.0020621086,7.64711058e-06,0.000394900679,0.00356769189,0.000969511515,4.41777672e-07,1.01815215e-06,4.59113323e-07,7.35716021e-05,3.76446621e-07,1.78025445e-07,4.3224162e-07,7.26650399e-07,1.36789345e-06,1.64448579e-07,4.34252996e-07,3.07131076e-09]",7.647110578545835e-06,9,-11.517473220825195,0,0,138,139,138,"[8.15488815,4.2092948,5.21949291,-0.918667555,-4.92651081,-1.8397609,1.77367938,0.299761564,-8.43240547,-7.83620739,-7.61555052,-2.85603189,-8.7324295,-9.33643246,-8.13946247,-8.03086472,-6.73395538,-9.12597942,-8.08793449,-13.9809875]","[0.930483282,0.0179953035,0.0494177081,0.000106687432,1.93878282e-06,4.24705286e-05,0.00157537789,0.000360803329,5.82021826e-08,1.05648667e-07,1.31732918e-07,1.53718647e-05,4.3116124e-08,2.35680737e-08,7.80121781e-08,8.69611725e-08,3.18101684e-07,2.90885929e-08,8.21374329e-08,2.2657913e-10]",1.9387828160688514e-06,9,-13.081398963928223,0,0
339,4,0.5114400386810303,128.24095153808594,1.5138012170791626,3.7748985290527344,339,340,339,"[6.48211908,4.13866806,5.7187295,0.720630765,-4.68134022,-0.765038908,1.5221839,0.0109011121,-7.34848785,-6.72391844,-7.27764177,-2.56426525,-7.44691944,-8.37674522,-7.40618849,-6.93500471,-6.40751076,-8.47502518,-7.45806599,-12.5715561]","[0.6350649,0.0609635524,0.295993537,0.00199818402,9.00719442e-06,0.000452290435,0.00445395289,0.000982661266,6.25549433e-07,1.16817773e-06,6.7147505e-07,7.48210005e-05,5.66909534e-07,2.23715006e-07,5.90476702e-07,9.45878412e-07,1.60296042e-06,2.02774189e-07,5.60625494e-07,3.37218631e-09]",9.007194421428721e-06,9,-11.163459777832031,0,0,139,140,139,"[7.34262085,4.30000925,5.81402016,-0.793170452,-4.53455019,-2.0111177,1.7150811,-0.0302494802,-8.12215042,-7.72698307,-7.3926425,-3.13038731,-8.17726707,-9.24927521,-7.73165989,-7.7724762,-6.7119956,-8.77577686,-7.82215452,-13.8162956]","[0.787902713,0.0375909396,0.170847952,0.000230750768,5.4737252e-06,6.82645841e-05,0.00283441343,0.000494852371,1.51428551e-07,2.2481575e-07,3.14071713e-07,2.2289636e-05,1.43308156e-07,4.90573093e-08,2.23766818e-07,2.14817348e-07,6.20340302e-07,7.87665542e-08,2.04406234e-07,5.09649878e-10]",5.473725195770385e-06,9,-11.87717056274414,0,0
340,4,0.6150609850883484,91.79385375976562,1.6715490818023682,6.6795268058776855,340,341,340,"[6.46096325,4.17344666,6.12175369,0.250249624,-4.88430548,-0.655046582,1.49414003,-0.28197661,-7.44381571,-6.86185026,-7.17551804,-2.78913665,-7.45118046,-8.46611023,-7.33701849,-7.11274576,-6.65121365,-8.51051998,-7.46992302,-13.0119267]","[0.54796499,0.0556284525,0.390333652,0.00110020605,6.47985689e-06,0.0004449478,0.00381670799,0.000646146771,5.01168586e-07,8.96868244e-07,6.55396093e-07,5.26605982e-05,4.97491385e-07,1.80304582e-07,5.57655142e-07,6.97855796e-07,1.10715064e-06,1.72472667e-07,4.88253477e-07,1.91330329e-09]",6.479856892838143e-06,9,-11.345268249511719,0,0,140,141,140,"[7.17262363,4.09454107,6.74446201,-1.42129946,-4.25432634,-2.20043087,1.7054826,-0.664140582,-8.17785931,-7.87283087,-7.22672129,-3.51079869,-8.01761055,-9.2969017,-7.40208769,-8.00391006,-6.81624937,-8.65368843,-7.82987404,-14.4694271]","[0.587309718,0.027044123,0.382753313,0.000108786153,6.40037842e-06,4.99115813e-05,0.00248037861,0.000231955069,1.26542716e-07,1.71675964e-07,3.27575123e-07,1.3462196e-05,1.48536344e-07,4.13279295e-08,2.74884769e-07,1.50585365e-07,4.93829475e-07,7.86298813e-08,1.79211398e-07,2.34338882e-10]",6.400378424586961e-06,9,-11.426950454711914,0,0
341,4,0.5108542442321777,63.764183044433594,1.0332684516906738,0.555957555770874,341,342,341,"[5.18186188,5.47250891,7.04341364,1.799999,-3.66343379,-1.2422992,0.536130726,-0.277189702,-6.54346848,-6.42236233,-7.03125334,-2.18747568,-7.3239336,-8.77947235,-7.62163591,-6.0170517,-5.38344097,-8.42915249,-7.57944155,-12.1939793]","[0.113361731,0.151597798,0.729336858,0.00385249476,1.63306522e-05,0.000183860582,0.00108855707,0.000482648,9.16684826e-07,1.03470416e-06,5.62830905e-07,7.14502676e-05,4.20018807e-07,9.79796511e-08,3.11873237e-07,1.55181488e-06,2.92424647e-06,1.39084364e-07,3.25314062e-07,3.22281068e-09]",1.6330652215401642e-05,9,-10.706847190856934,2,1,141,142,141,"[5.49653816,5.21399546,8.07668209,0.98276329,-3.81131029,-1.84468067,0.791923285,-0.123083994,-6.80600262,-7.01698208,-7.19734573,-2.39321065,-7.83700275,-9.08028221,-8.00261402,-6.42527914,-5.86445475,-8.66088963,-7.58973265,-12.5442362]","[0.0667659789,0.0503324941,0.881246626,0.000731556152,6.05631112e-06,4.32817033e-05,0.000604459201,0.000242094146,3.0313052e-07,2.45472222e-07,2.04961111e-07,2.50081139e-05,1.08111422e-07,3.11833652e-08,9.16110636e-08,4.43583673e-07,7.77210914e-07,4.74310191e-08,1.38439432e-07,9.76217218e-10]",6.056311121938052e-06,9,-11.887992858886719,2,2
342,4,0.6690878868103027,12.382683753967285,1.502722978591919,2.063474178314209,342,343,342,"[5.91496277,4.47476482,6.57405376,1.39647532,-4.78180981,-1.26487684,0.84047085,0.135318473,-6.89759922,-6.74924135,-7.12721634,-2.96960831,-7.28728771,-8.4865675,-7.19355249,-6.50401735,-6.24331284,-8.18240452,-7.74804735,-12.596921]","[0.313370436,0.0742314607,0.605755866,0.00341746327,7.08775588e-06,0.000238722467,0.0019599013,0.000968256267,8.54344592e-07,9.90977696e-07,6.79064726e-07,4.34047688e-05,5.78620131e-07,1.74402572e-07,6.35480092e-07,1.26637769e-06,1.64356027e-06,2.3640095e-07,3.64995856e-07,2.86054691e-09]",7.087755875545554e-06,9,-11.355863571166992,2,2,142,143,142,"[6.47693396,4.72950029,7.7845664,0.321413964,-4.63514519,-2.76759982,1.07051885,-0.143907711,-7.40845442,-7.71395922,-7.64872122,-3.44651175,-8.01084137,-9.21337318,-7.87846661,-7.19052315,-6.4217124,-8.85032845,-7.87652111,-13.3197155]","[0.204928935,0.0357028171,0.757706225,0.000434805406,3.05976755e-06,1.98040216e-05,0.000919659564,0.000273028738,1.91097996e-07,1.40791585e-07,1.50282915e-07,1.00439838e-05,1.04626622e-07,3.14333093e-08,1.19435185e-07,2.37630346e-07,5.12616737e-07,4.51916797e-08,1.1966776e-07,5.17640597e-10]",3.059767550439574e-06,9,-12.41971206665039,2,2
343,4,0.9111876487731934,593.975341796875,1.8409738540649414,1.4366379976272583,343,344,343,"[5.65357065,4.07578564,8.02108955,0.689271808,-4.06642723,-2.37592268,1.10470283,-0.140749812,-6.90849018,-6.80771208,-7.26445532,-1.94123054,-7.02084446,-8.87540054,-7.13301849,-6.22458553,-5.9642787,-8.53658581,-7.82662392,-13.3995428]","[0.0840417594,0.0173488948,0.896799922,0.000586850685,5.04839954e-06,2.73735241e-05,0.000889092626,0.00025589022,2.9434824e-07,3.25558489e-07,2.0619018e-07,4.22780358e-05,2.63067136e-07,4.11758272e-08,2.35152726e-07,5.83280553e-07,7.56706527e-07,5.77815165e-08,1.17522504e-07,4.46512383e-10]",5.048399543738924e-06,9,-12.087516784667969,2,2,143,144,143,"[6.02138519,3.4361918,9.86206341,-0.209546179,-3.91887212,-2.54508781,1.68482804,-0.342956334,-7.3574295,-7.00228786,-7.57493401,-1.92638135,-7.38572645,-9.29983711,-7.68142033,-6.75339413,-5.83568192,-9.07828331,-7.76055765,-13.3857632]","[0.0209864471,0.00158198946,0.977066815,4.12933223e-05,1.01143996e-06,3.99546161e-06,0.000274533901,3.61360289e-05,3.24782832e-08,4.63265977e-08,2.61296087e-08,7.41767599e-06,3.15721174e-08,4.65604355e-09,2.34901645e-08,5.94187597e-08,1.48757934e-07,5.81080917e-09,2.17029026e-08,7.82567622e-11]",1.0114399628946558e-06,9,-13.780935287475586,2,2
344,4,0.3757174015045166,19.088415145874023,0.8084831237792969,0.6741378307342529,344,345,344,"[6.13990402,4.9079628,5.53620338,1.11842227,-4.55508566,-1.49434948,0.859388947,0.411636591,-6.92782879,-6.84221554,-7.41306305,-2.24932194,-7.58133221,-8.86079407,-7.2968173,-6.67330027,-6.39369392,-8.61753368,-7.50126362,-12.9460802]","[0.539316893,0.157332599,0.294890076,0.00355665782,1.22199326e-05,0.000260813482,0.00274501927,0.0017542406,1.13920055e-06,1.2410278e-06,7.01237639e-07,0.000122588535,5.9263499e-07,1.64863167e-07,7.87680165e-07,1.4694009e-06,1.94344193e-06,2.10266776e-07,6.42037833e-07,2.77272516e-09]",1.221993261424359e-05,9,-10.694990158081055,0,1,144,145,144,"[6.70107079,5.00798368,6.34468651,0.364451557,-4.95335388,-1.81891787,1.20461404,0.603718758,-7.53239918,-7.35926867,-7.83967352,-2.2866683,-8.24655056,-9.26060295,-8.00892639,-7.41137028,-6.7200942,-9.22862244,-7.75893402,-13.4188137]","[0.528369904,0.0971940532,0.369966477,0.000935361022,4.58654631e-06,0.000105378953,0.00216699205,0.00118820614,3.47872913e-07,4.13628499e-07,2.55842593e-07,6.60104051e-05,1.70321172e-07,6.17833251e-08,2.16006825e-07,3.92629403e-07,7.8379054e-07,6.37911199e-08,2.77356122e-07,9.66013713e-10]",4.586546310747508e-06,9,-11.654424667358398,0,1
345,4,0.5557190179824829,4502.58984375,1.011906623840332,1.0012446641921997,345,346,345,"[6.31501484,5.3525033,5.36107635,0.997065783,-4.95470428,-1.60453868,1.41166258,0.183649138,-7.42920685,-6.94145441,-7.47204828,-2.44770408,-7.93380737,-8.80336571,-7.77371979,-7.20333385,-6.73913908,-8.81991673,-7.50663757,-12.8632708]","[0.561106026,0.214304611,0.216149747,0.00275098928,7.15596343e-06,0.00020399825,0.00416433904,0.00121962582,6.02566899e-07,9.81372068e-07,5.77297556e-07,8.77898638e-05,3.63797795e-07,1.52480993e-07,4.26958053e-07,7.55267308e-07,1.20142795e-06,1.49978035e-07,5.57670319e-07,2.63040212e-09]",7.155963430705015e-06,9,-11.269719123840332,0,0,145,146,145,"[7.24777937,5.69517088,5.44846821,-0.00124099851,-5.06519127,-2.40709734,1.79394889,0.0538763665,-8.31832314,-7.53790474,-7.78778315,-2.11898613,-8.90718937,-9.6243124,-8.55993557,-8.21524048,-6.78328133,-9.56713867,-7.70557308,-13.5234518]","[0.723062515,0.153068751,0.119603775,0.000514003681,3.24878397e-06,4.63570868e-05,0.00309461914,0.00054312963,1.25575127e-07,2.74053292e-07,2.13458762e-07,6.18360064e-05,6.96886815e-08,3.40187896e-08,9.86216477e-08,1.39210456e-07,5.828594e-07,3.60204808e-08,2.31748615e-07,6.89198254e-10]",3.248783968956559e-06,9,-12.312971115112305,0,0
346,4,0.48628026247024536,376.4720458984375,1.0799624919891357,5.364450931549072,346,347,346,"[6.09856367,6.08013868,5.70968771,0.369134933,-5.40974379,-1.81613612,1.23924339,-0.067167446,-7.6216011,-7.39442587,-7.49772739,-2.37555742,-8.07489109,-9.27913284,-7.91526222,-7.48050642,-7.16759253,-8.91849613,-7.4107542,-13.5015135]","[0.374074906,0.367245674,0.253554851,0.00121534418,3.75806394e-06,0.000136662144,0.00290123303,0.000785625656,4.11496842e-07,5.1644929e-07,4.65762611e-07,7.8107827e-05,2.61520398e-07,7.8434951e-08,3.0678288e-07,4.73852708e-07,6.47947957e-07,1.12494831e-07,5.08085293e-07,1.1501472e-09]",3.7580639400403015e-06,9,-11.508307456970215,0,0,146,147,146,"[6.68077707,6.47735643,6.14526081,-0.710827589,-5.10936642,-2.51465893,1.52363181,-0.427483886,-8.35092354,-7.85825443,-7.689888,-2.04748845,-8.86676693,-10.0723066,-8.58741951,-8.25497913,-7.06607819,-9.57969093,-7.50478077,-14.1001778]","[0.415149659,0.338735133,0.243014932,0.000255900813,3.14637305e-06,4.21383338e-05,0.0023904785,0.00033972392,1.23032621e-07,2.01364699e-07,2.38289189e-07,6.72306051e-05,7.34500247e-08,2.20005081e-08,9.7120612e-08,1.35421615e-07,4.44653296e-07,3.60058756e-08,2.86744438e-07,3.91878002e-10]",3.1463730465475237e-06,9,-11.790143966674805,0,0
347,4,0.5507724285125732,53.391971588134766,1.1053681373596191,0.43538394570350647,347,348,347,"[5.04174709,5.2139554,7.60674524,2.02982306,-3.50566411,-1.10240054,0.345426947,-0.530572057,-6.30953121,-6.2240715,-6.95894194,-2.02993202,-7.20884418,-8.84830856,-7.49010944,-5.87232637,-5.5008359,-8.3074913,-7.26535988,-12.3669138]","[0.0655567199,0.0778764784,0.852278888,0.0032251887,1.27210678e-05,0.000140685035,0.00059845479,0.000249223842,7.70583028e-07,8.39333552e-07,4.02516946e-07,5.56450032e-05,3.13511009e-07,6.0847519e-08,2.36646912e-07,1.19315087e-06,1.72994226e-06,1.04500124e-07,2.96284384e-07,1.8035643e-09]",1.272106783289928e-05,9,-11.112409591674805,2,0,147,148,147,"[5.54495621,5.53337812,8.71211338,1.14607072,-4.00345802,-1.18057585,0.21013537,-0.743704379,-6.78423214,-6.64341784,-7.36632299,-2.10175514,-7.82070637,-9.36911488,-8.24506378,-6.37277269,-5.74097443,-8.91185474,-7.31327724,-12.8702793]","[0.0388362408,0.0383891836,0.9219684,0.000477337278,2.76957758e-06,4.65988815e-05,0.00018722075,7.21284159e-05,1.71687503e-07,1.97648603e-07,9.59266444e-08,1.85486642e-05,6.0898202e-08,1.29461082e-08,3.98389588e-08,2.59079741e-07,4.87326247e-07,2.04514823e-08,1.01152665e-07,3.90482507e-10]",2.7695775770553155e-06,9,-12.715571403503418,2,0
348,4,0.6082308292388916,148.16632080078125,1.291826605796814,0.742277979850769,348,349,348,"[5.08714199,4.72449589,7.71181774,1.87063372,-3.72243047,-0.825292885,0.435836047,-0.352934361,-6.33804703,-6.38771391,-7.51804733,-1.97460759,-7.0839138,-8.35520554,-6.87983608,-6.47813034,-6.20790815,-8.62061024,-7.14793301,-12.4939232]","[0.0642934218,0.044737462,0.887255549,0.00257783243,9.59882163e-06,0.000173951761,0.000613945711,0.000278979045,7.01891508e-07,6.67881977e-07,2.15676266e-07,5.51172707e-05,3.32923292e-07,9.33745952e-08,4.08294937e-07,6.10144355e-07,7.99444592e-07,7.16086319e-08,3.12277677e-07,1.48869761e-09]",9.598821634426713e-06,9,-11.434247970581055,2,2,148,149,148,"[5.6768074,4.57262564,8.67199898,0.578807116,-4.10611629,-0.523728192,0.759347558,-0.358722359,-7.11838913,-6.89679861,-7.91021776,-2.21359992,-7.67404127,-8.6348877,-7.47348595,-7.2092433,-6.44190216,-9.30471134,-7.11325788,-12.6597366]","[0.0468626097,0.0155341122,0.936745584,0.000286281313,2.64336245e-06,9.50534741e-05,0.000342926243,0.000112106049,1.29999975e-07,1.62247701e-07,5.88920415e-08,1.75414716e-05,7.4580683e-08,2.85322646e-08,9.1143697e-08,1.18709522e-07,2.55704151e-07,1.46027954e-08,1.30668667e-07,5.09760956e-10]",2.6433624498167774e-06,9,-12.778115272521973,2,2
349,4,0.3996913433074951,135.1422576904297,0.6310114860534668,0.7425680756568909,349,350,349,"[5.57727528,6.06901884,5.66422606,1.58917665,-4.03109407,-1.23738205,0.741863489,-0.280361801,-6.87192059,-6.66176414,-7.70513487,-2.68375421,-7.72963619,-8.70791435,-7.48175812,-6.94122028,-6.73737764,-8.63735771,-7.37443733,-12.3980656]","[0.266184479,0.435255498,0.290365487,0.00493370928,1.78780829e-05,0.00029215595,0.002114414,0.000760752475,1.04367643e-06,1.28776105e-06,4.53633277e-07,6.87801512e-05,4.42654368e-07,1.66419227e-07,5.67174141e-07,9.7379916e-07,1.19397987e-06,1.78585367e-07,6.31429998e-07,4.15519308e-09]",1.7878082871902734e-05,9,-10.100112915039062,1,1,149,150,149,"[5.47475386,6.68797541,5.88640976,0.958165169,-3.92154527,-1.09484494,0.877693951,-0.488549531,-7.2521472,-6.9274106,-7.56821966,-2.3878386,-8.07710648,-8.92931557,-7.97392654,-7.13757181,-6.44920731,-8.90179157,-7.17912292,-11.9910536]","[0.169517502,0.570308685,0.255855322,0.00185218768,1.40751818e-05,0.000237724569,0.0017089796,0.000435897848,5.03490924e-07,6.96662653e-07,3.67048216e-07,6.52430608e-05,2.20656446e-07,9.4103747e-08,2.4463975e-07,5.64612776e-07,1.1238393e-06,9.67297424e-08,5.41633995e-07,4.4046411e-09]",1.4075181752559729e-05,9,-10.60952091217041,1,1
350,4,0.9420968890190125,1782.4451904296875,1.8135623931884766,0.4488302171230316,350,351,350,"[5.17284298,6.00848532,5.56206846,2.66560674,-3.68157935,-1.529796,1.20797491,-0.619594157,-6.46858597,-6.00755453,-7.79220724,-1.81077099,-6.99045515,-9.19090843,-7.5468483,-5.95759344,-5.80646038,-8.48414516,-7.37084818,-11.7377768]","[0.20458205,0.471826553,0.301929802,0.016672032,2.92038731e-05,0.000251158897,0.00388103141,0.000624085427,1.79911513e-06,2.85287661e-06,4.78870618e-07,0.000189636747,1.06761502e-06,1.18241346e-07,6.12034e-07,2.9990299e-06,3.48832418e-06,2.39724926e-07,7.29813166e-07,9.2614485e-09]",2.9203873054939322e-05,9,-9.690064430236816,1,2,150,151,150,"[5.82010365,7.82204771,5.03115559,2.21950078,-4.98839378,-2.21641469,1.21637738,-0.740203679,-7.27738714,-6.69126749,-8.4400177,-2.43477654,-7.73916435,-10.1348305,-8.59072399,-6.86553621,-6.65170193,-9.3786068,-7.83017302,-12.2782574]","[0.112395979,0.832116306,0.0510640182,0.003069225,2.27342048e-06,3.63526051e-05,0.00112558377,0.000159090865,2.30453011e-07,4.14124912e-07,7.20540783e-08,2.92214518e-05,1.45222955e-07,1.3231551e-08,6.19737932e-08,3.47894371e-07,4.30838668e-07,2.81860668e-08,1.32589932e-07,1.55143021e-09]",2.273420477649779e-06,9,-12.810441970825195,1,1
351,4,0.6940638422966003,117.78169250488281,1.2156949043273926,1.1337072849273682,351,352,351,"[5.25481701,5.92199945,5.22398233,2.6912806,-3.97694612,-0.890816033,1.51522517,-0.406547219,-6.69585705,-5.66619444,-7.71638823,-1.007007,-7.33619642,-8.77449989,-7.65813541,-6.38186502,-5.72043037,-8.75333405,-7.28943062,-11.2084694]","[0.248332366,0.483934969,0.240791991,0.0191295017,2.43068935e-05,0.000532131235,0.00590131944,0.000863642839,1.60295667e-06,4.48847004e-06,5.77710807e-07,0.000473759195,8.44939677e-07,2.0052947e-07,6.12363863e-07,2.19425237e-06,4.25151575e-06,2.04819088e-07,8.85392012e-07,1.75840231e-08]",2.430689346510917e-05,9,-9.898945808410645,1,2,151,152,151,"[5.25499249,7.13769436,4.84175634,2.19182944,-3.97417092,-1.90074074,1.73043716,-0.506685257,-7.12545013,-6.19692707,-7.86569166,-0.749340534,-8.02105999,-9.20265388,-8.11954784,-6.84690905,-5.95617533,-9.11165714,-7.24480104,-11.7586718]","[0.120257579,0.790240884,0.0795511156,0.0056207953,1.18015168e-05,9.38462763e-05,0.00354337902,0.000378309836,5.05073444e-07,1.2782242e-06,2.40919263e-07,0.000296800077,2.0625103e-07,6.32756851e-08,1.86906064e-07,6.67303823e-07,1.62616402e-06,6.930361e-08,4.48251058e-07,4.91102314e-09]",1.1801516848208848e-05,9,-11.111865043640137,1,2
352,4,0.4482111930847168,15.987007141113281,0.6056532859802246,1.7053656578063965,352,353,352,"[6.45033026,4.4805274,5.95491982,0.910822392,-4.76614094,-0.744815648,1.18580043,-0.240898624,-7.24456024,-6.6741457,-7.14876175,-2.96535969,-7.47869825,-8.43182945,-7.49198103,-6.86197472,-6.53830051,-8.38860989,-7.72096682,-12.4954224]","[0.568180621,0.0792523026,0.346204251,0.00223207474,7.64249307e-06,0.000426259619,0.00293853064,0.000705541635,6.41018914e-07,1.13396379e-06,7.05465197e-07,4.62705284e-05,5.07207631e-07,1.95544857e-07,5.00515057e-07,9.39778772e-07,1.29896046e-06,2.04181703e-07,3.98079948e-07,3.36085981e-09]",7.642493073944934e-06,9,-11.216470718383789,0,0,152,153,152,"[6.61677837,5.02089643,6.397048,0.941292763,-4.68215084,-1.29788411,1.46154368,-0.651718855,-7.58817959,-6.80318213,-7.23231125,-2.70143223,-8.08435154,-8.82386684,-8.07774067,-7.19009447,-6.5642662,-8.97573376,-7.71382046,-12.7017145]","[0.496072233,0.100568548,0.398214638,0.00170103344,6.14444025e-06,0.000181238604,0.00286190282,0.000345841079,3.3605474e-07,7.36766594e-07,4.79691096e-07,4.45345904e-05,2.04609279e-07,9.7669357e-08,2.05966401e-07,5.00375904e-07,9.35599587e-07,8.39079988e-08,2.96377294e-07,2.02129669e-09]",6.144440249045147e-06,9,-11.298929214477539,0,0
353,4,0.7145254611968994,505.2284240722656,0.9698543548583984,0.7513504028320312,353,354,353,"[4.90166521,5.92532778,7.48169804,2.18506193,-3.42122507,-1.89264321,0.33351469,-0.824636519,-6.39316654,-6.39966726,-7.0486989,-2.51542354,-7.28666782,-8.87921143,-7.48801661,-5.86975765,-5.34030771,-8.42306423,-7.5775876,-12.3435545]","[0.0586072206,0.163125589,0.773472965,0.00387387257,1.42352646e-05,6.56478514e-05,0.000608174945,0.000191007261,7.28900091e-07,7.24177426e-07,3.78419656e-07,3.52168317e-05,2.98280838e-07,6.06725195e-08,2.43882397e-07,1.23021675e-06,2.08890469e-06,9.57402619e-08,2.22987353e-07,1.89866078e-09]",1.4235264643502887e-05,9,-10.902923583984375,2,2,153,154,153,"[5.09045696,6.7041173,8.45155239,1.30374527,-4.07609701,-2.07610512,0.584101081,-1.39287424,-6.9362278,-6.84318686,-7.35080433,-2.76069522,-7.95092297,-9.38705635,-7.95727348,-6.32109785,-5.4888382,-8.87836838,-7.85958958,-12.8323708]","[0.0286709853,0.143961489,0.826319098,0.000649971946,2.99542603e-06,2.21332011e-05,0.000316487771,4.38296338e-05,1.71521975e-07,1.88246418e-07,1.13310847e-07,1.1161701e-05,6.21788061e-08,1.4789002e-08,6.17853786e-08,3.17297832e-07,7.29311523e-07,2.45956553e-08,6.81253667e-08,4.71690409e-10]",2.9954260298836743e-06,9,-12.52764892578125,2,2
354,4,0.45815396308898926,32.734642028808594,1.1920868158340454,3.3391218185424805,354,355,354,"[5.23546362,5.31312275,6.49001789,1.43752348,-2.6871016,-1.28880739,0.0854629353,-0.110390231,-6.44919157,-6.46060419,-7.34500074,-2.18976331,-7.23853302,-8.56384087,-7.08599377,-6.58642912,-5.60996914,-8.59463882,-7.09277916,-12.2702599]","[0.177856788,0.192219466,0.623614848,0.00398699706,6.44679967e-05,0.000260985107,0.00103146292,0.00084799953,1.49792118e-06,1.48092454e-06,6.11566918e-07,0.000106007217,6.80271853e-07,1.80762626e-07,7.92372589e-07,1.30583237e-06,3.46703973e-06,1.75280348e-07,7.87014301e-07,4.44049908e-09]",6.446799670811743e-05,9,-9.177119255065918,2,1,154,155,154,"[5.61045551,5.24899006,7.22721386,0.245436668,-2.38225102,-1.28139615,0.370834082,0.0618422292,-7.07752991,-6.97271442,-7.66364908,-2.20090103,-7.69932127,-8.77453709,-7.54779768,-7.25412226,-5.7633543,-9.20879841,-7.0781002,-12.3748102]","[0.148168951,0.103222579,0.746287882,0.000693041249,5.00690003e-05,0.000150544234,0.000785630604,0.000576799852,4.57546804e-07,5.0810786e-07,2.54616538e-07,6.00245003e-05,2.45694139e-07,8.38367171e-08,2.85891105e-07,3.83479204e-07,1.70284193e-06,5.43046426e-08,4.5728595e-07,2.29010566e-09]",5.006900028092787e-05,9,-9.609464645385742,2,2
355,4,0.6504789590835571,23.15498924255371,1.3349123001098633,1.2476989030838013,355,356,355,"[5.30755568,5.66619635,6.70036125,2.3579464,-3.49834442,-0.692278504,0.350473255,-0.267497897,-6.83557367,-6.07355452,-7.79301405,-1.76528633,-7.71095514,-8.58203411,-7.41156864,-6.83572769,-5.76282883,-8.83869743,-7.19644451,-11.7909107]","[0.153274924,0.219395027,0.617104709,0.00802549906,2.29676862e-05,0.000379993609,0.00107804686,0.00058110687,8.1616281e-07,1.74871059e-06,3.13304184e-07,0.000129949549,3.40097529e-07,1.42330791e-07,4.58802305e-07,8.1603747e-07,2.38596567e-06,1.1011128e-07,5.68922076e-07,5.75044501e-09]",2.296768616361078e-05,9,-10.198705673217773,2,2,155,156,155,"[5.61795807,5.91987848,8.03527355,2.30165267,-4.13245916,-0.992828965,0.78775835,-0.538271248,-7.46277094,-6.31290197,-8.25578594,-1.64228606,-8.33764172,-8.79366493,-8.19365883,-7.57237291,-6.24687481,-9.61469269,-7.28689814,-12.1665077]","[0.0734393075,0.0993232504,0.823673904,0.00266486686,4.27933128e-06,9.88325628e-05,0.000586407434,0.000155708462,1.53122954e-07,4.83528027e-07,6.9284944e-08,5.16231485e-05,6.38394866e-08,4.04613729e-08,7.37258787e-08,1.37227374e-07,5.16531827e-07,1.78021295e-08,1.8256641e-07,1.38749923e-09]",4.279331278667087e-06,9,-12.167732238769531,2,2
356,4,0.5336543321609497,26.123170852661133,1.2912144660949707,0.6563066840171814,356,357,356,"[5.36955595,5.54726028,6.07515574,2.13402534,-3.87148499,-0.440421492,0.538755,-0.26000306,-6.48592186,-5.97984314,-7.47779036,-2.14661527,-7.40106392,-8.67858505,-7.36760426,-6.16392565,-5.78995848,-8.44917202,-7.46442509,-11.8424454]","[0.233965367,0.279465109,0.473794103,0.00920403656,2.2689157e-05,0.000701310521,0.00186707324,0.000839972694,1.6610519e-06,2.75530942e-06,6.16055672e-07,0.000127326799,6.65184416e-07,1.85405085e-07,6.87817135e-07,2.29205034e-06,3.33147068e-06,2.33213683e-07,6.24344352e-07,7.83564236e-09]",2.2689157049171627e-05,9,-9.946640968322754,2,1,156,157,156,"[5.45268106,5.47398376,7.3663702,1.7492398,-4.51302814,-0.560926557,0.892343521,-0.3537319,-6.70961142,-6.2197113,-7.72060633,-1.8607446,-7.81886768,-8.78135204,-7.87209988,-6.5721488,-6.08697414,-8.87088871,-7.29348469,-12.0830841]","[0.113110878,0.115546301,0.766671002,0.00278689316,5.31437126e-06,0.000276584498,0.00118297338,0.000340260245,5.90864772e-07,9.64381343e-07,2.14989953e-07,7.53917848e-05,1.94869585e-07,7.44290318e-08,1.84767501e-07,6.77933883e-07,1.10127507e-06,6.80545398e-08,3.29545145e-07,2.740425e-09]",5.314371264830697e-06,9,-11.879398345947266,2,2
357,4,0.8038632869720459,46.701358795166016,1.6941099166870117,0.6123412251472473,357,358,357,"[5.4575448,4.60328913,7.37447548,1.79713869,-4.20953321,-0.794797242,0.694262743,-0.338700384,-6.56092644,-6.45638323,-7.39075375,-1.94028032,-7.10387516,-8.59943104,-7.10218191,-6.42631054,-6.19570971,-8.34378052,-7.44559145,-12.3666468]","[0.120983392,0.0514905155,0.822693706,0.0031119429,7.66243647e-06,0.00023300662,0.00103290065,0.000367661822,7.29743135e-07,8.10163669e-07,3.18258941e-07,7.41124677e-05,4.2400444e-07,9.50294634e-08,4.24722771e-07,8.34897151e-07,1.05143351e-06,1.2271181e-07,3.01276401e-07,2.19673324e-09]",7.66243647376541e-06,9,-11.584009170532227,2,2,157,158,157,"[5.63261843,3.86783719,9.0685854,1.04171169,-4.60092402,-0.488056421,1.11938846,-0.355519414,-6.85981512,-6.70492983,-7.53461695,-1.61885595,-7.40342474,-8.89022732,-7.38170862,-6.91466475,-6.30629921,-8.60985374,-7.10859156,-12.2863665]","[0.0309988651,0.0053077559,0.962869227,0.000314441917,1.11422935e-06,6.81036909e-05,0.000339840393,7.77554087e-05,1.1639947e-07,1.35899072e-07,5.92772338e-08,2.19821777e-05,6.75871874e-08,1.52810795e-08,6.90709072e-08,1.10186953e-07,2.02460257e-07,2.02263877e-08,9.07629101e-08,5.11952369e-10]",1.1142293487864663e-06,9,-13.669509887695312,2,2
358,4,0.7892392873764038,28.018882751464844,1.1678595542907715,0.9083406925201416,358,359,358,"[5.61270046,4.89678907,6.52873802,2.07398415,-3.50121713,-0.921771944,0.596974134,-0.221646652,-6.68187141,-6.06438494,-7.23604822,-1.24052989,-7.36832142,-8.4200058,-7.48710632,-6.42982149,-5.58342552,-8.7750597,-7.20975208,-12.0792913]","[0.248176843,0.121295556,0.620285034,0.00720968563,2.73298501e-05,0.000360475678,0.0016461109,0.000725999707,1.13578619e-06,2.10604344e-06,6.52559947e-07,0.000262084359,5.71709108e-07,1.99725903e-07,5.07676987e-07,1.46137006e-06,3.40679162e-06,1.40034942e-07,6.6994761e-07,5.14312726e-09]",2.7329850126989186e-05,9,-10.02995491027832,2,2,158,159,158,"[6.27841949,4.30005884,7.69659758,1.29056537,-3.81763268,-1.28349614,1.13543761,-0.309489101,-7.46821785,-6.38479185,-7.27418184,-0.113706067,-7.88946247,-8.71524334,-8.17262268,-7.3003664,-5.82597256,-9.44464207,-6.97191954,-12.4893246]","[0.1892443,0.0261716861,0.781501353,0.00129070017,7.80481969e-06,9.8384e-05,0.00110523368,0.000260573695,2.02737397e-07,5.99045734e-07,2.461517e-07,0.000316926074,1.33042406e-07,5.82583226e-08,1.00233926e-07,2.39790069e-07,1.04749586e-06,2.80920958e-08,3.3302257e-07,1.33750344e-09]",7.804819688317366e-06,9,-11.514230728149414,2,2
359,4,0.39279890060424805,24.883962631225586,0.9524332284927368,1.0210859775543213,359,360,359,"[6.25384331,5.14960384,5.72645855,1.92613769,-4.13273478,-1.22425222,1.1522032,-0.148976803,-7.26565886,-6.27877665,-7.49542284,-2.0136764,-7.88755131,-8.48713207,-7.87580633,-7.17635107,-6.26473808,-8.8934164,-7.44290733,-12.0181732]","[0.514557362,0.17055665,0.303664118,0.00679101981,1.5870859e-05,0.000290896278,0.0031319845,0.000852558878,6.91812488e-07,1.85603574e-06,5.49798528e-07,0.000132097906,3.7145287e-07,2.03943145e-07,3.75841495e-07,7.56439647e-07,1.88227455e-06,1.35850755e-07,5.79442769e-07,5.97032379e-09]",1.5870858987909742e-05,9,-10.386577606201172,0,0,159,160,159,"[6.82017803,5.56350279,5.90167141,0.973704457,-4.32474089,-1.52078462,1.42607653,-0.301094919,-7.94234848,-6.70438719,-7.5984149,-1.40089405,-8.59241295,-9.17121792,-8.56152058,-7.84691238,-6.31001043,-9.53547668,-7.48491478,-12.4586973]","[0.590848088,0.168154597,0.235816136,0.00170759379,8.53687379e-06,0.000140942473,0.00268440042,0.000477250403,2.29188103e-07,7.90372098e-07,3.23266192e-07,0.000158894763,1.19638955e-07,6.70656917e-08,1.23392567e-07,2.52138648e-07,1.17248487e-06,4.65913033e-08,3.62120403e-07,2.50475818e-09]",8.5368737927638e-06,9,-11.144918441772461,0,0
360,4,0.3974050283432007,29.2825984954834,0.8514003753662109,1.1773663759231567,360,361,360,"[5.82562017,5.6515274,5.70217514,1.72919738,-4.07025099,-1.14952147,1.06572378,-0.248572245,-7.14302778,-6.18821096,-7.36932611,-2.12316704,-7.82602882,-8.51857567,-7.75668287,-7.07777834,-6.30813456,-8.65654659,-7.47426128,-12.0854702]","[0.36324656,0.305206627,0.321062803,0.00604154076,1.83011889e-05,0.000339575257,0.00311175082,0.000836013351,8.47206479e-07,2.20120728e-06,6.75630304e-07,0.000128258835,4.27923254e-07,2.14090107e-07,4.58650902e-07,9.04329568e-07,1.95244502e-06,1.86498838e-07,6.08325706e-07,6.04663253e-09]",1.8301188902114518e-05,9,-9.89587116241455,0,0,160,161,160,"[6.12868881,6.05169106,5.99547005,0.877797008,-4.0857811,-1.57600141,1.24800003,-0.541232824,-7.65366316,-6.48020554,-7.36535788,-1.62490571,-8.22059536,-9.14957237,-8.29109287,-7.5133357,-6.11300564,-9.15646458,-7.32065487,-12.5160799]","[0.355088443,0.328773528,0.310799539,0.0018616725,1.30091403e-05,0.00016004128,0.00269575487,0.000450429157,3.67059869e-07,1.18676121e-06,4.89718332e-07,0.000152402834,2.08219802e-07,8.22378965e-08,1.94046294e-07,4.22357658e-07,1.71331271e-06,8.16731287e-08,5.1210759e-07,2.8380287e-09]",1.3009140275244135e-05,9,-10.214469909667969,0,0
361,4,0.40426385402679443,80.2300796508789,0.9501265287399292,0.6202220320701599,361,362,361,"[5.19834614,5.24045038,6.26282215,2.51671004,-3.51890802,-0.870357096,0.526198328,-0.272400945,-6.28004456,-6.12808609,-7.49731302,-1.55079138,-7.22435093,-8.73405743,-7.15851021,-6.19991255,-5.83429432,-8.44847107,-7.1137886,-12.0951138]","[0.198884204,0.207436875,0.576628804,0.0136138331,3.25645196e-05,0.000460252311,0.00185999717,0.000836922147,2.05872402e-06,2.39658516e-06,6.09460187e-07,0.00023307043,8.0073994e-07,1.76943374e-07,8.55234759e-07,2.23048664e-06,3.21503308e-06,2.35430363e-07,8.94350364e-07,6.13967854e-09]",3.2564519642619416e-05,9,-9.781730651855469,2,2,161,162,161,"[5.36061192,5.2943244,7.06194162,2.2905376,-3.94060111,-0.748828471,0.852558136,-0.237467945,-6.56610489,-6.18304634,-7.63285589,-0.600664854,-7.62281275,-9.07412338,-7.92407036,-6.68001842,-5.93645906,-8.92932224,-6.84906006,-11.7952356]","[0.133633152,0.125062153,0.732474208,0.00620294316,1.22025003e-05,0.000296905346,0.00147262216,0.00049510703,8.83501173e-07,1.29588761e-06,3.04034501e-07,0.000344321976,3.07103335e-07,7.19429991e-08,2.27221918e-07,7.88378316e-07,1.65828305e-06,8.31523437e-08,6.65765469e-07,4.73395501e-09]",1.2202500329294708e-05,9,-11.002542495727539,2,2
362,4,0.5118003487586975,93.161865234375,0.7966383695602417,0.7961799502372742,362,363,362,"[5.30333233,5.60944605,5.69442177,2.49468589,-4.03329897,-1.00057578,0.905482411,-0.268490583,-6.62532616,-6.24925327,-7.31704235,-2.4279747,-7.49821091,-8.65003204,-7.18263388,-6.63795471,-6.59841108,-7.99286127,-7.35501194,-11.9757366]","[0.255393744,0.346859634,0.377622843,0.0153968018,2.25093536e-05,0.000467151607,0.00314230449,0.000971400237,1.68523195e-06,2.45463252e-06,8.43823443e-07,0.000112084686,7.03996761e-07,2.22505676e-07,9.6521444e-07,1.66408381e-06,1.7312052e-06,4.29286217e-07,8.12384428e-07,7.99845257e-09]",2.2509353584609926e-05,9,-9.727720260620117,2,1,162,163,162,"[5.10518456,6.37720108,5.80640745,2.59910989,-4.41032982,-1.79721415,1.0947144,-0.453693092,-6.82696676,-6.57736731,-7.25671053,-1.91636527,-7.58520508,-9.22901154,-7.56140995,-6.90604734,-6.73101234,-8.06835556,-7.2517662,-12.1080084]","[0.149480417,0.533352137,0.301384896,0.0121957855,1.10166329e-05,0.000150283187,0.0027093126,0.000575962826,9.82917413e-07,1.26158545e-06,6.39559914e-07,0.000133402442,4.6048774e-07,8.89859706e-08,4.71576527e-07,9.08181732e-07,1.08190545e-06,2.84045854e-07,6.42730299e-07,5.00022024e-09]",1.101663292502053e-05,9,-10.787530899047852,1,1
363,4,0.7996155023574829,187.31959533691406,1.480544090270996,1.0870002508163452,363,364,363,"[5.27495813,4.40976,8.26444626,1.5058099,-4.68180847,-0.52191174,0.838135719,-0.526188552,-6.58826113,-6.56625175,-7.28830051,-2.2315383,-7.34096813,-8.73458481,-7.01831722,-6.944098,-6.05329657,-8.36643028,-7.15502119,-12.6699076]","[0.0468645617,0.0197284892,0.931456923,0.00108124537,2.2216509e-06,0.000142329853,0.000554570928,0.000141722383,3.30151835e-07,3.37498989e-07,1.63942175e-07,2.57522279e-05,1.55531154e-07,3.85991186e-08,2.1475482e-07,2.31300035e-07,5.63697711e-07,5.57783544e-08,1.87315351e-07,7.54204033e-10]",2.2216509023564868e-06,9,-12.94625473022461,2,2,163,164,163,"[5.20081139,4.07855749,9.74499035,1.00937223,-5.26410389,0.0454064682,0.84489131,-0.477591425,-6.52151966,-6.57763386,-7.68038559,-2.50236106,-7.60728693,-8.92248917,-7.16271257,-7.06434727,-5.97995615,-8.45244122,-6.95400763,-12.600853]","[0.0104770903,0.0034107666,0.985717654,0.000158460709,2.98803542e-07,6.04333582e-05,0.000134427697,3.58213219e-05,8.49761435e-08,8.03390918e-08,2.66690456e-08,4.72928286e-06,2.86915522e-08,7.70138442e-09,4.47538326e-08,4.93798709e-08,1.46047739e-07,1.2322773e-08,5.5140422e-08,1.9456993e-10]",2.9880354190936487e-07,9,-15.00909423828125,2,2
364,4,0.5009832382202148,82.48526763916016,0.550105094909668,2.648707389831543,364,365,364,"[5.84536886,4.86261988,6.47072124,1.04742908,-4.57711649,-0.539645433,1.16210759,-0.165427729,-7.09007311,-6.47196054,-7.33791685,-2.30618286,-7.55884838,-8.84853172,-7.33389091,-6.83841276,-5.98607874,-8.52510166,-7.51336527,-12.2003708]","[0.306263447,0.114628524,0.572377086,0.00252566859,9.11311963e-06,0.000516557368,0.00283256965,0.000750999025,7.38420681e-07,1.3700826e-06,5.7632451e-07,8.8291883e-05,4.62080408e-07,1.27237399e-07,5.7864861e-07,9.4972745e-07,2.22721724e-06,1.75824383e-07,4.83582312e-07,4.45584014e-09]",9.113119631365407e-06,9,-11.04783821105957,2,1,164,165,164,"[5.88801384,5.35709238,7.02082634,1.24662805,-4.6460247,-0.713416696,1.35660303,-0.603597403,-7.45269299,-6.41996622,-7.55921555,-1.84326255,-8.07584953,-9.10507584,-7.69089603,-7.19766855,-5.99388885,-8.80440235,-7.545928,-12.1756172]","[0.212034732,0.124689728,0.658235312,0.00204493082,5.64328684e-06,0.00028803281,0.0022826551,0.00032146665,3.40887908e-07,9.57456336e-07,3.06442814e-07,9.30585447e-05,1.82800832e-07,6.53118093e-08,2.6863421e-07,4.39913293e-07,1.46609511e-06,8.82209434e-08,3.1054185e-07,3.03020831e-09]",5.643286840495421e-06,9,-11.666851043701172,2,1
365,4,0.3811328411102295,37.38570785522461,0.43423306941986084,5.420172214508057,365,366,365,"[6.51685762,4.09553003,6.20674562,0.462679952,-5.49162102,-0.521842539,1.52119184,-0.0801142603,-7.45085526,-6.84151411,-7.13629866,-2.89986372,-7.53697109,-8.50776386,-7.30411148,-7.14426899,-6.74208593,-8.35892582,-7.66391993,-12.8205271]","[0.545368493,0.0484307073,0.399954051,0.00128054258,3.32256764e-06,0.0004784333,0.00369062601,0.00074415165,4.68370104e-07,8.61435808e-07,6.41504244e-07,4.43669851e-05,4.29724366e-07,1.62772139e-07,5.42399391e-07,6.36411983e-07,9.5148954e-07,1.88894617e-07,3.78491904e-07,2.18057572e-09]",3.3225676361325895e-06,9,-12.008478164672852,0,1,165,166,165,"[6.61833572,4.36628389,6.61391354,0.365140587,-5.4026947,-0.843316615,1.58963168,-0.514347315,-7.67635918,-6.88754416,-7.1164217,-2.47710323,-7.92144871,-8.72245216,-7.54275513,-7.37833071,-6.55648851,-8.54655552,-7.63646984,-13.0882034]","[0.473767072,0.0498323292,0.471676618,0.000911667943,2.85034662e-06,0.000272276578,0.00310188998,0.000378338125,2.93398415e-07,6.45707132e-07,5.13612406e-07,5.31454316e-05,2.29623708e-07,1.03073106e-07,3.35336836e-07,3.95266596e-07,8.99107476e-07,1.22895599e-07,3.0533846e-07,1.3095548e-09]",2.850346618288313e-06,9,-12.02103042602539,0,1
366,4,0.40509581565856934,72.32933044433594,0.5564173460006714,1.7817896604537964,366,367,366,"[6.56963444,3.71475196,6.5931735,0.389657229,-5.54418898,-0.602177024,1.58507049,-0.259304911,-7.48882723,-6.88341856,-6.97035027,-3.15976763,-7.38469934,-8.2708168,-7.19394207,-7.02387333,-6.73218155,-8.30437565,-7.78238916,-13.068924]","[0.477961481,0.0275126975,0.489345729,0.00098960707,2.62075127e-06,0.000367041124,0.00327057671,0.000517156732,3.74869927e-07,6.86761325e-07,6.29581677e-07,2.84424677e-05,4.16009044e-07,1.71500986e-07,5.03440106e-07,5.96770974e-07,7.98890824e-07,1.65841271e-07,2.7950415e-07,1.41408385e-09]",2.620751274662325e-06,9,-12.137362480163574,2,0,166,167,166,"[6.69039679,3.92427421,7.03730965,0.189017206,-5.51405621,-1.15859437,1.68567181,-0.721331716,-7.70174503,-7.04756832,-6.95415926,-3.03931665,-7.77882957,-8.37353706,-7.30404043,-7.27679443,-6.61797905,-8.46388626,-7.8217783,-13.5271301]","[0.402111381,0.0252949949,0.568864346,0.000603716646,2.01381795e-06,0.000156881928,0.00269663357,0.000242925686,2.25901445e-07,4.34534599e-07,4.77079993e-07,2.39213532e-05,2.09141987e-07,1.1538863e-07,3.36232233e-07,3.45519283e-07,6.6771662e-07,1.05420455e-07,2.00349959e-07,6.66785294e-10]",2.0138179479545215e-06,9,-12.551365852355957,2,0
367,4,0.6162348985671997,67.09117889404297,1.0568327903747559,9.855653762817383,367,368,367,"[6.00210428,4.52423811,6.37272406,1.52410829,-4.99877357,-1.78010583,0.95438087,-0.017970439,-6.90567827,-6.96579218,-7.11276722,-2.23010802,-7.0794363,-8.68607807,-7.33097172,-6.19711113,-6.12333202,-8.47606754,-7.59860516,-13.1584997]","[0.370687693,0.0845627338,0.536990106,0.00420958502,6.18568538e-06,0.00015460985,0.00238127634,0.000900581188,9.18817818e-07,8.65211518e-07,7.4695015e-07,9.85834195e-05,7.72266333e-07,1.54885726e-07,6.00518774e-07,1.86619241e-06,2.00908312e-06,1.91081142e-07,4.59509891e-07,1.76873916e-09]",6.185685379023198e-06,9,-11.371498107910156,2,6,167,168,167,"[6.39369535,4.25399828,7.42955685,0.62958467,-5.3958416,-2.28605843,1.42905021,-0.195080861,-7.31264877,-7.54120398,-7.30437613,-1.85575414,-7.46392059,-8.85133171,-7.85547447,-6.68756914,-6.5652895,-8.9023447,-7.39405823,-13.7365961]","[0.253346294,0.0298164468,0.713811338,0.000795047556,1.92124912e-06,4.30670698e-05,0.00176846562,0.000348534231,2.82569232e-07,2.24835276e-07,2.8491641e-07,6.62253515e-05,2.42900484e-07,6.06573991e-08,1.64202092e-07,5.27951158e-07,5.96621533e-07,5.764063e-08,2.60476895e-07,4.58395155e-10]",1.921249122460722e-06,9,-12.825398445129395,2,2
368,4,0.8054512143135071,115.82567596435547,1.1991671323776245,1.3630448579788208,368,369,368,"[5.59416294,4.46059704,7.70442772,0.879770875,-3.56766534,-2.08097148,0.951727867,-0.351119012,-7.04446602,-6.68423843,-7.00675631,-1.39132774,-7.09330702,-8.97387791,-7.29617214,-6.52332306,-5.52261543,-8.60646725,-7.37692213,-12.8698158]","[0.104220293,0.0335467793,0.859861732,0.000934367476,1.09400899e-05,4.83819786e-05,0.00100407994,0.000272865815,3.38115797e-07,4.84741633e-07,3.51109662e-07,9.64255596e-05,3.21998499e-07,4.91058145e-08,2.62875943e-07,5.69370513e-07,1.54880502e-06,7.09082073e-08,2.42483054e-07,9.98040428e-10]",1.0940089850919321e-05,9,-11.272092819213867,2,2,168,169,168,"[6.34924412,3.50886369,8.49463367,-0.319396287,-3.87149549,-1.6724633,1.35252464,-0.0205172338,-7.43578053,-6.89252424,-7.34600449,-1.18573594,-7.20309114,-9.13988113,-7.67902327,-6.89834261,-5.59208202,-9.24928284,-7.45546913,-13.0100613]","[0.104010321,0.00607455941,0.888806641,0.000132106099,3.78674235e-06,3.41423292e-05,0.000703118974,0.000178124712,1.07229901e-07,1.84607501e-07,1.17302044e-07,5.55490114e-05,1.35323205e-07,1.95090095e-08,8.40770653e-08,1.8353667e-07,6.77679566e-07,1.74872969e-08,1.05139442e-07,4.0685208e-10]",3.786742354350281e-06,9,-12.366128921508789,2,2
369,4,0.47302761673927307,103.13617706298828,0.8671045303344727,0.5153387188911438,369,370,369,"[5.64229012,5.27756786,6.0366044,1.68187833,-3.85698771,-0.967946947,0.715510488,0.288481265,-6.96631336,-6.3205266,-7.51919365,-1.9380275,-7.75843811,-8.72235298,-7.48019695,-6.92606115,-6.12589169,-8.69430256,-7.2353344,-12.1344185]","[0.311453402,0.216269955,0.461999595,0.0059348261,2.33296814e-05,0.000419376011,0.00225797854,0.00147320575,1.0412283e-06,1.98613247e-06,5.99009184e-07,0.000158965559,4.71553477e-07,1.7984901e-07,6.22829475e-07,1.08399547e-06,2.41288399e-06,1.84965089e-07,7.95631649e-07,5.93016614e-09]",2.3329681425821036e-05,9,-9.89359188079834,2,2,169,170,169,"[6.14741802,5.12034369,6.7915554,0.81514132,-3.85062528,-0.533471763,0.887559891,0.390152007,-7.56112146,-6.33221292,-7.76321507,-1.07092297,-8.23832703,-8.89020538,-8.26583672,-7.68901014,-6.03217363,-9.53277588,-6.97415638,-12.1416149]","[0.305098116,0.109241284,0.581011653,0.00147455547,1.38785535e-05,0.000382794824,0.00158530241,0.000964030274,3.39544471e-07,1.16039246e-06,2.77413733e-07,0.000223642186,1.72500293e-07,8.98840611e-08,1.67819536e-07,2.98782339e-07,1.5664275e-06,4.72735096e-08,6.10677262e-07,3.48027407e-09]",1.387855354550993e-05,9,-10.642180442810059,2,2
370,4,0.3398357629776001,52.860836029052734,0.8671507835388184,0.5112870931625366,370,371,370,"[5.30275679,5.4436059,6.58437395,1.99394202,-4.14863014,-1.05084658,0.669563591,-0.0762235373,-6.7050004,-6.18071318,-7.13152552,-2.05647159,-7.15489912,-8.90073681,-7.52109241,-6.16987181,-5.54931259,-8.65470791,-7.61847353,-12.1931849]","[0.172202289,0.198248044,0.62035197,0.00629562419,1.35317496e-05,0.000299711945,0.00167443673,0.000794287131,1.04987168e-06,1.77350034e-06,6.85328416e-07,0.000109639419,6.69495535e-07,1.16826087e-07,4.64207062e-07,1.79283199e-06,3.33461207e-06,1.49413154e-07,4.2113362e-07,4.34157998e-09]",1.3531749573303387e-05,9,-10.733003616333008,2,0,170,171,170,"[5.53000498,5.6201663,7.45152473,1.53729558,-4.34480333,-1.09682941,0.883823812,-0.115195647,-7.05549622,-6.43827963,-7.5032897,-1.56601703,-7.60186672,-9.2564497,-8.1460619,-6.59426308,-5.79714918,-9.09858704,-7.62647295,-12.2432032]","[0.111613303,0.122144125,0.762467623,0.00205922709,5.74302931e-06,0.00014781495,0.00107128546,0.00039449046,3.81858314e-07,7.07874392e-07,2.44021578e-07,9.24597553e-05,2.21114163e-07,4.22708233e-08,1.28314454e-07,6.05638206e-07,1.34398874e-06,4.94992207e-08,2.15739675e-07,2.13259987e-09]",5.743029305449454e-06,9,-11.796327590942383,2,0
371,4,0.3844081163406372,23.038646697998047,0.6812734603881836,1.9303897619247437,371,372,371,"[5.67754841,4.51961899,6.27861786,2.2154932,-4.19142628,-1.33576298,0.910181582,0.0846597254,-6.78601074,-6.33704615,-6.7746377,-2.22557473,-7.2069087,-8.51359177,-7.2511282,-6.34671974,-6.07952166,-8.10814285,-7.49303913,-12.0393515]","[0.31415379,0.098687008,0.573038042,0.00985350739,1.62592551e-05,0.000282683002,0.00267116819,0.00116998842,1.21419203e-06,1.90226251e-06,1.22808058e-06,0.000116107338,7.97064615e-07,2.15778655e-07,7.62586296e-07,1.88394847e-06,2.46100149e-06,3.23662732e-07,5.98726388e-07,6.350239e-09]",1.6259255062323064e-05,9,-10.470044136047363,2,0,171,172,171,"[5.88557863,5.11601877,6.60164165,1.83696306,-4.22293472,-1.86103952,1.04788315,-0.0787665397,-7.09223938,-6.66901159,-7.00191927,-1.76387703,-7.69390678,-9.01116943,-7.93240166,-6.79775333,-6.03633595,-8.64233589,-7.48794365,-12.3037376]","[0.282606423,0.130908072,0.578314722,0.00493049668,1.15109306e-05,0.000122143028,0.00223973952,0.000725938648,6.53111385e-07,9.97223651e-07,7.14846806e-07,0.000134606395,3.57837962e-07,9.58531743e-08,2.81909337e-07,8.76760453e-07,1.877415e-06,1.386082e-07,4.39678359e-07,3.56173757e-09]",1.1510930562508292e-05,9,-10.824576377868652,2,0
372,4,0.6158151626586914,24.962080001831055,0.9600512981414795,1.5174548625946045,372,373,372,"[5.20851183,6.73892927,4.98866367,3.31327009,-3.60034776,-1.95260978,1.71606982,-0.104385599,-6.86172915,-5.74381781,-8.15131855,-0.679515302,-7.94164705,-8.85713291,-8.15414906,-7.01741076,-6.01202154,-9.12147617,-7.38821316,-11.17941]","[0.15123716,0.698731601,0.121389098,0.0227282215,2.25953609e-05,0.00011738771,0.00460161408,0.000745240715,8.66202583e-07,2.64924279e-06,2.3853832e-07,0.000419296062,2.94182655e-07,1.17767875e-07,2.37864072e-07,7.41323561e-07,2.02601359e-06,9.04114046e-08,5.11647158e-07,1.1547125e-08]",2.2595360860577784e-05,9,-10.339277267456055,1,2,172,173,172,"[5.43463326,7.25312424,4.73400879,3.0306046,-3.81075311,-2.91266108,1.96849382,0.0540148355,-7.0130167,-6.05059385,-8.48767281,-0.240899399,-8.3727026,-8.89037132,-8.5440073,-7.46457338,-6.07531977,-9.56101799,-7.52289629,-11.4814291]","[0.128389195,0.791205108,0.0637163892,0.0116003798,1.2396762e-05,3.04330024e-05,0.00401054416,0.000591228774,5.04176228e-07,1.31995023e-06,1.15384587e-07,0.000440226228,1.2944291e-07,7.71361641e-08,1.09064054e-07,3.20977392e-07,1.28771455e-06,3.94457196e-08,3.027925e-07,5.78063508e-09]",1.2396762031130493e-05,9,-11.06387710571289,1,1
373,4,0.5970194339752197,284.29229736328125,1.042860984802246,1.6341911554336548,373,374,373,"[5.52249479,5.47852659,4.94988728,1.94791436,-3.06389523,-2.61906576,0.989245772,0.127761349,-6.61766052,-6.7644825,-7.52541256,-1.94533777,-6.87962437,-8.93493843,-7.17215538,-6.32232618,-5.83650446,-8.33500767,-7.43396521,-12.41751]","[0.389796436,0.373029143,0.219865754,0.0109248934,7.27471997e-05,0.000113501985,0.00418863818,0.00176984374,2.08178176e-06,1.79750941e-06,8.39854238e-07,0.000222637944,1.60201341e-06,2.05141816e-07,1.19569711e-06,2.79703499e-06,4.54660449e-06,3.73767222e-07,9.2027841e-07,6.30366292e-09]",7.274719973793253e-05,9,-8.586389541625977,0,1,173,174,173,"[5.64988136,6.52138758,4.80639982,1.5464896,-3.82895684,-3.04049826,0.976949573,0.336547822,-6.82472277,-7.16258287,-7.87961292,-1.65375888,-7.37880325,-9.35894585,-7.84286451,-6.70962191,-5.81481361,-9.07059193,-7.53432655,-12.5030375]","[0.25957495,0.620516121,0.111671761,0.00428728526,1.98452199e-05,4.36595074e-05,0.00242568436,0.00127853116,9.92226092e-07,7.07749905e-07,3.45523688e-07,0.000174715809,5.70134205e-07,7.87067762e-08,3.58457498e-07,1.11326426e-06,2.72401303e-06,1.05012788e-07,4.88016155e-07,3.39273609e-09]",1.9845219867420383e-05,9,-10.35034465789795,1,1
374,4,0.46800780296325684,93.9943618774414,0.993253231048584,0.4585164189338684,374,375,374,"[6.46659803,4.86820841,5.41192245,1.80237913,-4.05159426,-2.16623259,1.42978239,-0.34056595,-7.20183802,-7.02129507,-7.61225748,-2.37499619,-7.36924553,-9.07335567,-7.59984875,-6.77317047,-6.19183302,-8.67050552,-7.69226933,-12.8439579]","[0.637789607,0.128975034,0.222145543,0.00601219293,1.72458494e-05,0.000113628361,0.00414205762,0.000705283252,7.38841209e-07,8.85033842e-07,4.90126467e-07,9.22192557e-05,6.24952065e-07,1.13700274e-07,4.96246457e-07,1.1342762e-06,2.02857314e-06,1.70104826e-07,4.52438627e-07,2.61944555e-09]",1.7245849448954687e-05,9,-10.518192291259766,0,0,174,175,174,"[6.73145008,5.47133112,5.61428261,1.3996222,-4.42701054,-3.15948582,1.58352864,-0.299847335,-7.42902803,-7.61869097,-7.86181974,-2.62256646,-7.98188829,-9.45831585,-8.15175152,-7.35480595,-6.60329247,-9.11890125,-7.81274605,-13.2803211]","[0.616327822,0.174803063,0.201665729,0.0029800823,8.78524497e-06,3.12056254e-05,0.00358177116,0.000544701063,4.36509879e-07,3.61097534e-07,2.83162279e-07,5.33843668e-05,2.51124959e-07,5.73701158e-08,2.11894374e-07,4.70141401e-07,9.96796871e-07,8.0554841e-08,2.97404569e-07,1.25548161e-09]",8.785244972386863e-06,9,-11.15846061706543,0,0
375,4,0.46660518646240234,50.525917053222656,1.1182911396026611,1.6573586463928223,375,376,375,"[7.25802422,3.50787926,5.64299202,1.96073604,-5.05788803,-2.6244173,1.16109955,0.11801447,-7.31400204,-6.82632017,-6.99254465,-3.33745265,-7.63371611,-8.15547085,-7.41501045,-7.23839617,-6.30821276,-8.40360069,-7.41464806,-13.1582708]","[0.812656581,0.0191090815,0.16162461,0.00406746613,3.64061134e-06,4.14970891e-05,0.00182829506,0.000644228945,3.81379095e-07,6.21088986e-07,5.25973519e-07,2.03399668e-05,2.77016852e-07,1.6440373e-07,3.44737941e-07,4.11331456e-07,1.04271453e-06,1.28277293e-07,3.44862912e-07,1.10464615e-09]",3.6406113395059947e-06,9,-12.315912246704102,0,0,175,176,175,"[7.72420454,3.51928902,6.00678349,1.03078759,-4.79966927,-3.74270844,1.3892504,-0.0775778294,-7.74620152,-7.56756115,-6.841187,-3.25622725,-8.12702751,-8.56726551,-7.87847662,-7.80515051,-6.58443022,-8.755373,-7.17661858,-13.6378641]","[0.834790349,0.0124567812,0.149868697,0.00103434001,3.03758156e-06,8.74098259e-06,0.00148027274,0.000341433595,1.59538558e-07,1.90742796e-07,3.94373956e-07,1.4217937e-05,1.09012063e-07,7.01911063e-08,1.39771643e-07,1.50405683e-07,5.09819358e-07,5.81550701e-08,2.81988861e-07,4.40706083e-10]",3.0375815640582005e-06,9,-12.523874282836914,0,0
376,4,0.5816736221313477,36.34577941894531,1.230349063873291,2.478426456451416,376,377,376,"[7.89830971,3.45284438,5.1733532,1.60137784,-5.29643631,-2.57463932,0.992544174,-0.108712286,-7.71040916,-7.07711172,-7.08683586,-3.41813946,-7.66467667,-8.20895195,-7.42294598,-7.34318447,-6.36057281,-8.62030411,-7.76486778,-13.7550182]","[0.925495505,0.010857583,0.0606653541,0.00170471438,1.72174543e-06,2.61836849e-05,0.000927338784,0.00030829641,1.54025926e-07,2.90155754e-07,2.87348058e-07,1.12642765e-05,1.61233487e-07,9.35576878e-08,2.05323147e-07,2.22370886e-07,5.94046355e-07,6.20056824e-08,1.45862202e-07,3.65135006e-10]",1.721745434224431e-06,9,-13.194746017456055,0,0,176,177,176,"[8.46439648,3.28239846,5.61024666,0.697461009,-5.10824108,-3.80498838,1.20994675,-0.378147691,-8.16289902,-7.91585016,-6.8650136,-3.37577319,-8.15546894,-8.60023308,-7.78479147,-7.92531776,-6.67391825,-8.9267025,-7.56572628,-14.5395622]","[0.939398706,0.00527638802,0.0541138537,0.000397844007,1.19764559e-06,4.40883696e-06,0.000664174906,0.000135700568,5.64555798e-08,7.22768192e-08,2.06714802e-07,6.77219623e-06,5.68766616e-08,3.645658e-08,8.23981665e-08,7.15958706e-08,2.50243716e-07,2.63021995e-08,1.02578454e-07,9.60190122e-11]",1.1976455880358117e-06,9,-13.572637557983398,0,0
377,4,0.5809752941131592,41.9803466796875,1.1773595809936523,2.5974349975585938,377,378,377,"[8.0171442,3.3958683,4.49141693,1.23796248,-4.75968552,-2.38073158,1.10257554,-0.0422285683,-7.907094,-7.01788664,-7.10917807,-3.46454811,-7.56961632,-8.27805424,-7.17978573,-7.37318754,-6.18575239,-8.58495903,-7.98649788,-13.6606388]","[0.959911168,0.00944575015,0.0282505658,0.00109161611,2.71221688e-06,2.92746008e-05,0.000953392941,0.000303451903,1.16525854e-07,2.83530881e-07,2.5879325e-07,9.90365334e-06,1.633003e-07,8.0411148e-08,2.41150559e-07,1.98744502e-07,6.51615835e-07,5.91602038e-08,1.07631166e-07,3.69564213e-10]",2.712216883082874e-06,9,-12.776829719543457,0,0,177,178,177,"[8.67408085,3.03636646,4.79506683,0.635840416,-4.88746309,-3.55809116,1.36822331,-0.151914522,-8.29078197,-7.71162081,-6.94517851,-3.66920781,-8.0243578,-8.48581886,-7.40574789,-7.90170431,-6.53613567,-8.83346081,-8.07832813,-14.5047283]","[0.975243628,0.00347284088,0.0201594532,0.000314883335,1.25721419e-06,4.75059869e-06,0.000654967036,0.000143229365,4.18183426e-08,7.46265059e-08,1.60603562e-07,4.25099961e-06,5.45850085e-08,3.44083482e-08,1.01328695e-07,6.17079863e-08,2.41768674e-07,2.43043736e-08,5.17171266e-08,8.36921366e-11]",1.2572141940836445e-06,9,-13.561544418334961,0,0
378,4,0.589879035949707,274.3824157714844,1.1440544128417969,0.5900350213050842,378,379,378,"[7.57386923,3.95866084,3.94250321,1.21572101,-4.32542181,-2.17483974,1.02226746,0.0540822111,-7.75777721,-6.80449915,-7.00876379,-3.37779379,-7.54395294,-8.35706139,-7.05130863,-7.31144142,-5.98596716,-8.44224358,-7.87994814,-13.3322601]","[0.945912123,0.0254557412,0.0250477437,0.00163886114,6.427676e-06,5.52128804e-05,0.00135059853,0.000512919098,2.07683286e-07,5.38771644e-07,4.39231371e-07,1.65807269e-05,2.57195779e-07,1.14060519e-07,4.20936885e-07,3.24520641e-07,1.22148526e-06,1.04746903e-07,1.83799003e-07,7.87832632e-10]",6.427675998565974e-06,9,-11.899291038513184,0,0,178,179,178,"[8.3311758,3.51135516,4.13523674,0.576843739,-4.47541952,-3.31889415,1.28658855,0.022171814,-8.15786648,-7.38473225,-6.91638517,-3.63501501,-7.97257185,-8.45342827,-7.2398119,-7.93495846,-6.1864624,-8.71017361,-8.11236286,-14.2101974]","[0.975903511,0.00787382014,0.0146937864,0.000418546057,2.67653786e-06,8.50835568e-06,0.00085110194,0.000240354566,6.73452263e-08,1.4590654e-07,2.33064171e-07,6.20235232e-06,8.10549281e-08,5.01125328e-08,1.68660293e-07,8.41617052e-08,4.83589361e-07,3.87652754e-08,7.04804677e-08,1.58420874e-10]",2.676537860679673e-06,9,-12.806594848632812,0,0
379,4,0.7245683670043945,50.2304801940918,1.532198190689087,0.5048556327819824,379,380,379,"[14.0171824,3.27433515,3.09787512,-3.03492332,-7.0681262,-5.2324276,0.356198728,-3.03793406,-10.6825523,-10.4989519,-7.27015543,-2.47634673,-9.88171673,-9.60929489,-9.76137257,-10.1657534,-10.2059612,-9.8752203,-8.56620216,-18.280344]","[0.999958992,2.15984619e-05,1.81045416e-05,3.92958874e-08,6.96224467e-10,4.36498127e-09,1.16705735e-06,3.91777952e-08,1.87509869e-11,2.25299987e-11,5.68864289e-10,6.86962451e-08,4.17659345e-11,5.4844608e-11,4.71072591e-11,3.14389105e-11,3.01998079e-11,4.20381473e-11,1.55647634e-10,9.40468559e-15]",6.962244669672657e-10,9,-21.085308074951172,0,0,179,180,179,"[15.2808275,2.65592313,2.5969708,-4.56712151,-6.59941101,-6.28305626,0.47976777,-3.22243905,-11.3446398,-10.8729906,-7.16154146,-2.35548782,-10.3107433,-9.48868561,-10.1053762,-11.2956057,-10.0155363,-10.0349731,-8.17079353,-18.5642376]","[0.999993205,3.28905116e-06,3.1007587e-06,2.39961695e-09,3.14434812e-10,4.31440494e-10,3.73231671e-07,9.20727317e-09,2.73340725e-12,4.38065426e-12,1.79225856e-10,2.19100329e-08,7.68632293e-12,1.74877769e-11,9.43862696e-12,2.87077783e-12,1.03258504e-11,1.01270962e-11,6.53261473e-11,2.00112063e-15]",3.144348115213802e-10,9,-21.880237579345703,0,0
380,4,0.43941617012023926,480.72393798828125,1.3351472616195679,1.0963340997695923,380,381,380,"[5.7102561,4.37776899,4.99453926,2.59267879,-3.71834254,-1.21782887,1.50572371,0.0122159235,-6.64813709,-5.99585152,-6.82136393,-3.04851198,-7.19697285,-8.17521286,-6.92630863,-6.47825336,-5.69737101,-7.99075365,-7.18103027,-11.6127005]","[0.550519407,0.145238191,0.269116789,0.0243683457,4.42572491e-05,0.000539440603,0.00821802299,0.00184563291,2.36369215e-06,4.5381048e-06,1.98773819e-06,8.6474487e-05,1.36532026e-06,5.1332205e-07,1.78970947e-06,2.80136987e-06,6.11650239e-06,6.17304863e-07,1.38726011e-06,1.65009304e-08]",4.42572491010651e-05,9,-9.428598403930664,0,0,180,181,180,"[6.08660316,4.38379145,5.44335318,2.17459536,-4.01959038,-2.55297613,1.88632667,0.0167747997,-6.96290398,-6.55175829,-6.81288958,-3.12014914,-7.76217747,-8.39204597,-7.27578354,-7.04351664,-5.80574751,-8.41328144,-7.30998421,-12.2855082]","[0.572936058,0.104372099,0.301124603,0.0114588952,2.33906376e-05,0.000101387588,0.00858913269,0.00132438168,1.23247253e-06,1.85923943e-06,1.4319487e-06,5.74995793e-05,5.54188034e-07,2.95194837e-07,9.01353928e-07,1.13701799e-06,3.92034326e-06,2.88992311e-07,8.71048258e-07,6.01449512e-09]",2.339063757972326e-05,9,-10.106193542480469,0,0
381,4,0.4653782844543457,68.1270751953125,1.4922761917114258,1.6630918979644775,381,382,381,"[5.7281251,4.63840389,4.90518379,3.06360006,-4.07765436,-0.897290289,1.33795059,0.0713391006,-6.60699701,-5.89281416,-6.98166895,-2.90627432,-7.23558426,-8.14945221,-7.16601419,-6.38501787,-5.6761179,-8.03135681,-7.12103701,-11.3990536]","[0.536891162,0.18056199,0.235769376,0.0373850279,2.9599878e-05,0.00071204087,0.00665668165,0.00187575154,2.35944776e-06,4.81921688e-06,1.62215531e-06,9.55023861e-05,1.25840097e-06,5.04581351e-07,1.34906315e-06,2.94587767e-06,5.98530414e-06,5.67831421e-07,1.41112548e-06,1.95725445e-08]",2.9599877962027676e-05,9,-9.805779457092285,0,0,181,182,181,"[6.11153984,4.68230343,5.44354534,2.8137095,-4.57299137,-2.38956642,1.63100111,0.0625337064,-6.88290596,-6.5575099,-6.98281813,-2.90344954,-7.80989313,-8.47336197,-7.54608345,-6.92142725,-5.92755032,-8.38436604,-7.25039291,-12.2101402]","[0.554555357,0.132811427,0.284340411,0.0204981845,1.26973055e-05,0.00011270972,0.00628161943,0.00130886526,1.26045916e-06,1.74520449e-06,1.14061015e-06,6.74193507e-05,4.98819702e-07,2.56922732e-07,6.49403319e-07,1.21282858e-06,3.27668022e-06,2.80835877e-07,8.72833141e-07,6.12266282e-09]",1.2697305464826059e-05,9,-10.684531211853027,0,0
382,4,0.7094631791114807,18.814899444580078,1.1229777336120605,49.67242431640625,382,383,382,"[5.48350525,4.77265501,6.69288969,1.86266255,-3.81119561,-1.16602302,0.495062083,-0.00537988171,-6.57327938,-6.28030634,-7.07689762,-2.43824768,-7.07613182,-8.81032372,-7.0054493,-6.61884451,-5.78659344,-8.28491306,-7.44780731,-12.4676418]","[0.204827666,0.100616753,0.686463773,0.00548121333,1.88257054e-05,0.00026517667,0.00139615999,0.000846440031,1.18903279e-06,1.59378658e-06,7.18580111e-07,7.43044511e-05,7.19129957e-07,1.26957218e-07,7.71799307e-07,1.1360695e-06,2.61124228e-06,2.14704286e-07,4.95896188e-07,3.27570171e-09]",1.8825705410563387e-05,9,-10.504085540771484,2,1,182,183,182,"[5.38166332,4.33985519,7.81586742,0.975031495,-3.6833446,-1.89635777,0.493773311,0.261851877,-6.53225517,-6.38497305,-7.08823442,-2.60489106,-7.15410805,-9.08969784,-7.008708,-6.97599697,-5.50625229,-8.46259594,-7.09670782,-12.9002953]","[0.078207694,0.0275929403,0.892094553,0.00095383561,9.04412354e-06,5.40063957e-05,0.000589475734,0.000467459089,5.23722008e-07,6.06826404e-07,3.00359574e-07,2.65908784e-05,2.8121184e-07,4.05898284e-08,3.25221748e-07,3.36036038e-07,1.46112802e-06,7.59913377e-08,2.97825551e-07,8.98454755e-10]",9.04412354429951e-06,9,-11.499212265014648,2,2
383,4,0.3989475965499878,686.9459838867188,1.215848684310913,1.6887303590774536,383,384,383,"[5.91929865,4.96463633,6.04624081,1.51373899,-4.26754093,-1.44005752,0.414436549,0.111982077,-6.79415417,-6.56616879,-6.85387659,-2.69787526,-7.35183334,-8.92864323,-7.34098339,-6.42403746,-5.61664104,-8.26696587,-7.67680836,-12.9241724]","[0.393629521,0.151524574,0.446907818,0.00480593042,1.48251629e-05,0.000250587735,0.0016008711,0.00118304708,1.18496428e-06,1.48839456e-06,1.11626662e-06,7.12355322e-05,6.78435072e-07,1.40187225e-07,6.85836142e-07,1.7157148e-06,3.84673876e-06,2.71688521e-07,4.90200136e-07,2.57912358e-09]",1.4825162907072809e-05,9,-10.31378173828125,2,1,183,184,183,"[6.07735538,4.95218325,6.56547832,1.20325148,-4.06354952,-2.6559062,0.524296045,-0.0771254599,-7.09914064,-6.92357588,-6.58956671,-2.83793306,-7.69832039,-9.04766846,-7.34315681,-6.95201063,-5.61833382,-8.29896641,-7.67927837,-13.378479]","[0.336944252,0.109370947,0.548968077,0.00257490692,1.32867508e-05,5.42938869e-05,0.00130585534,0.000715650385,6.38378538e-07,7.60896398e-07,1.0626344e-06,4.52581953e-05,3.50636896e-07,9.09584799e-08,5.00153362e-07,7.39565166e-07,2.80662448e-06,1.92309528e-07,3.57378042e-07,1.19672972e-09]",1.3286750800034497e-05,9,-10.6290283203125,2,0
384,4,0.4430263042449951,14.163963317871094,1.1330853700637817,0.7306308150291443,384,385,384,"[6.20526791,4.88416004,5.30939198,1.69647098,-4.70632458,-1.55083168,0.944940209,0.240517452,-6.99411583,-6.54754591,-7.03519106,-2.35938454,-7.64294338,-8.76186943,-7.46169281,-6.74677229,-5.98493814,-8.34974289,-7.47972584,-12.3765965]","[0.590138495,0.157472268,0.240923941,0.00649842992,1.07673677e-05,0.000252651953,0.00306494441,0.00151529012,1.09278426e-06,1.70795749e-06,1.04880769e-06,0.000112557027,5.71152611e-07,1.86555809e-07,6.84649478e-07,1.39943961e-06,2.99788462e-06,2.81704047e-07,6.72413876e-07,5.02288477e-09]",1.0767367712105624e-05,9,-10.911592483520508,0,2,184,185,184,"[6.52862024,5.18534803,5.6631608,1.32898879,-4.55170727,-2.68391705,1.11909473,0.192235157,-7.39154768,-7.00472307,-7.12182093,-2.00968719,-8.11482334,-9.31870461,-7.91510725,-7.26690006,-5.97219563,-8.87515354,-7.47824764,-12.8279543]","[0.590342224,0.154073566,0.248450339,0.00325786043,9.09869141e-06,5.89046977e-05,0.00264105108,0.00104531378,5.31681735e-07,7.82794018e-07,6.96293796e-07,0.000115601681,2.57951029e-07,7.73923219e-08,3.1497251e-07,6.02262332e-07,2.19820754e-06,1.20595217e-07,4.87526904e-07,2.31552844e-09]",9.098691407416482e-06,9,-11.080327987670898,0,2
385,4,0.3981153964996338,31.342988967895508,0.8687739372253418,0.5756306648254395,385,386,385,"[5.90868044,5.20400095,5.33691597,1.35093689,-4.71004963,-1.50925589,1.06764734,0.249713019,-7.04795647,-6.56636906,-6.9846139,-2.23995018,-7.59394073,-8.81659126,-7.58266544,-6.78462219,-6.13508511,-8.39388561,-7.35732603,-12.41434]","[0.480398923,0.23744534,0.271198869,0.00503731566,1.17475138e-05,0.000288425072,0.00379461842,0.00167472567,1.13398244e-06,1.83550958e-06,1.20813615e-06,0.000138898307,6.56883515e-07,1.93418487e-07,6.64331367e-07,1.47560786e-06,2.82527594e-06,2.95172811e-07,8.32240062e-07,5.29681898e-09]",1.1747513781301677e-05,9,-10.618730545043945,0,0,185,186,185,"[6.09915304,5.39292622,5.66453362,1.03321087,-4.46098518,-2.37802982,1.21644247,0.242358729,-7.27461767,-6.85557222,-7.1285553,-1.80555093,-7.95092058,-9.34774303,-7.94354439,-7.13259792,-5.94480991,-8.81645107,-7.26885509,-12.7554131]","[0.463310748,0.228645131,0.29999882,0.00292254752,1.20133027e-05,9.64447972e-05,0.00351025094,0.0013252534,7.20639321e-07,1.09573796e-06,8.3397191e-07,0.000170963409,3.66440048e-07,9.06506301e-08,3.69152815e-07,8.30608087e-07,2.72424336e-06,1.54208394e-07,7.24803726e-07,3.00219005e-09]",1.2013302693958394e-05,9,-10.560138702392578,0,0
386,4,0.4314056634902954,158.32830810546875,0.8151944875717163,0.7752320170402527,386,387,386,"[5.2183218,4.63559198,6.74352455,1.81210816,-3.85962749,-1.43841565,0.561276495,-0.330394119,-6.41629314,-6.55455399,-6.751513,-1.92424011,-6.73295879,-8.82886124,-7.00143719,-6.05063868,-5.37932634,-7.92653894,-6.99082804,-12.6310692]","[0.161205277,0.0900125131,0.740911603,0.00534662092,1.84024793e-05,0.000207202494,0.00153055927,0.000627483765,1.4273478e-06,1.24303767e-06,1.02081322e-06,0.000127468855,1.03992897e-06,1.27868972e-07,7.95069298e-07,2.05746346e-06,4.02605201e-06,3.1523831e-07,8.03550336e-07,2.85421864e-09]",1.840247932705097e-05,9,-10.60315227508545,2,2,186,187,186,"[5.21190262,4.89433622,7.42453575,1.58109069,-3.74995971,-2.25361013,0.643167019,-0.586526215,-6.62852335,-6.8373313,-6.78819752,-1.69021404,-7.05714417,-9.04764843,-7.27523661,-6.37863064,-5.30308199,-7.9919858,-6.82224131,-12.8981018]","[0.0916645303,0.0667242929,0.837790966,0.00242862129,1.17520549e-05,5.24771349e-05,0.000950658694,0.000277955813,6.60647572e-07,5.36148718e-07,5.63149911e-07,9.21828396e-05,4.30350156e-07,5.87973013e-08,3.46023711e-07,8.48196919e-07,2.4865758e-06,1.68976243e-07,5.44301088e-07,1.25062272e-09]",1.175205488834763e-05,9,-11.174495697021484,2,2
387,4,0.528584361076355,89.33529663085938,0.9296188354492188,0.5358668565750122,387,388,387,"[4.17069626,4.06018305,9.22515011,1.70217156,-3.00079727,-0.780754387,0.787215471,-0.817578018,-6.46513081,-6.31931353,-6.74359846,-1.97595572,-6.50415516,-8.69518852,-6.24855566,-6.47922611,-6.08467388,-7.90500212,-6.73555136,-12.0036783]","[0.00629921444,0.0056401561,0.987206101,0.000533604703,4.83889698e-06,4.45552432e-05,0.000213726933,4.29443789e-05,1.51427727e-07,1.75199489e-07,1.14622175e-07,1.34843267e-05,1.45632171e-07,1.62818292e-08,1.88045533e-07,1.49308278e-07,2.21531621e-07,3.58820671e-08,1.15548268e-07,5.95449245e-10]",4.838896984438179e-06,9,-12.225947380065918,2,2,187,188,187,"[4.39651394,3.83463001,10.1547689,0.892758727,-3.13919687,-0.722420394,1.20905817,-0.621391058,-6.86992073,-6.36589289,-7.08804703,-2.36686635,-6.97159863,-8.78970146,-6.67206764,-6.91297007,-6.15911531,-8.18319798,-6.7365346,-11.588728]","[0.00314020156,0.00179033529,0.99480021,9.44704079e-05,1.67586916e-06,1.87859205e-05,0.00012961727,2.07830344e-05,4.01797742e-08,6.65126407e-08,3.23054365e-08,3.62792957e-06,3.62952477e-08,5.8919265e-09,4.89704455e-08,3.84867853e-08,8.17910433e-08,1.08058265e-08,4.59130085e-08,3.5863737e-10]",1.6758691572249518e-06,9,-13.293966293334961,2,2
388,4,0.2970309257507324,25.156625747680664,0.6300135850906372,1.219040870666504,388,389,388,"[5.87360382,4.42630911,6.57640839,0.641290784,-5.00932646,-0.646329761,1.16933692,0.115724772,-7.09421349,-6.81132841,-7.16428566,-2.52376413,-7.08723831,-8.985219,-7.03999805,-6.90898561,-6.37681866,-8.27953815,-7.55800438,-12.8017731]","[0.305445164,0.0718424469,0.616818547,0.00163143023,5.73504076e-06,0.00045015497,0.00276627974,0.000964535226,7.1298723e-07,9.46099931e-07,6.64736945e-07,6.88656946e-05,7.17977855e-07,1.0760413e-07,7.52709923e-07,8.58075396e-07,1.460975e-06,2.17922576e-07,4.48394161e-07,2.36766429e-09]",5.735040758736432e-06,9,-11.585735321044922,2,2,188,189,188,"[5.93600655,4.46940184,7.09062862,0.448069841,-4.56098032,-1.27634335,1.26774335,-0.0253484584,-7.33096838,-6.80441046,-7.25189877,-2.63374138,-7.34028339,-8.90200329,-7.21850443,-7.1582942,-6.32665777,-8.40535259,-7.63619232,-12.7305889]","[0.226213291,0.0521890931,0.717734993,0.000935702003,6.24790528e-06,0.000166814716,0.0021238178,0.000582819979,3.91511321e-07,6.62865659e-07,4.23724515e-07,4.29263819e-05,3.87881101e-07,8.13677516e-08,4.38113261e-07,4.65302918e-07,1.06883556e-06,1.33704177e-07,2.88527644e-07,1.76896464e-09]",6.247905275813537e-06,9,-11.651609420776367,2,2
389,4,0.3853137493133545,603.1947021484375,0.8262286186218262,0.45220962166786194,389,390,389,"[5.16703224,4.92316246,6.80268717,2.27746916,-4.27178288,-0.750228703,0.471974403,-0.177389517,-6.42021942,-6.19509268,-6.9993329,-2.4197948,-6.85871458,-8.49639702,-7.04198122,-6.09886026,-5.70912075,-7.94857597,-7.36727285,-12.1298866]","[0.143076286,0.112113096,0.734384596,0.00795511249,1.13852493e-05,0.000385242165,0.0013077656,0.000683147868,1.32827495e-06,1.66364055e-06,7.44358942e-07,7.25522113e-05,8.56746169e-07,1.6657718e-07,7.13280713e-07,1.83169311e-06,2.70467217e-06,2.88091968e-07,5.15214595e-07,4.40160042e-09]",1.1385249308659695e-05,9,-11.074470520019531,2,2,189,190,189,"[5.11029053,4.93041563,7.62891579,1.95790505,-4.38097239,-1.08948934,0.470107406,-0.206362456,-6.54219818,-6.30738306,-6.93855047,-2.35406637,-7.10533714,-8.43886757,-7.26811028,-6.39494801,-5.56702614,-8.0042963,-7.25721502,-12.1700897]","[0.0698960274,0.0583893694,0.867516041,0.00298805605,5.2777541e-06,0.000141880417,0.000674911193,0.000343130669,6.07912284e-07,7.68811049e-07,4.0898513e-07,4.00611716e-05,3.46156725e-07,9.1227939e-08,2.94158468e-07,7.04353795e-07,1.61195442e-06,1.40883387e-07,2.97381035e-07,2.18613927e-09]",5.2777540986426175e-06,9,-12.0098876953125,2,2
390,4,0.42124462127685547,8.596953392028809,0.46757686138153076,1.7264310121536255,390,391,390,"[5.31002712,4.66407919,7.51936913,1.07942319,-3.76218653,-1.33965218,0.80384171,-0.151146144,-6.67984009,-6.85822725,-7.27393913,-1.84283817,-6.87635565,-8.90815544,-7.16724539,-6.23468828,-5.98277855,-8.43772507,-7.45984268,-12.5889988]","[0.0937562063,0.0491437614,0.854092777,0.00136355346,1.07643518e-05,0.000121361416,0.00103511487,0.000398329692,5.8192478e-07,4.86849217e-07,3.21257232e-07,7.33753259e-05,4.78102493e-07,6.26789571e-08,3.57428519e-07,9.08226127e-07,1.1684142e-06,1.00329139e-07,2.66757127e-07,1.5796171e-09]",1.0764351827674545e-05,9,-11.28155517578125,2,2,190,191,190,"[5.17982054,5.02935076,7.86446762,1.01397252,-4.1121459,-1.80722904,1.02109969,-0.412089527,-6.81472921,-7.00942945,-7.27265406,-1.50147784,-6.97772789,-9.06003571,-7.29071903,-6.2369523,-5.78425741,-8.60580063,-7.40009594,-12.6295891]","[0.0604210198,0.0519804247,0.885350943,0.000937526056,5.56849818e-06,5.58149477e-05,0.000944231462,0.000225243362,3.73268279e-07,3.07230152e-07,2.36127846e-07,7.57769085e-05,3.17125995e-07,3.95272899e-08,2.31900188e-07,6.65191635e-07,1.04604248e-06,6.22542302e-08,2.07873597e-07,1.11342191e-09]",5.568498181673931e-06,9,-11.976613998413086,2,2
391,4,0.4312800168991089,114.94950103759766,1.0076305866241455,5.115751266479492,391,392,391,"[5.94083309,4.982265,5.89399052,2.1534822,-4.51047897,-0.893511415,0.744463861,0.0252612866,-6.81622982,-6.30185556,-7.6683712,-2.07476234,-7.43672466,-8.43565178,-7.30703878,-6.67064428,-6.3968935,-8.6659317,-7.54119778,-12.2376461]","[0.421936244,0.161787897,0.402627409,0.00955919083,1.21983221e-05,0.000454076217,0.00233610487,0.00113801158,1.21597543e-06,2.03382911e-06,5.18614854e-07,0.000139353651,6.53803625e-07,2.40779343e-07,7.44336603e-07,1.40653981e-06,1.8494402e-06,1.91253704e-07,5.88945625e-07,5.37568789e-09]",1.2198322110634763e-05,9,-10.451312065124512,0,2,191,192,191,"[6.24506855,4.6800127,6.29715443,1.14585161,-4.58687162,-1.63283825,1.08904433,0.154491737,-7.11161566,-6.72395229,-7.70445013,-1.9448458,-7.59280062,-8.61641979,-7.46385241,-6.9218154,-6.42951012,-8.90864372,-7.58175564,-12.7480631]","[0.439104497,0.0918063521,0.462581724,0.00267920573,8.67592553e-06,0.000166431855,0.00253125047,0.000994177768,6.94757773e-07,1.02374952e-06,3.84033115e-07,0.000121824065,4.29395868e-07,1.5427851e-07,4.88494152e-07,8.39967811e-07,1.3742582e-06,1.15184569e-07,4.34164633e-07,2.47716425e-09]",8.67592552822316e-06,9,-10.884025573730469,2,2
392,4,0.42557865381240845,154.55555725097656,1.5913890600204468,7.499730587005615,392,393,392,"[6.24989939,5.43955135,5.35804224,1.52805281,-4.69323683,-1.02229607,1.28350317,0.00720768049,-7.58045578,-6.38478804,-7.27856588,-2.61210823,-8.13932514,-8.6560955,-7.73237848,-7.45613098,-7.03699589,-8.6714344,-7.66973448,-12.3169193]","[0.533824801,0.237393633,0.218811482,0.00475036306,9.43745908e-06,0.000370786933,0.00371980551,0.00103808346,5.25959138e-07,1.73869626e-06,7.11313191e-07,7.56271911e-05,3.00772228e-07,1.79393879e-07,4.51827447e-07,5.95587437e-07,9.05676757e-07,1.7666315e-07,4.81037091e-07,4.61245353e-09]",9.43745908443816e-06,9,-10.943136215209961,0,0,192,193,192,"[6.69434452,5.38435125,5.6910882,0.546365619,-4.84784603,-2.61368513,1.39743185,-0.0468479805,-7.74908066,-7.0693531,-7.36231518,-2.89549041,-8.2964201,-9.12743092,-7.80748463,-7.82605505,-7.04187679,-8.97881031,-7.8955636,-13.3421469]","[0.607900679,0.164024904,0.222907111,0.00129956903,5.90368199e-06,5.51324047e-05,0.00304377615,0.000718075316,3.24438787e-07,6.40228052e-07,4.77642402e-07,4.15929862e-05,1.87683582e-07,8.17566104e-08,3.06033002e-07,3.00402434e-07,6.58063072e-07,9.48566949e-08,2.80230779e-07,1.20807797e-09]",5.903681994823273e-06,9,-11.542190551757812,0,0
393,4,0.5322003364562988,970.0504760742188,1.624874234199524,2.0967726707458496,393,394,393,"[5.62130213,5.66067362,5.96672392,1.5134747,-4.76734161,-0.884298205,1.14062142,-0.238610759,-7.2442379,-6.30942488,-7.21887541,-2.30627918,-7.74690342,-8.57763004,-7.59385014,-7.19345665,-7.0292778,-8.62468052,-7.4507246,-12.5626488]","[0.286921471,0.298443347,0.405301154,0.00471798331,8.83146276e-06,0.000428959902,0.00324958772,0.000818154309,7.41874146e-07,1.88935758e-06,7.60930163e-07,0.000103480386,4.48771175e-07,1.95544203e-07,5.22992138e-07,7.80520395e-07,9.19784725e-07,1.86556861e-07,6.03467356e-07,3.63557695e-09]",8.831462764646858e-06,9,-10.734066009521484,2,0,193,194,193,"[5.76841736,5.70094776,6.51905727,0.515005112,-4.65173054,-2.50917244,1.216241,-0.738923252,-7.29360867,-6.90808964,-7.3263936,-2.58583212,-7.61022806,-8.89316559,-7.50345755,-7.40483713,-7.01407337,-8.74939442,-7.63374567,-13.8282881]","[0.245645031,0.229618192,0.52036339,0.00128463586,7.32647823e-06,6.24304448e-05,0.00259013777,0.000366611377,5.21845777e-07,7.67310155e-07,5.05014725e-07,5.7823363e-05,3.80221195e-07,1.05405533e-07,4.23063682e-07,4.66913548e-07,6.90148909e-07,1.21703323e-07,3.71383607e-07,7.57822916e-10]",7.3264782258775085e-06,9,-11.170787811279297,2,0
394,4,0.45281273126602173,177.37576293945312,1.1000521183013916,2.2164955139160156,394,395,394,"[4.78809166,6.52388144,4.69024563,2.83691001,-3.38300657,-1.04554367,1.27936792,-0.143825665,-6.19957447,-5.8614459,-7.89478827,-1.77295768,-7.41259861,-8.63991165,-7.46984386,-6.22802067,-5.93757057,-8.41316605,-7.28911495,-11.1491785]","[0.128796682,0.73071599,0.116791368,0.0183027852,3.64117732e-05,0.000377041433,0.00385554158,0.000928966911,2.17782076e-06,3.05400181e-06,3.99760523e-07,0.000182170203,6.47459217e-07,1.89756534e-07,6.11436235e-07,2.11674296e-06,2.83014424e-06,2.38051626e-07,7.32555804e-07,1.54325033e-08]",3.641177318058908e-05,9,-9.906888008117676,1,1,194,195,194,"[4.8198247,7.11215448,4.59408569,2.00307679,-3.66377234,-2.14559579,1.27230322,-0.462614626,-6.26064014,-6.58482742,-7.89322615,-1.70246625,-7.56496763,-8.92427826,-7.51214361,-6.37194967,-5.82986069,-8.4463644,-7.35572958,-12.0018158]","[0.0848012716,0.839360476,0.0676651597,0.00507112266,1.75397363e-05,8.00495618e-05,0.00244193035,0.000430792483,1.30682497e-06,9.44985345e-07,2.55384492e-07,0.000124683007,3.54613576e-07,9.10782134e-08,3.73849275e-07,1.16916681e-06,2.01049488e-06,1.468823e-07,4.37145786e-07,4.19620694e-09]",1.7539736290927976e-05,9,-10.77592658996582,1,1
395,4,0.5910619497299194,5220.69140625,1.054821491241455,0.720320463180542,395,396,395,"[5.96850777,5.46199083,4.96649218,2.76862741,-4.13069439,-1.46437812,1.34490323,-0.28138566,-6.98337364,-6.37099123,-7.63869667,-1.736323,-7.28390598,-9.06031322,-7.61336374,-6.52172661,-6.02343893,-8.63985157,-7.6596117,-12.075489]","[0.494229704,0.297818273,0.181450859,0.0201483015,2.03189411e-05,0.000292325974,0.00485202251,0.000954189745,1.17219054e-06,2.162481e-06,6.08688424e-07,0.000222722039,8.67917947e-07,1.46890869e-07,6.24304903e-07,1.85989734e-06,3.06120751e-06,2.23665481e-07,5.96089876e-07,7.20310478e-09]",2.0318941096775234e-05,9,-10.099202156066895,0,1,195,196,195,"[6.34438419,6.47421312,5.04001856,2.33519292,-4.89071512,-2.51919961,1.22691941,-0.248379588,-7.40978909,-7.05699158,-8.05813217,-2.10860324,-7.97478867,-9.6856699,-8.09172535,-7.30407619,-6.45688057,-9.17349434,-8.02734852,-12.6793118]","[0.410531878,0.467445374,0.111395612,0.00745035801,5.42007956e-06,5.80686392e-05,0.00245957496,0.000562530244,4.36500869e-07,6.21160041e-07,2.28251508e-07,8.75509286e-05,2.48090004e-07,4.48314346e-08,2.20710973e-07,4.85171881e-07,1.13195313e-06,7.48200648e-08,2.35386992e-07,2.24626473e-09]",5.42007956028101e-06,9,-11.364928245544434,1,1
396,4,0.3967846632003784,947.8277587890625,0.9562413692474365,0.8600696325302124,396,397,396,"[7.29307556,3.64513087,5.48104095,2.64711499,-5.9716115,-1.11181855,0.910587668,0.253712237,-7.32876587,-6.51263475,-7.44422007,-2.53748345,-7.3020792,-8.10579109,-7.44231319,-7.08985949,-6.32922554,-8.71397114,-7.6716404,-12.8159208]","[0.832072437,0.0216709971,0.135895327,0.00798815023,1.44338094e-06,0.000186192454,0.00140696054,0.000729464984,3.71514744e-07,8.40267433e-07,3.31005481e-07,4.47510938e-05,3.81563098e-07,1.70811973e-07,3.31637409e-07,4.71771841e-07,1.0094177e-06,9.29799882e-08,2.63674167e-07,1.53792579e-09]",1.4433809383262997e-06,9,-13.264686584472656,0,0,196,197,196,"[7.78761292,3.93857574,5.54636669,1.88372672,-6.02137136,-2.06805992,0.934822798,0.0549245514,-7.84349823,-7.20897388,-7.30922794,-2.45752192,-7.79109287,-8.40028,-7.90052223,-7.62564564,-6.4383812,-9.12299919,-7.48478031,-13.3588114]","[0.88343823,0.0188174415,0.0939323679,0.00241074315,8.89222292e-07,4.63352844e-05,0.000933356059,0.000387179432,1.43770848e-07,2.71169768e-07,2.45302232e-07,3.13885212e-05,1.51506143e-07,8.23879347e-08,1.35801841e-07,1.7876522e-07,5.86010515e-07,3.99936191e-08,2.05806955e-07,5.78629256e-10]",8.892222922440851e-07,9,-13.808984756469727,0,0
397,4,0.45688074827194214,29.98192024230957,1.2391304969787598,1.3847182989120483,397,398,397,"[8.15555477,2.95813608,5.12989044,1.5381546,-5.47809505,-0.894861042,1.15380573,0.194112346,-7.76664305,-7.01918077,-7.42883492,-2.47580624,-7.45696831,-8.48458672,-7.73925257,-7.268888,-6.4579792,-9.01310062,-7.43817616,-13.0071211]","[0.946255803,0.00523357326,0.0459176041,0.00126505143,1.1349839e-06,0.000111035763,0.000861365756,0.000329912087,1.1510285e-07,2.43054927e-07,1.61359353e-07,2.28489971e-05,1.56883004e-07,5.61418254e-08,1.18299042e-07,1.89346977e-07,4.26021415e-07,3.30945333e-08,1.5985907e-07,6.09782891e-10]",1.1349839041940868e-06,9,-13.633649826049805,0,0,197,198,197,"[8.83946133,3.13869071,4.96965122,0.927858114,-5.84723043,-2.13399148,1.20704103,0.025499668,-8.26800632,-7.73967314,-7.24222946,-2.5563097,-7.99513817,-8.77558613,-8.08760548,-7.86432457,-6.75444698,-9.34436226,-7.44559097,-13.8202972]","[0.975386441,0.00326109584,0.0203488339,0.00035744661,4.08157433e-07,1.67288781e-05,0.000472561776,0.000144984515,3.62658561e-08,6.15106472e-08,1.01154853e-07,1.09662014e-05,4.76434749e-08,2.18302549e-08,4.34355201e-08,5.4301907e-08,1.64751114e-07,1.23606947e-08,8.25406588e-08,1.40659207e-10]",4.0815743318489695e-07,9,-14.686691284179688,0,0
398,4,0.518862247467041,72.25617980957031,1.420064926147461,1.3535529375076294,398,399,398,"[7.87145758,2.93087912,4.73239994,0.906808019,-4.73863316,-1.04913878,1.50130522,0.290465802,-7.66828823,-7.0435853,-7.1564517,-2.77141929,-7.42653131,-8.47963715,-7.46322918,-7.1060071,-6.38650846,-8.65004826,-7.67217112,-12.8463078]","[0.948943138,0.00678538065,0.0411116369,0.000896460784,3.16772594e-06,0.000126786937,0.00162449398,0.000484013348,1.69205535e-07,3.1602346e-07,2.82294309e-07,2.26515331e-05,2.15480526e-07,7.51709024e-08,2.07716283e-07,2.96899827e-07,6.0965516e-07,6.33930384e-08,1.68549718e-07,9.54176738e-10]",3.167725935782073e-06,9,-12.610090255737305,0,0,198,199,198,"[8.64823055,2.8139956,4.59186888,0.236571044,-5.39666891,-2.46920371,1.78654718,0.174472377,-8.12697029,-7.70402908,-7.02536201,-3.00014114,-7.94187355,-8.63483906,-7.6443615,-7.74063778,-6.82761335,-8.91895771,-7.90807915,-13.8054943]","[0.978721678,0.0028634069,0.0169435237,0.000217531444,7.78102219e-07,1.4535125e-05,0.00102486811,0.000204433934,5.07320586e-08,7.74395303e-08,1.52652689e-07,8.54743212e-06,6.10476576e-08,3.05293426e-08,8.22009483e-08,7.46557589e-08,1.86031045e-07,2.29787442e-08,6.31459756e-08,1.73432643e-10]",7.781022191011289e-07,9,-14.044898986816406,0,0
399,4,0.5786752700805664,108.58649444580078,1.9306808710098267,1.8212883472442627,399,400,399,"[7.10709047,3.87073922,4.69169855,1.25157118,-4.19844007,-1.06006324,1.27835822,0.234991923,-7.36445141,-6.82592583,-7.12092829,-2.58098054,-7.50509405,-8.55762005,-7.44186115,-6.90957594,-6.28475571,-8.54232025,-7.63162804,-12.523695]","[0.880401313,0.0346059799,0.0786482915,0.00252151163,1.08330596e-05,0.000249879726,0.00258996757,0.000912360032,4.56846266e-07,7.8279561e-07,5.82814891e-07,5.4601529e-05,3.96907751e-07,1.38542674e-07,4.22816072e-07,7.19978914e-07,1.34485538e-06,1.40678509e-07,3.49732801e-07,2.62505417e-09]",1.0833059604919981e-05,9,-11.305530548095703,0,0,199,200,199,"[8.00880337,3.86461568,4.56029463,0.379902333,-4.83047152,-2.99074411,1.54990733,0.125488624,-7.8852005,-7.67481089,-7.07935572,-2.77849674,-8.07249546,-8.97337627,-7.67174578,-7.60857248,-6.67017937,-8.85717487,-8.01385593,-13.8653679]","[0.952271461,0.0150995087,0.0302755795,0.000462989527,2.5277534e-06,1.5911759e-05,0.00149175606,0.000358988676,1.19146861e-07,1.47046208e-07,2.66720718e-07,1.96741457e-05,9.87964697e-08,4.01322033e-08,1.47497616e-07,1.57116148e-07,4.01568428e-07,4.50774671e-08,1.04763082e-07,3.01250996e-10]",2.5277533950429643e-06,9,-12.839275360107422,0,0
400,4,0.6368603706359863,33.98125076293945,2.2309257984161377,1.9238752126693726,400,401,400,"[5.98081684,5.18046045,5.09651041,2.09719777,-3.76448488,-1.15960002,1.11717606,0.177045494,-7.06967402,-6.4045434,-7.37980986,-2.59280658,-7.60598469,-8.53778267,-7.44974232,-6.81120396,-6.29495907,-8.47438335,-7.59434509,-11.988658]","[0.527831376,0.237085417,0.21799463,0.0108607784,3.09146417e-05,0.000418265146,0.00407608133,0.00159202272,1.1343285e-06,2.20597917e-06,8.31857562e-07,9.97740863e-05,6.63471496e-07,2.61305161e-07,7.75670856e-07,1.46889636e-06,2.46146396e-06,2.78407867e-07,6.71239775e-07,8.28803248e-09]",3.091464168392122e-05,9,-9.745302200317383,0,0,200,201,200,"[6.3271575,5.56892824,5.28574324,1.75072908,-3.87943149,-3.39052582,1.32543826,0.107912555,-7.4163928,-7.14059639,-7.39175129,-2.58282328,-7.97879839,-9.12415695,-7.73338795,-7.28626013,-6.45991325,-8.75026226,-7.79033184,-13.0138588]","[0.543271124,0.254519939,0.191750363,0.00559112243,2.00609484e-05,3.27100061e-05,0.00365424342,0.00108151592,5.8380607e-07,7.6921134e-07,5.9837032e-07,7.33603083e-05,3.32674063e-07,1.05826942e-07,4.25205769e-07,6.64943173e-07,1.51936672e-06,1.53807051e-07,4.01669382e-07,2.16431562e-09]",2.0060948372702114e-05,9,-10.206588745117188,0,0
401,4,0.7071647644042969,1092.5771484375,2.1409785747528076,2.225187063217163,401,402,401,"[5.57574892,6.1844039,5.4774437,2.19070578,-4.38578653,-0.962156713,0.862491548,-0.117580667,-6.92495823,-6.49468946,-7.66356039,-2.56538439,-7.92218685,-8.83835793,-7.62891865,-7.05597305,-6.77742577,-8.45992661,-7.51093292,-12.305727]","[0.263687938,0.484647244,0.238999426,0.00893274043,1.24408598e-05,0.000381692749,0.00236672931,0.000888195471,9.8197836e-07,1.50996004e-06,4.69171084e-07,7.68141035e-05,3.62252194e-07,1.4491836e-07,4.85708597e-07,8.61396927e-07,1.13808551e-06,2.11579703e-07,5.46533443e-07,4.52130422e-09]",1.2440859791240655e-05,9,-10.5701904296875,1,1,201,202,201,"[5.57664871,6.92906427,5.58018208,2.09271598,-4.23459339,-3.10313535,1.04292881,-0.250391126,-7.18779469,-6.97396421,-7.76605701,-2.45899868,-8.14742851,-9.30618858,-7.9415102,-7.3851037,-6.82298326,-8.79753971,-7.57638168,-13.0769176]","[0.169054955,0.653693974,0.169653326,0.00518770469,9.26956545e-06,2.87372695e-05,0.00181575934,0.000498168985,4.83615679e-07,5.98916074e-07,2.71246563e-07,5.47255768e-05,1.85240992e-07,5.8142426e-08,2.27596644e-07,3.97017743e-07,6.96523443e-07,9.66934266e-08,3.27898618e-07,1.33932621e-09]",9.269565452996176e-06,9,-11.163658142089844,1,1
402,4,0.5999431610107422,9.93470287322998,1.4194843769073486,0.6889804005622864,402,403,402,"[5.67821407,6.40350389,4.06924868,1.61006796,-2.87915182,-2.06026816,1.01350856,-0.745100081,-6.9006238,-6.56597853,-7.56800699,-1.52007496,-7.35260725,-9.30378723,-7.41528511,-6.67183924,-5.72817707,-8.38859653,-7.4221344,-12.7858982]","[0.303491324,0.626809597,0.0607269518,0.0051924563,5.83081819e-05,0.000132241039,0.00285950117,0.000492647639,1.04526509e-06,1.46069988e-06,5.36272523e-07,0.000226970238,6.65169694e-07,9.45247649e-08,6.24757718e-07,1.31397258e-06,3.37608799e-06,2.36052315e-07,6.20493211e-07,2.90591951e-09]",5.830818190588616e-05,9,-9.282655715942383,1,1,202,203,202,"[5.71487713,7.03212166,4.23019838,1.78053427,-2.80042648,-3.47975254,1.20329463,-1.05204535,-7.04146481,-6.69408178,-7.69556046,-0.939440966,-7.94914532,-9.49463463,-7.85247421,-6.89104223,-5.62443733,-8.88558292,-7.2648344,-13.0711098]","[0.200280145,0.747669876,0.0453784913,0.00391718838,4.01317884e-05,2.03451527e-05,0.00219929009,0.000230569029,5.7760235e-07,8.17515001e-07,3.00302418e-07,0.000258050277,2.33038847e-07,4.96856352e-08,2.56691834e-07,6.71362216e-07,2.38251801e-06,9.13563269e-08,4.61977464e-07,1.38991507e-09]",4.013178840978071e-05,8,-9.832548141479492,1,1
403,4,0.7145659923553467,57.76171112060547,1.6318227052688599,4.490379810333252,403,404,403,"[5.96171188,5.73455286,4.53780746,1.06883013,-2.42051148,-1.56209123,1.34574783,-0.055055473,-7.0642252,-6.75222826,-7.76551676,-2.61805725,-7.55507565,-9.17855835,-7.46313524,-6.95691395,-6.10838842,-8.67818928,-7.78805542,-12.3214684]","[0.48582083,0.387099147,0.116972111,0.00364354812,0.000111204623,0.000262379617,0.00480605196,0.00118420587,1.06999948e-06,1.46177956e-06,5.30659918e-07,9.12703545e-05,6.54952601e-07,1.29163652e-07,7.18023955e-07,1.19120966e-06,2.78290486e-06,2.13033459e-07,5.18833531e-07,5.57431923e-09]",0.00011120462295366451,8,-8.382223129272461,0,0,203,204,203,"[5.78503418,6.50473213,4.79702663,1.66638923,-3.02979016,-3.19391394,1.50674713,-0.302275449,-7.08012819,-6.91416025,-7.92499304,-2.19683218,-7.89303303,-9.29839897,-7.7029829,-7.18937826,-5.91053963,-8.98717403,-7.80622482,-12.5446339]","[0.289086431,0.593729377,0.107632019,0.0047024372,4.29336942e-05,3.64350926e-05,0.00400858698,0.000656663091,7.47754257e-07,8.82750271e-07,3.21246432e-07,9.87522508e-05,3.31679445e-07,8.13534413e-08,4.01103364e-07,6.70365694e-07,2.40826648e-06,1.11055385e-07,3.61758651e-07,3.16631432e-09]",4.293369420338422e-05,8,-9.53452205657959,1,0
404,4,0.7837822437286377,118.0333251953125,1.842368721961975,2.0242984294891357,404,405,404,"[6.47933006,4.37466812,6.80626774,1.01793945,-3.2615037,-0.910127044,1.11341536,-0.626661837,-7.23534346,-6.40321493,-7.60311222,-4.04331732,-7.38369942,-8.37755108,-7.41850758,-7.2607379,-6.56304121,-8.69519234,-8.38005161,-12.6148729]","[0.396973968,0.0483859144,0.550489724,0.00168620446,2.33545452e-05,0.000245223287,0.00185513182,0.000325588248,4.3909165e-07,1.0091228e-06,3.03972996e-07,1.06864763e-05,3.78551334e-07,1.40120108e-07,3.65601352e-07,4.28081535e-07,8.60067132e-07,1.01988277e-07,1.39770179e-07,2.02420725e-09]",2.3354545191978104e-05,8,-10.067771911621094,2,2,204,205,204,"[6.2664299,5.24706507,6.34623384,1.11160946,-3.50107741,-2.75249577,1.20383096,-0.705566168,-7.17501307,-6.63872814,-7.61796618,-3.92697787,-7.54963255,-8.53832626,-7.38238621,-7.36799908,-6.17750645,-8.74175835,-8.39092159,-13.075346]","[0.406972915,0.146845609,0.44078207,0.00234885071,2.33126193e-05,4.92828294e-05,0.00257576699,0.000381650636,5.91589639e-07,1.0114079e-06,3.79881783e-07,1.52273542e-05,4.0674837e-07,1.5133584e-07,4.80794824e-07,4.87762065e-07,1.60410366e-06,1.23478785e-07,1.7537127e-07,1.62009006e-09]",2.3312619305215776e-05,8,-9.847311019897461,2,2
405,4,0.6845171451568604,2175.510498046875,1.861929178237915,2.100736141204834,405,406,405,"[6.04253244,5.04825163,6.96357679,0.58921957,-3.2326746,-0.8863222,1.21923113,-0.707287967,-7.27192974,-6.76612759,-7.70617723,-3.648458,-7.7524929,-8.62866974,-7.50975323,-7.34420538,-6.92379856,-8.77732754,-7.90562725,-12.6894302]","[0.256637722,0.0949532464,0.644651473,0.00109894725,2.40519057e-05,0.000251279591,0.00206341851,0.000300545915,4.2356811e-07,7.02409466e-07,2.74366926e-07,1.58699822e-05,2.61949111e-07,1.09068203e-07,3.33916489e-07,3.94034032e-07,5.99949544e-07,9.40018694e-08,2.2475632e-07,1.87988936e-09]",2.4051905711530708e-05,8,-10.196250915527344,2,2,205,206,205,"[6.11331558,6.11274529,6.79520226,-0.030796349,-3.5416646,-2.74825144,1.115924,-0.889356315,-7.55831575,-7.27227402,-7.86990118,-3.86539268,-8.1962862,-8.89719772,-7.67321587,-7.61785841,-6.78845882,-9.05806637,-8.13339138,-13.5764341]","[0.250808299,0.250665337,0.495999873,0.000538254855,1.60782056e-05,3.55477823e-05,0.00169434689,0.000228097255,2.8961972e-07,3.85526533e-07,2.12083989e-07,1.16317224e-05,1.53024473e-07,7.5920461e-08,2.58182894e-07,2.72878083e-07,6.2542108e-07,6.46390461e-08,1.62958003e-07,7.05005887e-10]",1.6078205590019934e-05,8,-10.33686637878418,2,1
406,4,0.5338847637176514,26.830368041992188,1.3253452777862549,1.8280644416809082,406,407,406,"[5.49943161,5.15063095,5.95288467,2.14165235,-3.87769413,-0.724999189,0.13615945,-0.0945973396,-6.55725956,-6.12885237,-7.19910288,-2.65074039,-7.28226089,-8.69459343,-6.68089533,-6.63312864,-5.6781764,-8.12319946,-7.41211557,-12.6855469]","[0.30076167,0.212197497,0.473319739,0.0104702571,2.54559018e-05,0.000595643534,0.00140923355,0.00111883634,1.74609568e-06,2.67992527e-06,9.19007846e-07,8.68255593e-05,8.45675856e-07,2.0598506e-07,1.54302825e-06,1.61852086e-06,4.20580182e-06,3.64744665e-07,7.42692407e-07,3.80703291e-09]",2.5455901777604595e-05,9,-9.830578804016113,2,1,206,207,206,"[5.33617401,5.55467844,6.61062241,1.90496421,-3.97382426,-2.05034447,0.268547982,-0.0884630233,-6.82469082,-6.45238304,-7.32430983,-2.68709993,-7.56953192,-8.93357086,-6.79639912,-6.94311285,-5.80649948,-8.19440079,-7.43650627,-13.5597935]","[0.170500666,0.212139398,0.609834492,0.00551532023,1.54328136e-05,0.000105633553,0.00107370282,0.000751339539,8.91927641e-07,1.29425791e-06,5.41187319e-07,5.58808133e-05,4.2349572e-07,1.08256664e-07,9.17522186e-07,7.92317735e-07,2.46901936e-06,2.26710767e-07,4.83750568e-07,1.06001419e-09]",1.5432813597726636e-05,9,-10.584446907043457,2,1
407,4,0.6148240566253662,51.48065948486328,0.9834299087524414,0.9845781326293945,407,408,407,"[5.57636642,5.76197577,6.43565941,2.54844046,-3.70093918,-1.03600192,-0.136084408,-0.552277803,-6.49151468,-6.205163,-7.55403042,-2.41258526,-7.41948986,-9.03524208,-7.37710428,-6.38353252,-5.73184443,-8.41514397,-7.55749846,-12.5374002]","[0.216395885,0.260530174,0.511016786,0.0104770111,2.02379415e-05,0.000290759548,0.000715093804,0.000471642008,1.24232429e-06,1.65422773e-06,4.29328452e-07,7.33991255e-05,4.91156527e-07,9.76130821e-08,5.12422616e-07,1.38398195e-06,2.65555673e-06,1.81473496e-07,4.27842252e-07,2.94130209e-09]",2.0237941498635337e-05,9,-10.136598587036133,2,2,207,208,207,"[5.38331604,5.90230894,7.41908932,2.71098161,-4.0296855,-1.98422098,-0.270070136,-0.628192782,-6.35539532,-6.55850506,-7.47317553,-2.55151296,-7.66329718,-9.35622978,-7.43114376,-6.44264507,-5.85085869,-8.39727879,-7.4804554,-13.0139532]","[0.0960183963,0.161343038,0.735325396,0.00663398439,7.84043277e-06,6.06280446e-05,0.000336604629,0.00023528254,7.66120195e-07,6.25298583e-07,2.50524891e-07,3.43797037e-05,2.07148858e-07,3.81110254e-08,2.61279467e-07,7.02109446e-07,1.26886073e-06,9.94301672e-08,2.48707607e-07,9.82928627e-10]",7.840432772354688e-06,9,-11.448774337768555,2,2
408,4,1.1149917840957642,48.903263092041016,2.2017059326171875,1.6738755702972412,408,409,408,"[5.17229652,4.71199989,8.26444817,2.42516375,-3.61316943,-0.419099897,0.273944616,-0.780754626,-6.37510109,-5.98973274,-7.12926435,-1.7203002,-7.32402515,-8.51708698,-7.26150227,-6.69641352,-5.39276314,-8.61774921,-7.06413269,-12.1896772]","[0.0421324857,0.0265896581,0.927943349,0.0027011733,6.44373404e-06,0.000157146424,0.000314260629,0.000109456014,4.07048361e-07,5.98424435e-07,1.91477298e-07,4.27760351e-05,1.57591785e-07,4.77961564e-08,1.67759396e-07,2.95189949e-07,1.08710117e-06,4.32191172e-08,2.04363531e-07,1.21452948e-09]",6.4437340370204765e-06,9,-11.877617835998535,2,2,208,209,208,"[4.83405399,3.73686886,10.4661541,1.75220799,-4.23148012,-0.839038789,0.732493818,-0.899594247,-6.46189594,-6.22306681,-6.95836878,-1.85153115,-7.30957794,-8.13222408,-7.09252977,-6.71285152,-5.49313021,-8.49515724,-6.69934416,-12.5990858]","[0.00356312748,0.00118940545,0.994996071,0.000163456643,4.11832048e-07,1.22472466e-05,5.89584779e-05,1.15276171e-05,4.42651817e-08,5.62063072e-08,2.69430913e-08,4.44957686e-06,1.89635241e-08,8.33007263e-09,2.35603679e-08,3.44408981e-08,1.16625223e-07,5.79466697e-09,3.49092097e-08,9.56566978e-11]",4.1183204757544445e-07,9,-14.697633743286133,2,2
409,4,0.4279811382293701,44.84424591064453,1.0981810092926025,1.202345848083496,409,410,409,"[5.49078751,5.29875612,6.43992805,2.72251678,-3.29790163,-0.913365304,0.459575623,-0.267998099,-6.65031433,-5.77775526,-7.4773097,-1.29152715,-7.51835632,-8.64590549,-7.56408787,-6.67220354,-5.42982006,-8.78125954,-7.23222876,-11.8085527]","[0.223004267,0.184041187,0.5761289,0.0139980828,3.39964972e-05,0.000368998764,0.00145641668,0.000703565136,1.18987032e-06,2.84739053e-06,5.20403091e-07,0.000252808415,4.9947505e-07,1.6174296e-07,4.77147694e-07,1.16410854e-06,4.03230661e-06,1.41267378e-07,6.64931918e-07,6.84392987e-09]",3.399649722268805e-05,9,-9.737829208374023,2,1,209,210,209,"[5.42599058,5.31504059,7.03621292,2.68718386,-3.66521215,-2.01154637,0.596334398,-0.289358854,-6.63009548,-6.17094851,-7.46194029,-1.67358625,-7.526752,-8.87485504,-7.50152397,-6.70141745,-5.63641644,-8.63183117,-7.46030426,-12.5725985]","[0.143340155,0.128287062,0.717263162,0.00926657487,1.61476346e-05,8.43891685e-05,0.00114518288,0.000472305575,8.32676335e-07,1.31789557e-06,3.62418859e-07,0.000118320764,3.3967487e-07,8.82244748e-08,3.48353041e-07,7.75356966e-07,2.24918699e-06,1.12495059e-07,3.63012106e-07,2.18615193e-09]",1.6147634596563876e-05,9,-10.701425552368164,2,1
410,4,0.7729730606079102,14.92207145690918,1.3891887664794922,0.3968051075935364,410,411,410,"[5.71201229,4.93466616,6.79114246,2.46607757,-3.69413495,-0.966792285,0.752692938,-0.430726051,-6.74192142,-6.14041853,-7.55550146,-1.58544099,-7.54068089,-8.60343361,-7.57070494,-6.77857065,-5.69009924,-8.79349422,-7.23689747,-12.3000174]","[0.224623516,0.10324239,0.660869181,0.00874507613,1.84678993e-05,0.000282414578,0.00157634064,0.000482722826,8.76557749e-07,1.59959529e-06,3.88550461e-07,0.00015212888,3.94351702e-07,1.36249994e-07,3.82687801e-07,8.45013744e-07,2.50946596e-06,1.12666228e-07,5.34336891e-07,3.38010464e-09]",1.8467899280949496e-05,9,-10.48527717590332,2,1,210,211,210,"[5.77145958,4.43434763,8.18033123,2.28495646,-4.57390118,-1.28094554,0.985210896,-0.259811759,-6.72022533,-6.43405914,-7.82483435,-1.38645637,-7.77303886,-8.57780266,-7.79204369,-7.02331018,-6.02593708,-9.1145134,-7.06760597,-12.7833042]","[0.0804695264,0.0211315379,0.894934177,0.00246298825,2.58641558e-06,6.96322968e-05,0.000671413494,0.000193323081,3.02385928e-07,4.02570549e-07,1.00192729e-07,6.2659652e-05,1.05518957e-07,4.71874451e-08,1.03532521e-07,2.23323141e-07,6.05462333e-07,2.75889462e-08,2.13646658e-07,7.03720693e-10]",2.5864155759336427e-06,9,-12.754232406616211,2,2
411,4,0.5474587082862854,39.6754150390625,1.621924638748169,1.2007081508636475,411,412,411,"[5.2492156,6.30794001,4.94786644,3.60029244,-3.40045595,-1.35080671,1.51865065,-0.237866804,-6.80765486,-5.43875551,-7.81339693,-0.521112323,-7.69316196,-8.83167076,-8.06850052,-6.54986,-5.68521261,-9.02374172,-7.2048502,-10.800025]","[0.206287354,0.594662786,0.152615398,0.039660152,3.61382881e-05,0.000280620618,0.00494662253,0.000854010053,1.19740298e-06,4.70701207e-06,4.37977349e-07,0.000643355423,4.93934351e-07,1.58205495e-07,3.39361208e-07,1.54952795e-06,3.67883899e-06,1.30558689e-07,8.0489707e-07,2.20991616e-08]",3.613828812376596e-05,9,-9.708395957946777,1,1,211,212,211,"[5.53093576,7.04670954,4.62942648,3.14903831,-3.86778092,-2.97273135,1.44184339,-0.271921486,-7.08391905,-6.25452948,-7.80472994,-0.922434807,-8.06363583,-9.4228735,-8.13629246,-7.01813459,-6.05985832,-9.0130415,-7.51541424,-11.7928352]","[0.164664924,0.749709964,0.0668467954,0.0152109452,1.363924e-05,3.33814751e-05,0.00275886781,0.000497109548,5.4706544e-07,1.25382974e-06,2.66069492e-07,0.0002593807,2.05377788e-07,5.27526183e-08,1.9098492e-07,5.84263887e-07,1.52329278e-06,7.94752353e-08,3.55339125e-07,4.93154628e-09]",1.3639240023621824e-05,9,-10.914490699768066,1,1
412,4,0.4187060594558716,68.30628967285156,1.3936527967453003,8.107439994812012,412,413,412,"[5.76080275,5.16724157,5.61071539,1.86701477,-3.95395613,-0.171898007,1.08229697,-0.211304531,-6.94040775,-5.8851819,-7.23018599,-2.19144273,-7.50256157,-8.13657379,-7.63979053,-6.80227804,-6.31005621,-8.52384186,-7.32864285,-11.7615232]","[0.408447802,0.225608915,0.351523578,0.00831928477,2.46644158e-05,0.00108292256,0.00379565987,0.00104107801,1.24471853e-06,3.57560634e-06,9.31584452e-07,0.000143721045,7.09464189e-07,3.76341774e-07,6.18490503e-07,1.42909244e-06,2.33791957e-06,2.55501845e-07,8.44233909e-07,1.00296846e-08]",2.4664415832376108e-05,9,-9.71475887298584,0,0,212,213,212,"[6.24623251,5.24963713,5.66753244,1.26580811,-3.93817854,-1.5655508,1.30476463,-0.3368828,-7.30202007,-6.37732267,-7.2611742,-2.58436084,-7.67053032,-8.54854012,-7.81863785,-7.29167891,-6.35512733,-8.75254726,-7.60874224,-12.4743824]","[0.513937354,0.189711794,0.288127005,0.00353133865,1.94033291e-05,0.000208111363,0.00367162237,0.000711049128,6.71396435e-07,1.69265888e-06,6.99388011e-07,7.51332773e-05,4.64447538e-07,1.93028697e-07,4.00510942e-07,6.7837459e-07,1.73064871e-06,1.5740666e-07,4.94050255e-07,3.80759024e-09]",1.940332913363818e-05,9,-10.18441104888916,0,0
413,4,0.7667579650878906,167.61094665527344,1.4900712966918945,0.29831546545028687,413,414,413,"[4.92838144,5.14252996,6.76888943,2.46365952,-3.49252415,-0.965508997,0.498034209,-0.52327323,-6.14422989,-6.18001747,-7.12707949,-1.51358223,-7.06191826,-8.83634567,-7.02811241,-6.14054394,-5.55208874,-8.32250881,-6.91973448,-12.3195448]","[0.115681171,0.143306598,0.728761017,0.0098366607,2.54747447e-05,0.000318844279,0.00137780327,0.000496179971,1.79675612e-06,1.73359138e-06,6.7242263e-07,0.000184312084,7.1769864e-07,1.21707714e-07,7.42375789e-07,1.80338907e-06,3.24827124e-06,2.03457702e-07,8.27354313e-07,3.73751963e-09]",2.5474744688835926e-05,9,-10.26141357421875,2,2,213,214,213,"[4.79917908,4.80499411,8.25896072,2.6082778,-4.09145403,-1.25353527,0.591526866,-0.445800841,-6.17546082,-6.15165663,-7.17429018,-1.75214303,-7.25523281,-8.74087334,-7.15341425,-6.42522764,-5.79332638,-8.43697929,-6.88274193,-12.4561329]","[0.0294534713,0.0296252426,0.936915755,0.0032933671,4.05492983e-06,6.92589747e-05,0.000438304967,0.000155335481,5.04557818e-07,5.1671276e-07,1.8583377e-07,4.20662218e-05,1.71384656e-07,3.87942372e-08,1.89754005e-07,3.9304183e-07,7.39383552e-07,5.25710675e-08,2.48738274e-07,9.44605616e-10]",4.054929831909249e-06,9,-12.350414276123047,2,2
414,4,1.137877106666565,145.93365478515625,2.0117053985595703,0.44177377223968506,414,415,414,"[5.03477287,4.26378441,8.44233418,1.45234501,-4.57745075,-0.664305747,0.73866868,-0.242610261,-6.49095106,-6.54778862,-6.93753767,-1.94779015,-7.147789,-8.76318932,-6.87718201,-6.77677679,-5.82165051,-8.21737194,-7.1347928,-12.5602684]","[0.0315407328,0.0145893432,0.952262819,0.000877087878,2.11026054e-06,0.000105631487,0.000429632695,0.000161039905,3.11396462e-07,2.94190897e-07,1.99234051e-07,2.92673358e-05,1.61455333e-07,3.2099134e-08,2.11629157e-07,2.33981282e-07,6.0811675e-07,5.54036532e-08,1.63567265e-07,7.20181581e-10]",2.1102605387568474e-06,9,-13.019784927368164,2,2,214,215,214,"[4.89516735,3.27495217,10.4540396,0.836032152,-4.95054865,-0.808051407,0.922388792,-0.135431409,-6.68087482,-6.73604584,-7.00813437,-2.3333981,-7.29214048,-8.85335732,-6.61869431,-7.07318354,-5.95548105,-7.97915745,-6.75296402,-12.709938]","[0.00383472885,0.000758724404,0.995227098,6.62025195e-05,2.03139663e-07,1.2789641e-05,7.21736942e-05,2.50595585e-05,3.60017332e-08,3.40692488e-08,2.59535415e-08,2.78233028e-06,1.95368042e-08,4.10040402e-09,3.83113701e-08,2.43190463e-08,7.43632853e-08,9.82848114e-09,3.34977059e-08,8.66830357e-11]",2.0313966331286792e-07,9,-15.40458869934082,2,2
415,4,0.6005942821502686,28.564502716064453,0.8316139578819275,0.9903275370597839,415,416,415,"[5.16736794,5.40150309,6.54200745,1.6520797,-4.04805756,-0.839736283,0.681598306,-0.17528224,-6.61508656,-6.3792901,-6.71940088,-2.34433317,-7.43140602,-8.80044746,-7.23722935,-6.26948166,-5.18313456,-7.97857714,-7.50800943,-12.013629]","[0.159580112,0.201679796,0.630924106,0.00474578934,1.5877069e-05,0.000392759306,0.00179818226,0.000763300224,1.21877451e-06,1.5428692e-06,1.09804694e-06,8.72344899e-05,5.38766756e-07,1.3703567e-07,6.54229609e-07,1.72194041e-06,5.10285099e-06,3.1172209e-07,4.99036787e-07,5.51272317e-09]",1.5877069017733447e-05,9,-10.590065002441406,2,2,215,216,215,"[5.5586381,5.03913736,7.18627882,1.57457662,-4.22698784,-1.67135024,0.926294208,-0.244808957,-6.99354935,-6.56595564,-6.88480282,-2.44624233,-7.65687466,-8.87613297,-7.42595053,-6.79705906,-5.37659121,-8.28192425,-7.54033756,-12.7005405]","[0.148827657,0.0885252804,0.757807732,0.00276966859,8.37221796e-06,0.000107830027,0.00144837936,0.00044903325,5.26426959e-07,8.07308425e-07,5.86902161e-07,4.96830289e-05,2.71180937e-07,8.01201949e-08,3.41624059e-07,6.40726e-07,2.65200219e-06,1.45145506e-07,3.04698688e-07,1.74913672e-09]",8.372217962460127e-06,9,-11.413267135620117,2,2
416,4,0.5636737942695618,440.4455261230469,1.1243295669555664,0.24766181409358978,416,417,416,"[4.56867456,5.62388086,7.98788357,2.10760832,-3.71231914,-1.08697677,0.364116281,-0.642477691,-6.27239609,-6.35498285,-6.97474289,-1.74299657,-7.04469919,-8.995821,-7.47069454,-5.68040371,-5.3441596,-8.1769886,-7.26975918,-12.0509357]","[0.0289609414,0.0831922665,0.884619057,0.00247164001,7.33538218e-06,0.000101296493,0.000432310917,0.000157993025,5.6701623e-07,5.2206957e-07,2.80911934e-07,5.25640608e-05,2.61931859e-07,3.72243143e-08,1.7107287e-07,1.02493073e-06,1.43457657e-06,8.44191703e-08,2.09144389e-07,1.7539098e-09]",7.3353821790078655e-06,9,-11.700202941894531,2,2,216,217,216,"[4.81924534,5.36173248,9.11221313,1.75146556,-4.30463743,-1.29463387,0.429892033,-0.483360499,-6.44102383,-6.65185308,-7.328197,-1.65935099,-7.30048561,-8.93512154,-7.85900688,-5.93175554,-5.45608521,-8.64814568,-7.38911867,-12.4289494]","[0.0131628327,0.0226437598,0.96329999,0.000612392148,1.43515092e-06,2.9115572e-05,0.000163334218,6.55325348e-05,1.69463661e-07,1.37250765e-07,6.97881859e-08,2.02176434e-05,7.17493336e-08,1.39927963e-08,4.10445224e-08,2.81999775e-07,4.53763931e-07,1.864389e-08,6.56635564e-08,4.25161933e-10]",1.4351509207699564e-06,9,-13.416851043701172,2,2
417,4,0.5362884998321533,199.68698120117188,1.2825915813446045,6.605737209320068,417,418,417,"[5.36142349,4.61572981,6.6402626,2.39625239,-4.28745651,-1.21224856,0.922785938,-0.0200205036,-6.47994852,-6.21266842,-7.27882528,-2.53016472,-7.01237488,-8.30642891,-6.99537468,-6.02869129,-5.84797478,-8.03956032,-7.69064331,-11.69909]","[0.194676369,0.0923554599,0.699368417,0.0100358902,1.2556191e-05,0.000271896512,0.00229952089,0.000895739708,1.40174973e-06,1.83125564e-06,6.30555235e-07,7.27846855e-05,8.23077812e-07,2.25652613e-07,8.3718993e-07,2.20114794e-06,2.63714151e-06,2.94672702e-07,4.17707867e-07,7.58624363e-09]",1.2556190995383076e-05,9,-10.927719116210938,2,0,217,218,217,"[5.9653573,4.64272356,7.53545189,1.23042488,-4.36803293,-2.49484015,1.14559436,-0.15227069,-6.9672327,-7.16882658,-7.60874796,-2.5431304,-7.44379091,-8.91310406,-7.68357849,-6.4040184,-5.85952854,-8.82577801,-7.78837204,-12.6833477]","[0.164121181,0.0437272452,0.788947403,0.00144148327,5.33863295e-06,3.47494388e-05,0.00132424489,0.000361670012,3.96837009e-07,3.24385383e-07,2.08932207e-07,3.31112496e-05,2.46402635e-07,5.66932528e-08,1.93868459e-07,6.969683e-07,1.20138429e-06,6.18666505e-08,1.74580549e-07,1.30657685e-09]",5.338632945495192e-06,9,-11.903484344482422,2,0
418,4,0.534090518951416,97.19667053222656,0.853550910949707,1.4559489488601685,418,419,418,"[5.17240477,5.57289171,6.21111774,1.75500023,-3.70057487,-1.1752212,0.211797833,0.244640216,-6.46479988,-6.42960215,-7.52982187,-1.98452318,-7.30833626,-8.49949074,-7.20873165,-6.74495745,-5.82837152,-8.45696259,-7.08001328,-12.3191099]","[0.186292306,0.27805081,0.52638346,0.00610991195,2.61041077e-05,0.00032617891,0.00130566163,0.00134925498,1.6452093e-06,1.70414739e-06,5.67136681e-07,0.000145204714,7.07746949e-07,2.15063224e-07,7.81872075e-07,1.24322594e-06,3.10898258e-06,2.24406733e-07,8.89277658e-07,4.71766004e-09]",2.610410774650518e-05,9,-9.91169261932373,2,1,218,219,218,"[5.01866531,5.27803516,7.06466866,1.17997766,-3.75964427,-1.56889963,0.520164669,0.439135641,-6.60005951,-6.82705355,-7.4329772,-1.97111404,-7.32934856,-8.50780296,-7.39533854,-6.83413172,-5.83004475,-8.50271511,-6.83818054,-12.3528404]","[0.0992215499,0.128602356,0.767668962,0.0021354286,1.52839111e-05,0.000136666829,0.00110390561,0.00101798528,8.92602145e-07,7.11337748e-07,3.88084402e-07,9.14078191e-05,4.30458925e-07,1.32475478e-07,4.0297013e-07,7.06320634e-07,1.92784046e-06,1.33151218e-07,7.03466299e-07,2.83306756e-09]",1.5283911125152372e-05,9,-10.824313163757324,2,2
419,4,0.3855628967285156,13.835485458374023,0.6043357849121094,0.7864813208580017,419,420,419,"[5.8144002,4.84528589,6.08888292,1.40611446,-4.81381178,-0.768404484,1.03119302,0.26143232,-7.14336061,-6.63010168,-7.30989218,-2.00857139,-7.49336624,-8.91571522,-7.291852,-7.01107597,-6.43782997,-8.51041698,-7.26851702,-12.5389385]","[0.367441565,0.13941431,0.483497947,0.00447398145,8.90050069e-06,0.000508525292,0.00307515985,0.00142418023,8.66370954e-07,1.44747082e-06,7.33466948e-07,0.000147134662,6.10518669e-07,1.47224554e-07,7.46818614e-07,9.88905867e-07,1.75433502e-06,2.20799976e-07,7.64450135e-07,3.93037469e-09]",8.900500688469037e-06,9,-10.902694702148438,2,0,219,220,219,"[5.91200542,5.10656595,6.23029947,1.44515991,-4.85687685,-1.37274027,1.27128685,0.182792917,-7.48627806,-6.72498226,-7.67760992,-1.70998418,-7.76560831,-9.1993351,-7.54998636,-7.23517656,-6.50236654,-8.82866573,-7.3032217,-12.7037373]","[0.351213664,0.156954378,0.482841671,0.00403315574,7.39103461e-06,0.0002409054,0.00338947913,0.00114131649,5.33053537e-07,1.14129421e-06,4.40226785e-07,0.00017194252,4.03143076e-07,9.61168212e-08,5.00152737e-07,6.8520859e-07,1.42586418e-06,1.39244946e-07,6.40134715e-07,2.88973001e-09]",7.391034614556702e-06,9,-11.087176322937012,2,0
420,4,0.3924846649169922,29.56955337524414,1.4056923389434814,16.429466247558594,420,421,420,"[6.12023926,4.79936647,5.78299761,0.530175567,-5.50686264,-0.555151701,1.44206572,0.0187969618,-7.25323057,-6.94623756,-7.15822935,-2.78807425,-7.47788143,-8.77687645,-7.38942719,-7.02199411,-7.02501631,-8.30925846,-7.53395128,-12.9504108]","[0.500668764,0.13362962,0.357345492,0.00186989293,4.46646845e-06,0.000631633215,0.0046542054,0.00112131541,7.78979654e-07,1.05889205e-06,8.56612928e-07,6.77203207e-05,6.22245409e-07,1.69752184e-07,6.79793345e-07,9.81637868e-07,9.7867462e-07,2.70956292e-07,5.88316595e-07,2.61380029e-09]",4.4664684537565336e-06,9,-11.62710189819336,0,0,220,221,220,"[6.52003956,4.87682247,5.99016333,0.258765131,-5.3025775,-1.96084404,1.62553036,-0.290027112,-7.65875053,-7.36637831,-7.27951336,-2.9069581,-7.74509907,-9.08364677,-7.64509487,-7.30352831,-7.12113571,-8.51545525,-7.71120119,-13.7624378]","[0.557775378,0.107849762,0.328349978,0.0010646882,4.09225049e-06,0.000115680137,0.00417638896,0.00061501388,3.87872916e-07,5.19594948e-07,5.66747531e-07,4.491238e-05,3.55785573e-07,9.32963999e-08,3.93205539e-07,5.53299003e-07,6.64006905e-07,1.64674859e-07,3.68052525e-07,8.66745731e-10]",4.09225049224915e-06,9,-11.822616577148438,0,0
421,4,0.6367087364196777,58.617088317871094,1.7352120876312256,5.659184455871582,421,422,421,"[5.95078373,5.20863771,5.77824736,0.799850702,-5.54137373,-0.30661875,1.28001225,-0.114807218,-7.28014803,-6.80480242,-7.20864534,-2.68121386,-7.46380472,-8.64780903,-7.57357931,-6.90192747,-7.02985287,-8.37160683,-7.46949196,-12.7086039]","[0.427858561,0.203699663,0.360054851,0.00247901143,4.36837445e-06,0.000819869805,0.00400691293,0.000993224909,7.67678557e-07,1.23486461e-06,8.24579615e-07,7.62906129e-05,6.38878532e-07,1.95529353e-07,5.7245876e-07,1.12056966e-06,9.86010036e-07,2.57730278e-07,6.35256356e-07,3.37001005e-09]",4.3683744479494635e-06,9,-11.492156982421875,0,1,221,222,221,"[6.36984634,4.94642973,6.29160643,0.147945672,-5.05753803,-2.04183078,1.51624167,-0.528831244,-7.72954082,-7.41766071,-7.13844252,-3.13204718,-7.62510681,-8.86899757,-7.67505789,-7.23977041,-7.35007954,-8.46794605,-7.57207727,-13.8941212]","[0.459401906,0.110665135,0.42482847,0.000912127842,5.00429405e-06,0.000102105172,0.00358343055,0.000463591074,3.45865089e-07,4.7244859e-07,6.24622032e-07,3.43220054e-05,3.83938669e-07,1.10674343e-07,3.65231443e-07,5.64431389e-07,5.05480841e-07,1.6528044e-07,4.04848464e-07,7.27216176e-10]",5.004294052923797e-06,9,-11.427384376525879,0,1
422,4,0.4880404472351074,15.83597469329834,1.1188554763793945,0.6326722502708435,422,423,422,"[5.12761068,5.50545311,7.95670319,2.05982327,-4.50174952,-1.1645335,0.449652225,-0.944159985,-6.4515214,-6.66900444,-7.27748299,-1.81635439,-7.06729603,-9.21752739,-7.54061365,-5.83742952,-6.04208994,-8.50876904,-7.47177029,-13.0058918]","[0.0514130853,0.0750185326,0.870428205,0.00239194091,3.38139171e-06,9.51546826e-05,0.000478037691,0.000118614385,4.81194149e-07,3.87140716e-07,2.10673505e-07,4.95847125e-05,2.59951889e-07,3.02733305e-08,1.6193232e-07,8.89235878e-07,7.24659742e-07,6.1499108e-08,1.73473069e-07,6.85163815e-10]",3.3813917070801836e-06,9,-12.458452224731445,2,1,222,223,222,"[5.31819248,5.46384001,9.07555866,1.59582567,-4.96910286,-1.9013015,0.491707176,-1.10047865,-6.75414896,-7.11425734,-7.35677195,-1.85548067,-7.47558784,-9.42412376,-7.80344391,-6.17876482,-6.26436996,-8.57839775,-7.46288776,-13.5884562]","[0.0222085807,0.0256906282,0.951314688,0.0005369297,7.56493478e-07,1.62605193e-05,0.000177993745,3.62182218e-05,1.26931596e-07,8.85475657e-08,6.94789861e-08,1.70229305e-05,6.16953102e-08,8.79050432e-09,4.44495036e-08,2.25660671e-07,2.07146613e-07,2.04789607e-08,6.24840197e-08,1.36605588e-10]",7.56493477638287e-07,9,-14.044661521911621,2,2
423,4,0.404960036277771,20.753095626831055,0.7440328598022461,0.49887973070144653,423,424,423,"[5.49528074,4.80388784,7.18839788,1.60294151,-3.54790473,-1.19829834,0.376774371,-0.185739338,-6.47970104,-6.39804745,-7.57022142,-1.62294483,-7.11780071,-8.26015854,-7.308074,-6.69722033,-5.88733196,-8.97682667,-7.20568275,-12.5623407]","[0.143486843,0.0718693957,0.780051887,0.00292678387,1.69592495e-05,0.000177757422,0.000858762302,0.000489301281,9.03947864e-07,9.80855589e-07,3.03764182e-07,0.000116253432,4.77551509e-07,1.52370504e-07,3.94807671e-07,7.27237307e-07,1.63457923e-06,7.44140749e-08,4.3737495e-07,2.0629376e-09]",1.6959249478532e-05,9,-10.736302375793457,2,2,223,224,223,"[5.44288015,4.9173131,7.93243074,1.35255194,-3.81565857,-1.6828649,0.463095516,-0.093077749,-6.7274456,-6.66800356,-7.68714714,-1.65747941,-7.36740017,-8.32637691,-7.47498989,-6.95373631,-5.92256165,-9.11271191,-7.19437504,-12.5438414]","[0.0731187016,0.0432292409,0.881508648,0.00122354948,6.96781217e-06,5.87972281e-05,0.000502730894,0.000288265292,3.78898932e-07,4.02103723e-07,1.45121021e-07,6.03088956e-05,1.99799416e-07,7.65801005e-08,1.79419061e-07,3.02166399e-07,8.47383603e-07,3.48830902e-08,2.37540718e-07,1.12848131e-09]",6.967812169023091e-06,9,-11.748088836669922,2,2
424,4,0.24820196628570557,33.61201858520508,0.61998450756073,0.8111081719398499,424,425,424,"[5.65537357,5.82348871,5.47744703,2.59564328,-4.37601471,-0.764367223,0.679270267,0.232390687,-7.00007439,-6.00631666,-7.88374281,-1.37234795,-7.7836051,-8.52898121,-7.65239859,-6.95544004,-6.17222309,-8.9880619,-7.3725729,-11.762393]","[0.324582338,0.384004563,0.271676689,0.0152230272,1.42806539e-05,0.00052877015,0.00223991065,0.00143269403,1.0354604e-06,2.79715937e-06,4.27918792e-07,0.000287888339,4.72988546e-07,2.24459569e-07,5.39303073e-07,1.08272491e-06,2.36954611e-06,1.41827826e-07,7.1344391e-07,8.84882567e-09]",1.4280653886089567e-05,9,-10.199502944946289,1,3,224,225,224,"[5.66895008,6.02811098,5.569489,2.9709487,-4.97006321,-1.38435173,0.822255015,0.257998645,-7.10495663,-6.25406647,-7.97779989,-1.49212754,-7.88552952,-8.71657372,-7.70168209,-7.14647341,-6.54801559,-8.95084953,-7.54262495,-12.0537729]","[0.292500079,0.418897301,0.264807671,0.0196969453,7.0090864e-06,0.000252880709,0.0022973814,0.001306711,8.28874931e-07,1.94099971e-06,3.46272316e-07,0.000227043638,3.79743625e-07,1.65413951e-07,4.56388165e-07,7.95166841e-07,1.44665501e-06,1.30866184e-07,5.35071536e-07,5.87821924e-09]",7.009086402831599e-06,9,-10.998174667358398,1,3
425,4,0.4038422405719757,66.68328094482422,1.2676329612731934,0.6964427828788757,425,426,425,"[5.17049694,5.61357546,4.73665047,3.49470687,-3.72097015,-1.82015371,1.066558,-0.0832041055,-6.07479382,-5.68996668,-7.62450314,-1.5944705,-6.92453814,-8.39487267,-7.11041021,-6.20024776,-5.70788336,-8.50172997,-7.38862228,-11.6106205]","[0.292680472,0.455848306,0.1896604,0.0547781549,4.02604746e-05,0.000269397162,0.00483142957,0.0015301723,3.82495045e-06,5.62022842e-06,8.1207412e-07,0.000337602571,1.6352584e-06,3.75862356e-07,1.35788684e-06,3.37397523e-06,5.52043457e-06,3.3777016e-07,1.02810588e-06,1.50815662e-08]",4.0260474634123966e-05,9,-9.334545135498047,1,0,225,226,225,"[5.43535233,6.17220783,4.6423912,2.93105435,-4.14848518,-3.08778667,1.01816201,-0.0275660343,-6.36346912,-6.43880939,-7.60579443,-1.77913296,-7.17870045,-8.81572437,-7.33518219,-6.51285172,-5.82626915,-8.66688538,-7.82546711,-12.4121227]","[0.274653673,0.573849022,0.124281578,0.0224482566,1.89050588e-05,5.46050906e-05,0.00331454631,0.00116485031,2.06358482e-06,1.91382605e-06,5.9578224e-07,0.00020210362,9.13212602e-07,1.77672987e-07,7.80931884e-07,1.77724269e-06,3.53122778e-06,2.06187224e-07,4.78282743e-07,4.87220886e-09]",1.8905058823293075e-05,9,-10.320693016052246,1,1
426,4,0.341013640165329,15.34345817565918,0.7429323196411133,0.6271449327468872,426,427,426,"[5.42170715,5.85674143,5.30985355,3.03045464,-4.26373053,-0.936928093,0.518208504,0.316628307,-6.80463219,-5.96656752,-7.69155073,-1.4424814,-7.62917805,-8.4455986,-7.39967012,-6.78771114,-6.0910387,-8.71562958,-7.36057901,-11.6920013]","[0.281922549,0.4355748,0.25208813,0.025800135,1.75306341e-05,0.000488213205,0.00209202757,0.00171010301,1.38133259e-06,3.19348533e-06,5.69002566e-07,0.000294476544,6.05622745e-07,2.67692144e-07,7.61862907e-07,1.40490374e-06,2.81973007e-06,2.04344346e-07,7.9223463e-07,1.04169553e-08]",1.7530634067952633e-05,9,-10.120471954345703,1,2,226,227,226,"[5.25666857,6.12720394,5.48876905,3.77338696,-4.86701727,-1.52451777,0.655385375,0.344191819,-6.95008039,-6.1601696,-7.60392714,-1.38418031,-7.76560497,-8.72360229,-7.42435074,-7.0390954,-6.43356895,-8.62237644,-7.39006042,-11.9096937]","[0.204238221,0.487759441,0.257594734,0.0463399924,8.19362049e-06,0.000231795537,0.00205033645,0.00150201947,1.02050012e-06,2.24836663e-06,5.3070238e-07,0.000266718445,4.51476808e-07,1.73213792e-07,6.35097365e-07,9.33586875e-07,1.7105325e-06,1.91665663e-07,6.57252656e-07,7.15947834e-09]",8.193620487872977e-06,9,-10.994220733642578,1,2
427,4,0.3807961344718933,94.25765991210938,1.0843422412872314,1.322363018989563,427,428,427,"[5.07937574,5.55139065,4.7665863,3.20997787,-3.57867312,-1.76726317,1.04647446,-0.0187633894,-6.10926867,-5.75598145,-7.40399075,-1.79628825,-6.90434504,-8.25079155,-7.06598616,-6.11812019,-5.72258759,-8.36657047,-7.36951447,-11.6263123]","[0.284492403,0.456104279,0.208078861,0.0438734218,4.94228443e-05,0.000302421919,0.00504201232,0.00173770846,3.93463051e-06,5.60189892e-06,1.07798689e-06,0.00029377031,1.77666959e-06,4.62224563e-07,1.51149686e-06,3.89996239e-06,5.79212656e-06,4.1169011e-07,1.11580118e-06,1.58082205e-08]",4.942284431308508e-05,9,-9.130064010620117,1,1,227,228,227,"[5.31765985,6.09083462,4.74436378,2.94169736,-3.94060397,-2.85160542,0.959660172,0.00604862347,-6.38116837,-6.27782869,-7.42912912,-1.74414051,-7.11096382,-8.54253387,-7.36270857,-6.40548038,-5.69872379,-8.62733364,-7.78173161,-12.2547646]","[0.260263979,0.563896716,0.146701559,0.0241850317,2.48085307e-05,7.37135269e-05,0.0033324128,0.00128413492,2.1611113e-06,2.39638803e-06,7.57798489e-07,0.000223107039,1.04167202e-06,2.48890302e-07,8.09841936e-07,2.10920575e-06,4.27621399e-06,2.28654798e-07,5.32623858e-07,6.07864381e-09]",2.480853072484024e-05,9,-10.031438827514648,1,1
428,4,0.25553518533706665,70.103515625,0.4666001796722412,0.7311638593673706,428,429,428,"[5.10960007,5.69103527,5.30714417,1.86590123,-3.15846181,-1.06157994,0.778935552,-0.115531281,-6.45250607,-5.98876953,-7.24500895,-2.78305531,-7.2162571,-8.07442665,-7.1311245,-6.526793,-5.93880558,-8.22480869,-7.44670153,-11.8036442]","[0.245859906,0.439745903,0.299557388,0.00959328376,6.30832656e-05,0.000513544597,0.00323522091,0.00132264092,2.34060849e-06,3.72157365e-06,1.05961715e-06,9.18229125e-05,1.09052485e-06,4.62314205e-07,1.18743037e-06,2.1730325e-06,3.91224557e-06,3.97765916e-07,8.66074004e-07,1.11009122e-08]",6.308326555881649e-05,9,-8.849496841430664,1,1,228,229,228,"[5.1654458,6.07568121,5.20317602,1.4381175,-3.12674832,-1.52818012,0.734006405,-0.0310589783,-6.62475348,-6.16267061,-7.06286669,-2.9359777,-7.31539011,-8.10191727,-7.30659008,-6.77061272,-5.6930542,-8.22860622,-7.79592419,-12.0173092]","[0.218976274,0.544135749,0.227396145,0.00526791718,5.48457829e-05,0.000271264056,0.002605238,0.00121222646,1.65950667e-06,2.63425954e-06,1.07080018e-06,6.63732717e-05,8.31838236e-07,3.78838649e-07,8.39191159e-07,1.43427519e-06,4.21318191e-06,3.33760084e-07,5.1445312e-07,7.55130447e-09]",5.484578286996111e-05,9,-9.20242977142334,1,1
429,4,0.27717673778533936,411.13787841796875,0.5194907188415527,0.8649688959121704,429,430,429,"[4.87661171,5.70010614,5.38460541,1.97065759,-2.84285188,-0.564665973,0.828541756,-0.164647922,-6.29550838,-5.84850454,-7.32703829,-2.70175385,-7.1036129,-8.10972786,-7.0546422,-6.31170702,-5.77595091,-8.15435314,-7.41743135,-11.3147497]","[0.199028358,0.453475714,0.330775857,0.0108861737,8.8388224e-05,0.000862577581,0.00347424555,0.00128683739,2.79849564e-06,4.37578683e-06,9.97555617e-07,0.000101782352,1.2472965e-06,4.5605745e-07,1.30989713e-06,2.75353023e-06,4.70506666e-06,4.36152789e-07,9.1133893e-07,1.84967668e-08]",8.838822395773605e-05,9,-8.54295825958252,1,2,229,230,229,"[4.84767771,6.21959686,5.30687141,1.61583328,-2.82429314,-1.05308449,0.692914426,-0.162574276,-6.40192699,-6.11933947,-7.30400896,-2.85791349,-7.20086432,-8.23502159,-7.16200542,-6.41789818,-5.46680546,-8.23736477,-7.67901278,-11.5517969]","[0.15171501,0.598198771,0.24013412,0.00599040743,7.06535502e-05,0.000415298331,0.00238033384,0.00101182121,1.97418262e-06,2.61886862e-06,8.00973794e-07,6.8317604e-05,8.88000216e-07,3.15707155e-07,9.23186576e-07,1.94290305e-06,5.0292756e-06,3.14968304e-07,5.50498669e-07,1.14505845e-08]",7.065355021040887e-05,8,-9.043889999389648,1,2
430,4,0.6341957449913025,44.312782287597656,1.48569917678833,0.5696950554847717,430,431,430,"[6.40250492,4.99623489,5.21015739,2.44536281,-3.74356079,-2.60788488,1.553352,-0.448536932,-7.15324974,-6.942379,-7.7332139,-1.54836881,-7.23194838,-9.36780262,-7.67252731,-6.36938429,-6.4817605,-8.89818287,-7.89198589,-12.7462902]","[0.634075105,0.155383676,0.192446828,0.0121220369,2.48748183e-05,7.7442317e-05,0.00496798521,0.000671074959,8.22149559e-07,1.01515138e-06,4.60336935e-07,0.000223418989,7.59929094e-07,8.9780734e-08,4.89138017e-07,1.80044526e-06,1.60907064e-06,1.43594036e-07,3.92755453e-07,3.06142933e-09]",2.4874818336684257e-05,9,-10.146065711975098,0,0,230,231,230,"[7.47059584,5.3020196,5.03975773,1.14648509,-3.99412656,-4.09358406,1.68344271,-0.491883606,-8.17512989,-8.10666466,-7.78321934,-1.68580401,-7.92483521,-10.2019215,-8.35310459,-7.10360193,-7.07100487,-9.38205528,-8.19341373,-13.8889599]","[0.828062296,0.094680883,0.0728389099,0.00148435147,8.68955794e-06,7.86689361e-06,0.0025394184,0.00028840467,1.32803905e-07,1.42214716e-07,1.96523928e-07,8.73954268e-05,1.70573699e-07,1.74979373e-08,1.1115204e-07,3.87765624e-07,4.00613743e-07,3.97237514e-08,1.30397808e-07,4.38254572e-10]",8.689557944308035e-06,8,-11.464722633361816,0,0
431,4,0.796558141708374,178.91343688964844,2.0218610763549805,2.0073626041412354,431,432,431,"[7.00406981,4.03319311,5.40023136,1.35129106,-4.50692177,-1.52873385,1.24078214,-0.0348528512,-7.34473801,-6.95854902,-7.21778965,-3.04686689,-7.37211418,-8.71157646,-7.52508974,-7.05774784,-6.62814283,-8.49492836,-7.73651695,-13.0156565]","[0.793548167,0.0406759717,0.159600824,0.0027835737,7.95083906e-06,0.000156251364,0.00249235169,0.000695997966,4.65548624e-07,6.84991164e-07,5.2856501e-07,3.42378844e-05,4.52976565e-07,1.18673746e-07,3.88722299e-07,6.20302728e-07,9.53188078e-07,1.47381741e-07,3.14642648e-07,1.60367686e-09]",7.95083906268701e-06,9,-11.510992050170898,0,0,231,232,231,"[8.42278385,3.82637143,5.22251654,-0.670569897,-4.911551,-3.10611343,1.42584062,-0.104815155,-8.47374249,-8.40044785,-6.77625895,-3.84439945,-7.95640039,-9.54278755,-8.09669018,-8.08075714,-7.13092899,-8.87600327,-7.94347715,-14.8435755]","[0.950496972,0.00958857592,0.0387339927,0.00010684583,1.53788017e-06,9.35436401e-06,0.00086939428,0.000188131453,4.36397869e-08,4.69585295e-08,2.38281373e-07,4.47075308e-06,7.32084473e-08,1.49831045e-08,6.36259614e-08,6.46478853e-08,1.67131788e-07,2.91865891e-08,7.41607451e-08,7.47307355e-11]",1.5378801663246122e-06,9,-13.334335327148438,0,0
432,4,0.597970724105835,93.41944122314453,1.5361080169677734,1.787867546081543,432,433,432,"[6.54363728,4.49591255,5.33068752,0.847575545,-3.56400943,-1.38385737,1.28582263,-0.0902515948,-7.33757544,-6.85194874,-7.03580999,-3.02389288,-7.5424757,-8.80121613,-7.43119431,-7.13036489,-6.35407209,-8.43356037,-7.70667648,-12.6727581]","[0.696034908,0.0898080915,0.206944376,0.00233809906,2.83749905e-05,0.00025105197,0.0036240255,0.000915313314,6.51773576e-07,1.05925847e-06,8.81356868e-07,4.86973404e-05,5.31018827e-07,1.50815453e-07,5.93524703e-07,8.01838951e-07,1.74271679e-06,2.17829523e-07,4.50607473e-07,3.14091464e-09]",2.8374990506563336e-05,9,-10.107646942138672,0,0,232,233,232,"[7.48193502,4.5733366,5.09845543,-0.6677773,-4.18800116,-2.77813816,1.42102849,0.0506546162,-8.15044975,-7.952209,-6.73980379,-3.681669,-8.01931477,-9.30328465,-7.75653839,-7.93392134,-6.79668713,-8.72319794,-8.09587479,-14.2088661]","[0.869523704,0.0474343747,0.0801953822,0.000251134392,7.43177452e-06,3.04360346e-05,0.00202797796,0.000515130523,1.41326367e-07,1.72312909e-07,5.79240236e-07,1.23307618e-05,1.61129094e-07,4.46223574e-08,2.09554344e-07,1.75493099e-07,5.47210504e-07,7.97043853e-08,1.49253594e-07,3.30435568e-10]",7.431774520227918e-06,9,-11.669936180114746,0,0
433,4,0.7781870365142822,86.82897186279297,2.0018370151519775,1.5303609371185303,433,434,433,"[5.4160862,5.52998114,5.6972847,1.34043753,-2.7741282,-1.30808163,1.10947478,-0.349697918,-6.99232388,-6.37077665,-7.17023325,-2.88812971,-7.56627464,-8.72353935,-7.28806114,-6.84729528,-6.15077877,-8.22315216,-7.62240553,-12.0034237]","[0.287297755,0.32195577,0.380588114,0.00487865927,7.96833265e-05,0.000345194043,0.00387252821,0.000900085957,1.17335185e-06,2.18455307e-06,9.82117399e-07,7.10979148e-05,6.60943897e-07,2.07764302e-07,8.72953649e-07,1.35647917e-06,2.72211605e-06,3.42678078e-07,6.24866232e-07,7.81871279e-09]",7.968332647578791e-05,8,-8.471412658691406,2,0,233,234,233,"[5.65988922,6.27380228,5.54462624,0.970490694,-2.86677361,-3.30991864,1.14156878,-0.205137417,-7.52753496,-7.12162161,-7.15260124,-2.89678955,-7.9896431,-9.21525097,-7.70107555,-7.41986609,-6.23656178,-8.54323673,-7.77036142,-12.8243866]","[0.265798032,0.491100997,0.23686108,0.00244327262,5.26586045e-05,3.38075406e-05,0.00289914594,0.00075405516,4.98111092e-07,7.47501701e-07,7.24699646e-07,5.11014914e-05,3.13787325e-07,9.2121347e-08,4.18753331e-07,5.54735777e-07,1.81129224e-06,1.80389932e-07,3.90722107e-07,2.49420995e-09]",5.2658604545285925e-05,7,-9.140575408935547,1,0
434,4,0.4261190891265869,46.00359344482422,0.8784589767456055,2.425548791885376,434,435,434,"[4.19801474,5.18584061,7.96330833,1.89714563,-2.5867238,-0.240793258,-0.124816142,-0.834517539,-5.65984964,-5.89084435,-6.95659494,-1.99881756,-6.72030687,-8.72510719,-6.73994541,-5.61834192,-4.95474958,-8.04306698,-6.87944031,-11.8865023]","[0.0212779399,0.0571395569,0.918704391,0.00213144859,2.40633035e-05,0.000251292629,0.000282194174,0.000138780539,1.11356007e-06,8.83880887e-07,3.04469864e-07,4.33191126e-05,3.85622997e-07,5.19384535e-08,3.78123644e-07,1.1607541e-06,2.2538984e-06,1.0272943e-07,3.28890962e-07,2.20045782e-09]",2.4063303499133326e-05,9,-10.550031661987305,2,2,234,235,234,"[4.00993395,5.18363476,8.84176731,1.91669464,-2.73856831,-0.824849069,-0.00252672285,-0.928684652,-5.82416058,-6.19516087,-6.94388485,-1.64538419,-6.83438301,-9.25904655,-6.94423485,-5.78029823,-5.01065445,-8.04596233,-6.55614567,-12.0164051]","[0.00770201441,0.0249078404,0.966146231,0.000949559151,9.03164801e-06,6.12187796e-05,0.000139320488,5.51810117e-05,4.12773034e-07,2.8483143e-07,1.34716629e-07,2.69482753e-05,1.50306334e-07,1.33032838e-08,1.34669477e-07,4.31281137e-07,9.31134764e-07,4.47502124e-08,1.9852456e-07,8.44215364e-10]",9.03164800547529e-06,9,-11.58033561706543,2,2
435,4,0.7831053733825684,60.1816520690918,1.074903964996338,7.426578998565674,435,436,435,"[4.55722713,6.6083169,6.93803835,2.11494374,-3.41622663,0.127442479,-0.371713042,-0.521763802,-6.25728369,-5.81464958,-7.66609049,-1.61732817,-7.34525013,-8.57982254,-7.59795284,-6.09873724,-5.38254786,-8.71025181,-6.99288654,-11.5656319]","[0.0507486388,0.394640267,0.54877907,0.00441320706,1.74822489e-05,0.000604774221,0.000367124012,0.000315970421,1.02033323e-06,1.58845808e-06,2.49404877e-07,0.000105645035,3.43750997e-07,1.00017587e-07,2.66990952e-07,1.19563288e-06,2.4470055e-06,8.77872139e-08,4.88960211e-07,5.05075048e-09]",1.7482248949818313e-05,9,-10.354265213012695,2,2,235,236,235,"[4.31352711,7.13097477,8.01294231,2.28901458,-3.80182004,-0.819019139,-0.483801931,-0.807129323,-6.43556404,-6.07705498,-7.78281975,-1.3654635,-7.49658251,-9.10928822,-7.96356869,-6.25865459,-5.28613758,-8.98713589,-6.71533108,-11.9370632]","[0.0171485934,0.286966026,0.693208873,0.00226461305,5.12599445e-06,0.000101202662,0.000141506054,0.000102413185,3.68092969e-07,5.26812471e-07,9.56867581e-08,5.85968555e-05,1.27398195e-07,2.53965009e-08,7.98645274e-08,4.39327437e-07,1.16184208e-06,2.86962276e-08,2.78263514e-07,1.5020597e-09]",5.125994448462734e-06,9,-11.814762115478516,2,2
436,4,0.8836817145347595,51.26736831665039,1.928938865661621,3.2082295417785645,436,437,436,"[4.90210247,5.55580091,7.8404398,1.86397123,-3.4115665,0.0708526447,0.338823706,-0.673012197,-6.5396204,-6.10041428,-7.55477333,-2.04775548,-7.35259628,-8.46986008,-7.66863537,-6.43207693,-5.51257277,-8.62127018,-7.206738,-11.6466866]","[0.0457070209,0.0878780857,0.863150716,0.00219048024,1.12047528e-05,0.000364584237,0.000476624293,0.00017327712,4.90801483e-07,7.61465515e-07,1.77840278e-07,4.38225979e-05,2.17688026e-07,7.12218053e-08,1.5870144e-07,5.46526906e-07,1.37071504e-06,6.12148625e-08,2.51872137e-07,2.97121971e-09]",1.1204752809135243e-05,9,-11.252006530761719,2,1,236,237,236,"[4.43769169,5.50143671,9.76937866,2.27128768,-4.10542679,-0.156458914,0.285678595,-0.913386047,-6.53427982,-6.17955446,-7.54073477,-1.94949174,-7.40580845,-8.75039673,-7.85566807,-6.49439144,-5.62860107,-8.47832584,-7.01568127,-11.7526531]","[0.00474313833,0.0137418229,0.98081702,0.00054351124,9.24350275e-07,4.79569499e-05,7.46224468e-05,2.24968699e-05,8.14701764e-08,1.16159448e-07,2.97783771e-08,7.9826541e-06,3.40799211e-08,8.88283758e-09,2.17333671e-08,8.47857322e-08,2.01525665e-07,1.16603127e-08,5.03418889e-08,4.412537e-10]",9.243502745448495e-07,9,-13.874805450439453,2,2
437,4,1.0874412059783936,870.2295532226562,1.991053581237793,7.734109878540039,437,438,437,"[4.84527206,4.58049822,9.10131836,1.15110779,-4.70495129,0.0162691548,0.917691946,-0.50995779,-6.75376558,-6.6962347,-7.13895655,-2.31739187,-7.28839302,-8.72957039,-7.25690937,-6.69344091,-6.07967329,-8.12930679,-7.00120497,-12.2829762]","[0.0138205243,0.0106055867,0.974769473,0.000343691936,9.8381895e-07,0.00011048797,0.000272143661,6.5279608e-05,1.26802163e-07,1.3431108e-07,8.62661409e-08,1.07107262e-05,7.42917763e-08,1.75810708e-08,7.66680373e-08,1.34686758e-07,2.48817457e-07,3.20432463e-08,9.90067264e-08,5.03292907e-10]",9.83818949862325e-07,9,-13.806269645690918,2,2,237,238,237,"[4.13776445,4.31721354,11.0923719,1.15421605,-4.85730648,0.142096579,0.655736327,-0.674895227,-6.59836912,-6.66506481,-7.05491686,-2.65547872,-7.04328632,-9.08503819,-6.88716316,-6.55787992,-6.01138687,-7.6125021,-6.81899357,-12.2954531]","[0.000952133443,0.00113928295,0.997804582,4.81902462e-05,1.18083214e-07,1.75146433e-05,2.92733275e-05,7.73724332e-06,2.07039701e-08,1.93681373e-08,1.31152902e-08,1.06765253e-06,1.32687248e-08,1.72229531e-09,1.55107571e-08,2.155946e-08,3.72371964e-08,7.50967466e-09,1.66049769e-08,6.9477181e-11]",1.1808321431772129e-07,9,-15.949678421020508,2,2
438,4,0.4644719362258911,39.58784484863281,0.9355069994926453,1.2993863821029663,438,439,438,"[5.38057232,5.03252745,6.77313423,2.18868899,-3.94486928,-0.71996063,0.838617444,-0.430114776,-6.63033056,-6.10409164,-7.02911186,-1.97368705,-7.26728106,-8.41322708,-7.32473564,-6.17506027,-5.57288933,-8.33767605,-7.57163239,-12.0642653]","[0.172741771,0.121967301,0.695311368,0.00709871808,1.53960464e-05,0.000387230451,0.00184014207,0.000517425768,1.04985259e-06,1.77693346e-06,7.0459572e-07,0.000110530826,5.5527056e-07,1.76533206e-07,5.24266625e-07,1.65519771e-06,3.02252147e-06,1.90387411e-07,4.09568315e-07,4.58354066e-09]",1.5396046364912763e-05,9,-10.718003273010254,2,2,238,239,238,"[5.30703926,5.16266584,7.42418671,2.34247494,-4.1351881,-1.65546763,0.978741527,-0.289934427,-6.94942808,-6.20462799,-6.89902973,-1.76302326,-7.61480331,-8.7855978,-7.41973019,-6.69749022,-5.60977077,-8.37353802,-7.56387186,-12.4210281]","[0.0976239964,0.0844998658,0.811002254,0.00503573241,7.74192449e-06,9.24225824e-05,0.00128765893,0.000362094317,4.64130665e-07,9.77469085e-07,4.88121316e-07,8.29979617e-05,2.38600677e-07,7.39948831e-08,2.89994944e-07,5.97111523e-07,1.77192703e-06,1.11726692e-07,2.5106786e-07,1.9514379e-09]",7.741924491710961e-06,9,-11.559374809265137,2,2
439,4,0.4330325722694397,4072.156982421875,0.7891192436218262,0.381572425365448,439,440,439,"[6.22283459,4.30948687,6.5610466,1.7044847,-4.22072792,-1.54963315,1.04216683,-0.28210479,-7.17201519,-6.51516247,-7.11668777,-1.09624803,-7.34543991,-8.38939476,-7.57385254,-6.73583555,-5.59307289,-8.7399416,-7.38914108,-12.8380842]","[0.389228702,0.0574445054,0.545869052,0.0042453208,1.13402675e-05,0.000163932506,0.00218911911,0.000582298264,5.92782669e-07,1.14330737e-06,6.26504061e-07,0.000257969165,4.98400084e-07,1.75466539e-07,3.96624671e-07,9.16908732e-07,2.87489115e-06,1.23581572e-07,4.77088463e-07,2.05188311e-09]",1.134026751969941e-05,9,-10.781774520874023,2,2,239,240,239,"[6.4662385,4.02738571,7.35016584,1.3160882,-4.41978741,-2.14093041,1.26580846,-0.27133888,-7.63629007,-6.80009794,-6.95013142,-0.800488472,-7.61518097,-8.59555054,-7.91595602,-7.27149916,-5.80907917,-8.95395851,-7.19706535,-13.4459705]","[0.284005523,0.0247825757,0.687403142,0.00164681533,5.31601199e-06,5.19135465e-05,0.00156606117,0.000336692989,2.13145611e-07,4.91846492e-07,4.23322689e-07,0.000198347858,2.1769263e-07,8.16722832e-08,1.6114565e-07,3.06974755e-07,1.32502555e-06,5.70715954e-08,3.3069611e-07,6.39092945e-10]",5.316011993272696e-06,9,-11.769952774047852,2,2
440,4,0.41901540756225586,32.62540817260742,0.8212786912918091,0.8954394459724426,440,441,440,"[5.52049446,4.95676374,5.99712658,1.49265015,-3.17340088,-0.677481055,0.743118107,0.34132424,-6.71707201,-6.04637194,-7.33870888,-1.6473099,-7.34557915,-8.46155739,-7.38274288,-6.70733023,-5.42733288,-8.66047955,-7.16829491,-11.6229019]","[0.311079979,0.177029997,0.501038074,0.00554116955,5.21388247e-05,0.000632594572,0.00261868909,0.00175221357,1.50717835e-06,2.947447e-06,8.09451819e-07,0.000239846835,8.03909643e-07,2.63356526e-07,7.74581736e-07,1.52193127e-06,5.4738266e-06,2.15850605e-07,9.59844328e-07,1.11580718e-08]",5.213882468524389e-05,9,-9.170527458190918,2,0,240,241,240,"[6.10272694,4.99672174,6.12563133,0.67137146,-3.63446116,-1.23575354,0.862004638,0.646959424,-7.40080738,-6.54545736,-7.36745167,-1.45524919,-7.75015593,-8.70724678,-7.9605608,-7.50444126,-5.55816174,-9.2475214,-7.12465382,-12.3600101]","[0.422075719,0.13965562,0.431854695,0.00184749218,2.49220193e-05,0.000274364924,0.00223549479,0.00180293713,5.76607079e-07,1.35629296e-06,5.96164568e-07,0.0002202943,4.06592733e-07,1.56135087e-07,3.2944439e-07,5.19843184e-07,3.6402464e-06,9.09625584e-08,7.59997022e-07,4.04692857e-09]",2.4922019292716868e-05,9,-9.760092735290527,2,0
441,4,0.45200562477111816,85.41045379638672,0.8527640104293823,1.8137072324752808,441,442,441,"[5.26460314,6.24195099,5.55416298,2.25034952,-3.76984978,-0.470177323,0.48438862,0.365790933,-7.00407743,-6.00850391,-7.86342812,-1.27088058,-7.61717415,-8.68725014,-7.83064938,-6.87799597,-5.9276619,-9.04152298,-7.0805397,-11.4784899]","[0.197510511,0.524864256,0.263842314,0.00969430152,2.35492553e-05,0.000638273428,0.00165794266,0.00147252635,9.27619226e-07,2.51039251e-06,3.92788394e-07,0.000286593189,5.02464559e-07,1.72336513e-07,4.05876477e-07,1.05226752e-06,2.72176885e-06,1.20925691e-07,8.59335614e-07,1.05719939e-08]",2.3549255274701864e-05,9,-10.011800765991211,1,0,241,242,241,"[5.26712132,6.36845779,6.28163004,2.92284012,-3.45154643,-1.3229413,0.604938328,0.21911867,-7.28019238,-6.05691004,-7.90514898,-1.31888437,-7.84920692,-8.93206692,-8.18615055,-7.19014788,-6.00416803,-9.1436224,-7.13340664,-11.439292]","[0.145329073,0.437176526,0.400818735,0.0139394002,2.37620061e-05,0.000199675342,0.00137275236,0.000933324627,5.16563091e-07,1.75544801e-06,2.76508416e-07,0.000200487077,2.9241761e-07,9.90200988e-08,2.08771283e-07,5.6523487e-07,1.85051886e-06,8.01393867e-08,5.98234692e-07,8.06954414e-09]",2.376200609432999e-05,9,-9.8200044631958,1,2
442,4,0.4737207889556885,55.66498565673828,0.8293647766113281,3.0225541591644287,442,443,442,"[5.58334541,5.22205353,6.34466934,2.03518677,-4.56600142,-1.24383569,1.01917052,-0.0409225337,-6.89037371,-6.56437445,-7.00371027,-1.93403637,-7.44874382,-8.81195164,-7.59758759,-6.67320347,-5.93600321,-8.48129749,-7.41888046,-12.3549824]","[0.257573217,0.179470718,0.551492333,0.00741233351,1.00715233e-05,0.000279185915,0.00268351869,0.000929634261,9.85447514e-07,1.36525182e-06,8.79856998e-07,0.000140004922,5.63814524e-07,1.44245476e-07,4.85841099e-07,1.2244717e-06,2.55924192e-06,2.00772149e-07,5.80905862e-07,4.17238066e-09]",1.0071523320220876e-05,9,-10.91067123413086,2,2,242,243,242,"[5.41503048,5.03870153,7.17403412,2.49978852,-3.95366836,-2.01657724,1.14825284,-0.164613113,-7.03944254,-6.46953392,-6.90839481,-1.95602322,-7.58578873,-8.72590446,-7.57998133,-7.09841442,-5.5849905,-8.33521461,-7.37294483,-12.4389772]","[0.132163808,0.0907141343,0.767428815,0.00716207642,1.12807575e-05,7.82720163e-05,0.00185385009,0.000498774287,5.15470504e-07,9.11405778e-07,5.87647548e-07,8.31581056e-05,2.98489113e-07,9.54514547e-08,3.00227754e-07,4.85950977e-07,2.20731408e-06,1.41077251e-07,3.69288188e-07,2.32924902e-09]",1.1280757462373003e-05,9,-11.127702713012695,2,2
443,4,0.7034151554107666,459.0762023925781,1.7401447296142578,5.348227024078369,443,444,443,"[6.23445988,4.29065752,5.77738523,2.38586354,-4.48492813,-1.16885376,1.19118989,-0.0479300357,-7.08251095,-6.42622948,-7.06142807,-2.14549541,-7.36748886,-8.3611145,-7.40440273,-6.72272062,-5.95160437,-8.31405735,-7.41063261,-12.2310429]","[0.553464055,0.0792331174,0.350416392,0.0117941089,1.22382235e-05,0.000337187259,0.00357128913,0.00103438459,9.11176414e-07,1.75639377e-06,9.30590545e-07,0.000126975821,6.85232749e-07,2.53695049e-07,6.6039928e-07,1.30574279e-06,2.82324891e-06,2.65918572e-07,6.56298198e-07,5.29204947e-09]",1.2238223462190945e-05,9,-10.719388008117676,0,0,243,244,243,"[7.10108185,4.14044285,6.47059727,1.18411386,-4.37223959,-2.8511548,1.34715235,-0.304270744,-7.80907249,-7.61172438,-6.92146921,-1.98848474,-7.93674374,-9.09489632,-8.10053158,-7.46972799,-6.22418451,-8.82826424,-7.24376249,-13.9711876]","[0.628627479,0.0325539857,0.334639639,0.0016931165,6.54022915e-06,2.99358853e-05,0.00199293671,0.00038219901,2.10375717e-07,2.56272841e-07,5.11066048e-07,7.09324449e-05,1.8516063e-07,5.815264e-08,1.5718696e-07,2.95373042e-07,1.02636989e-06,7.59217613e-08,3.7025967e-07,4.43427906e-10]",6.54022915114183e-06,9,-11.473321914672852,0,0
444,4,0.8799309730529785,66.29051971435547,1.8296527862548828,1.400879144668579,444,445,444,"[6.55622387,3.93482733,5.57001066,2.10013175,-4.56377125,-1.13517106,1.30730915,0.116363779,-7.18571568,-6.53290701,-7.08871603,-2.36667967,-7.41487026,-8.39208221,-7.38293552,-6.84766817,-6.11005592,-8.3005867,-7.47277308,-12.4591188]","[0.682704747,0.0496334955,0.254639596,0.00792459026,1.01130081e-05,0.000311818992,0.00358639588,0.00109002704,7.34825733e-07,1.41154851e-06,8.09675498e-07,9.10050221e-05,5.84337556e-07,2.19920665e-07,6.03299441e-07,1.03037746e-06,2.15445539e-06,2.40991682e-07,5.51463472e-07,3.76681664e-09]",1.0113008102052845e-05,9,-11.1199951171875,0,0,244,245,244,"[7.75104713,3.24349999,6.17080784,0.626565099,-4.42559004,-2.63169312,1.58639753,-0.0466478206,-7.96602154,-7.70065165,-6.9687376,-2.15572,-7.96351051,-8.96109581,-8.02272129,-7.60075426,-6.24698687,-8.84699059,-7.48012781,-14.2887716]","[0.819431722,0.00903461874,0.16874215,0.000659765326,4.2195511e-06,2.53714934e-05,0.00172281847,0.000336524565,1.22370452e-07,1.59560528e-07,3.31735151e-07,4.08374472e-05,1.22678117e-07,4.52398687e-08,1.15625127e-07,1.76323567e-07,6.82722259e-07,5.07080173e-08,1.98928859e-07,2.19654822e-10]",4.219551101414254e-06,9,-12.176637649536133,0,0
445,4,0.7536615133285522,112.37181854248047,1.6113710403442383,3.896998167037964,445,446,445,"[6.50739002,4.15228701,5.40600204,2.25735545,-4.38831329,-1.41779685,1.23737824,-0.0531016923,-7.09822655,-6.46443319,-7.07160521,-2.65279698,-7.44430399,-8.38822174,-7.32659721,-6.83720303,-6.17026234,-8.26740837,-7.51797962,-12.4615793]","[0.690315187,0.0654996783,0.229467228,0.00984647498,1.27968779e-05,0.000249564386,0.00355067011,0.000976927113,8.51537209e-07,1.60493119e-06,8.74510306e-07,7.25819846e-05,6.024257e-07,2.34404439e-07,6.77678202e-07,1.10551423e-06,2.15383761e-06,2.64505331e-07,5.59637499e-07,3.98959399e-09]",1.279687785427086e-05,9,-10.895703315734863,0,0,245,246,245,"[7.56216908,3.50118589,5.61422348,0.845488191,-4.29729748,-2.71733475,1.42313421,-0.260038882,-7.80465126,-7.49102783,-6.70529079,-2.43761277,-7.87481308,-8.89087296,-7.76437187,-7.41998959,-6.15838623,-8.55192852,-7.35146379,-14.0729504]","[0.859359562,0.0148085421,0.122516014,0.00104029721,6.07678703e-06,2.95014052e-05,0.00185364264,0.000344376225,1.82158402e-07,2.49260893e-07,5.46884792e-07,3.90233472e-05,1.69815891e-07,6.14764986e-08,1.89645405e-07,2.67612307e-07,9.44959197e-07,8.62802167e-08,2.86593433e-07,3.45272116e-10]",6.0767870309064165e-06,9,-11.859466552734375,0,0
446,4,0.4440953731536865,163.1452178955078,1.33494234085083,1.650328278541565,446,447,446,"[6.41302919,4.33040524,5.21695042,2.08858466,-4.37742567,-1.48005271,1.32617211,-0.138663486,-7.0743494,-6.52663469,-7.09516907,-2.7269578,-7.43615723,-8.38275528,-7.24076176,-6.82055902,-6.40268898,-8.2831049,-7.52958488,-12.5853329]","[0.690445006,0.0860313997,0.208775088,0.00914211851,1.42198205e-05,0.000257754989,0.00426515704,0.000985746388,9.58594228e-07,1.65769291e-06,9.38843868e-07,7.40769028e-05,6.67581162e-07,2.5906084e-07,8.11638813e-07,1.23553298e-06,1.87643559e-06,2.86206131e-07,6.08035521e-07,3.87475874e-09]",1.4219820513972081e-05,9,-10.790454864501953,0,2,246,247,246,"[6.93064499,4.05143738,5.10257196,1.13804412,-3.84953833,-2.81499505,1.44723749,-0.367503762,-7.5001483,-7.22594357,-6.62681818,-2.40086174,-7.72197723,-8.79169273,-7.45125294,-7.23978949,-6.15514898,-8.36317635,-7.1417799,-13.5958395]","[0.81635344,0.0458621308,0.131206766,0.00248990906,1.69864998e-05,4.77969988e-05,0.00339206844,0.000552500365,4.41229076e-07,5.80429571e-07,1.05668857e-06,7.23196572e-05,3.53447803e-07,1.21270091e-07,4.63339063e-07,5.72448641e-07,1.69351847e-06,1.86147005e-07,6.31395267e-07,9.93891303e-10]",1.6986499758786522e-05,9,-10.780183792114258,0,2
447,4,0.4042949676513672,143.2613525390625,1.4733730554580688,0.9253067374229431,447,448,447,"[6.29960251,4.81919432,5.38442659,1.70503449,-4.51873875,-1.59230769,1.30575359,-0.360097647,-7.15675545,-6.75171757,-7.25881338,-2.91104174,-7.53384686,-8.53380775,-7.25790977,-6.93903017,-6.74754143,-8.4386425,-7.68166161,-12.972229]","[0.607288063,0.138185233,0.243186191,0.00613761088,1.21632393e-05,0.000226976932,0.00411712239,0.000778258371,8.69706582e-07,1.30400383e-06,7.85324801e-07,6.07103902e-05,5.96491702e-07,2.19445411e-07,7.86035173e-07,1.08125926e-06,1.30945966e-06,2.41354968e-07,5.14527869e-07,2.59265454e-09]",1.2163239262008574e-05,9,-10.818341255187988,0,0,247,248,247,"[6.49571514,4.76366663,5.39998817,1.10020614,-3.710145,-3.06568074,1.51623952,-0.668503702,-7.49077702,-7.27432775,-6.95783186,-2.55516028,-7.796381,-8.83982468,-7.3975749,-7.27975988,-6.38012314,-8.52013111,-7.38617659,-13.6607008]","[0.656322598,0.116117656,0.219406337,0.00297767622,2.42531769e-05,4.62014905e-05,0.00451396918,0.000507851364,5.53172981e-07,6.86853184e-07,9.4257598e-07,7.69790277e-05,4.07510157e-07,1.43541229e-07,6.07209245e-07,6.83132214e-07,1.67962139e-06,1.97614227e-07,6.14169949e-07,1.15690346e-09]",2.4253176889033057e-05,9,-10.205860137939453,0,0
448,4,0.6925513744354248,56.50666046142578,1.6287624835968018,1.3674912452697754,448,449,448,"[5.74278402,5.59825134,5.54770374,1.15210497,-4.64909649,-1.20746779,1.19824803,-0.467495173,-7.07765245,-6.88103771,-7.31725168,-2.78169107,-7.55089188,-8.7483387,-7.23577547,-6.88192987,-6.95334721,-8.46846294,-7.54072475,-13.1961365]","[0.368706524,0.319088459,0.303360164,0.00374088343,1.13121278e-05,0.000353366107,0.00391754368,0.000740612333,9.97323355e-07,1.21401627e-06,7.84836743e-07,7.32062763e-05,6.21313688e-07,1.87614489e-07,8.51459617e-07,1.21293419e-06,1.12933014e-06,2.48207272e-07,6.27662303e-07,2.19590124e-09]",1.1312127753626555e-05,9,-10.39188003540039,0,0,248,249,248,"[5.68982267,6.01419163,6.1122036,0.848267198,-4.25009489,-2.83623028,1.50824118,-1.10679078,-7.4752574,-7.36482954,-7.45229959,-2.51176786,-7.86220789,-9.16437149,-7.38193321,-7.19989157,-6.68900681,-8.69145012,-7.52027416,-13.988801]","[0.254221767,0.351628751,0.387838066,0.00200702087,1.22563624e-05,5.039588e-05,0.00388306798,0.000284106471,4.87182092e-07,5.44063482e-07,4.98495638e-07,6.97119904e-05,3.30857119e-07,8.99741508e-08,5.34836829e-07,6.41624865e-07,1.06943753e-06,1.44379428e-07,4.65736804e-07,7.2259454e-10]",1.2256362424523104e-05,9,-10.362298965454102,2,1
449,4,0.502906322479248,19.53468132019043,0.7595995664596558,2.8793108463287354,449,450,449,"[5.39647484,5.09988832,5.99407101,1.95019984,-4.01763248,-1.03182256,0.859902799,-0.100070402,-6.51165581,-6.20499229,-7.01300287,-2.449512,-7.34804821,-8.64450264,-7.15715122,-6.33456802,-5.52280045,-8.23267269,-7.48857641,-12.5419064]","[0.277014762,0.205919296,0.503541946,0.0088268267,2.2594777e-05,0.00044743382,0.00296684448,0.00113601389,1.86581224e-06,2.5354218e-06,1.13014733e-06,0.000108401255,8.08401126e-07,2.2109775e-07,9.78435992e-07,2.22728704e-06,5.01559407e-06,3.33763893e-07,7.02419413e-07,4.48707516e-09]",2.2594776964979246e-05,9,-10.011703491210938,2,1,249,250,249,"[5.05351257,5.77575874,6.13966608,2.42152715,-3.45429373,-1.79142213,0.884887278,-0.388204217,-6.55737066,-6.18483782,-7.02155256,-2.04477525,-7.54358721,-9.25920677,-7.31512499,-6.62191677,-4.94438791,-8.38054752,-7.23303699,-12.6608028]","[0.163509861,0.336675465,0.484456092,0.0117621664,3.30103867e-05,0.000174111105,0.00253007235,0.000708331296,1.48252309e-06,2.15174305e-06,9.31986904e-07,0.000135143942,5.52959079e-07,9.94508937e-08,6.94884989e-07,1.38985536e-06,7.43893816e-06,2.39445086e-07,7.54333598e-07,3.31371153e-09]",3.301038668723777e-05,9,-9.59395980834961,2,1
450,4,0.6763143539428711,16.76145362854004,1.6461284160614014,0.7569630146026611,450,451,450,"[5.2802825,6.73697948,4.7947011,2.85012317,-3.87478185,-2.38232923,1.98260963,-0.389019758,-6.82562971,-6.22485304,-7.93228197,-1.68117344,-8.01724243,-9.26310921,-7.96535873,-6.77084875,-6.33520031,-8.84650135,-7.49077225,-12.3103123]","[0.165642306,0.710897028,0.10192623,0.0145803038,1.75056175e-05,7.78648391e-05,0.00612364709,0.000571510871,9.15461726e-07,1.66937605e-06,3.02710589e-07,0.000156981827,2.78054273e-07,7.99939031e-08,2.92861557e-07,9.67010692e-07,1.49496543e-06,1.21335248e-07,4.70730839e-07,3.7990362e-09]",1.7505617506685667e-05,9,-10.611761093139648,1,1,250,251,250,"[5.32026148,7.54971838,4.30965137,3.32988667,-3.17757916,-4.02845764,1.9210372,-0.683493316,-7.09104824,-6.37340117,-8.13375759,-1.68697429,-8.29013538,-9.63122749,-7.91090631,-7.06233168,-6.1859293,-8.99590778,-7.79574442,-12.5788755]","[0.092314288,0.858044446,0.0336021073,0.0126142167,1.8823639e-05,8.03843704e-06,0.00308322045,0.00022796671,3.75928977e-07,7.70505665e-07,1.32514344e-07,8.3572857e-05,1.13331048e-07,2.96428251e-08,1.65594457e-07,3.86880686e-07,9.29381486e-07,5.59546045e-08,1.85806087e-07,1.55515145e-09]",1.882363903860096e-05,8,-10.72729778289795,1,1
451,4,0.6602559089660645,57.314056396484375,2.376976251602173,35.39607620239258,451,452,451,"[5.27328873,5.71340609,5.11275768,3.05356264,-4.56228113,-1.45469475,1.29053295,0.0044949241,-6.54298782,-5.89111471,-7.6997056,-1.16911221,-7.41631365,-8.41276169,-7.52742815,-6.34277391,-5.99895716,-8.38645267,-7.08100939,-11.7211399]","[0.282493472,0.438681126,0.240597248,0.0306897685,1.51173017e-05,0.000338128913,0.0052640452,0.00145479047,2.08576262e-06,4.00285262e-06,6.56006534e-07,0.000449892977,8.70930933e-07,3.21538096e-07,7.79340553e-07,2.54809788e-06,3.59363389e-06,3.30109401e-07,1.21788003e-06,1.17603767e-08]",1.5117301700229291e-05,9,-10.275687217712402,1,1,251,252,251,"[5.82626867,5.93869877,4.92503357,2.45748615,-3.9263947,-3.831671,1.31782377,0.163597599,-7.0666256,-6.82384062,-7.73953485,-1.36514139,-7.85438013,-8.84625626,-7.68088436,-7.15581656,-6.32606649,-8.69181728,-7.16861534,-12.648613]","[0.388368011,0.434581488,0.157703742,0.0133721046,2.25795684e-05,2.48229644e-05,0.00427809777,0.00134889036,9.77081072e-07,1.24557812e-06,4.98528095e-07,0.000292451266,4.44439848e-07,1.64834006e-07,5.28641749e-07,8.93708034e-07,2.04904518e-06,1.92361796e-07,8.82342135e-07,3.67878061e-09]",2.25795683945762e-05,9,-9.865093231201172,1,1
452,4,0.44252681732177734,20.58551025390625,1.2464170455932617,0.9201086163520813,452,453,452,"[5.33079576,5.18753672,5.27463245,3.56144977,-3.57189441,-1.3546412,1.32799363,-0.111230895,-6.54908037,-5.64517784,-7.53577328,-2.02085257,-7.09545422,-8.26258564,-6.85835791,-6.35608196,-5.55673027,-8.43612194,-7.92820215,-11.153861]","[0.332552135,0.288166285,0.314389706,0.0566816553,4.52345848e-05,0.000415347138,0.00607386231,0.00144018279,2.30406681e-06,5.68924634e-06,8.58973976e-07,0.000213343505,1.33416063e-06,4.15268886e-07,1.69113196e-06,2.79456003e-06,6.21537083e-06,3.49111019e-07,5.80163089e-07,2.30496333e-08]",4.5234584831632674e-05,9,-8.902689933776855,0,2,252,253,252,"[5.87518787,5.38986826,5.03496075,3.30974674,-3.46877027,-2.60105824,1.37860572,-0.212791279,-7.0179987,-6.07418108,-7.85985041,-2.13987803,-7.43555593,-8.46010208,-6.97202873,-6.87510061,-5.80249596,-8.84758282,-7.95729542,-11.7055473]","[0.467711717,0.287876785,0.201870203,0.0359601378,4.09212516e-05,9.74521536e-05,0.00521359779,0.00106170145,1.17635511e-06,3.02296462e-06,5.0690511e-07,0.000154553636,7.74811213e-07,2.78125555e-07,1.23169445e-06,1.35705841e-06,3.96665655e-06,1.88781826e-07,4.59840351e-07,1.08333404e-08]",4.0921251638792455e-05,9,-9.343957901000977,0,0
453,4,0.7973434925079346,158.3367462158203,1.94502854347229,1.3447344303131104,453,454,453,"[5.7533927,4.82760859,5.54347801,2.68117785,-4.34368134,-1.46522379,0.260365039,0.456441671,-6.35636711,-6.14332008,-7.39636326,-1.68321061,-7.23943138,-8.13026428,-7.1286726,-6.46560287,-5.75654268,-8.35364246,-7.26479816,-12.661231]","[0.44175148,0.175031066,0.358107358,0.0204612464,1.82001222e-05,0.000323722517,0.00181796879,0.00221177796,2.43206955e-06,3.00954684e-06,8.59630461e-07,0.000260316883,1.00569423e-06,4.12650337e-07,1.12348778e-06,2.18039645e-06,4.4307435e-06,3.30043122e-07,9.80504865e-07,4.44434667e-09]",1.8200122212874703e-05,9,-10.097074508666992,0,1,253,254,253,"[5.57262087,4.78065062,6.42993736,2.50777411,-3.62384677,-3.41025233,0.610486865,0.464007705,-6.55190659,-6.49491835,-6.94371223,-1.67096257,-7.60221291,-8.16779613,-7.17216253,-7.19395256,-5.48888493,-8.30866146,-6.900774,-12.8344164]","[0.258366674,0.117027558,0.608925641,0.012055641,2.61976074e-05,3.24357934e-05,0.00180804438,0.00156168698,1.40159023e-06,1.48378354e-06,9.47244416e-07,0.000184666365,4.9031911e-07,2.78515643e-07,7.5378432e-07,7.37537391e-07,4.05775609e-06,2.41920446e-07,9.88803208e-07,2.61916067e-09]",2.6197607439826243e-05,9,-10.053784370422363,2,1
454,4,0.46252942085266113,20.825225830078125,1.1627976894378662,0.791105329990387,454,455,454,"[5.71595001,4.9065733,6.46907997,2.00373149,-4.84088373,-1.46983933,1.02255368,-0.132696107,-6.97102928,-6.65854692,-7.35492802,-2.33652544,-7.54281139,-8.61190319,-6.99361801,-6.88298273,-6.52875805,-8.48620224,-7.63843107,-13.1486359]","[0.277287811,0.123430625,0.588858485,0.00677227927,7.21367132e-06,0.00020998207,0.00253871852,0.000799642759,8.57127986e-07,1.17153502e-06,5.83875874e-07,8.82643508e-05,4.83864596e-07,1.66120486e-07,8.37983578e-07,9.36017557e-07,1.33389483e-06,1.8837116e-07,4.39740575e-07,1.77887416e-09]",7.213671324279858e-06,9,-11.30996322631836,2,2,254,255,254,"[5.65964842,4.78735304,7.15416956,2.65625978,-4.85615444,-2.63263702,1.22541654,-0.0908957571,-6.99317932,-6.66672897,-7.33334732,-2.42180562,-7.73548985,-8.41315842,-7.09834385,-7.18854189,-6.50236225,-8.56749439,-7.73356724,-13.4498129]","[0.168336898,0.0703632981,0.750311434,0.00835265033,4.56272528e-06,4.215851e-05,0.00199717865,0.000535488012,5.38425695e-07,7.46279284e-07,3.83171084e-07,5.20533031e-05,2.56297795e-07,1.30147768e-07,4.84678651e-07,4.42874949e-07,8.79600293e-07,1.11534661e-07,2.56791026e-07,8.45368942e-10]",4.562725280266022e-06,9,-12.010324478149414,2,2
455,4,0.421109676361084,193.259765625,1.2466683387756348,0.9484072923660278,455,456,455,"[5.40197563,5.07188654,6.2599926,2.19316936,-4.38757133,-1.31448627,0.946567655,-0.0299554504,-6.62634754,-6.18104935,-6.9204421,-2.66665125,-7.53997993,-8.59621048,-7.11282873,-6.5971055,-5.83006334,-8.14380932,-7.63519335,-12.3872461]","[0.2418167,0.173832282,0.570319653,0.00977055728,1.3550025e-05,0.000292795274,0.00280884095,0.00105786102,1.44428031e-06,2.25445956e-06,1.07628694e-06,7.57401867e-05,5.79250468e-07,2.01442603e-07,8.87923647e-07,1.48713968e-06,3.20238792e-06,3.16684066e-07,5.26642566e-07,4.54700055e-09]",1.3550024959840812e-05,9,-10.647563934326172,2,0,255,256,255,"[5.50687599,4.99670219,6.83218098,2.68721032,-4.25404501,-2.5611546,0.916592956,-0.0156779252,-6.81450415,-6.287251,-6.65962791,-2.67162466,-7.94460201,-8.5559454,-7.28908348,-7.12551069,-5.63954306,-8.17849445,-7.59749413,-12.6733303]","[0.183884695,0.110402755,0.692019284,0.0109642819,1.06030693e-05,5.76294515e-05,0.00186642713,0.00073473528,8.19291415e-07,1.38810117e-06,9.56533199e-07,5.16021828e-05,2.6463232e-07,1.43595173e-07,5.097192e-07,6.00302201e-07,2.6528794e-06,2.09442447e-07,3.74446643e-07,2.33873965e-09]",1.0603069313219748e-05,9,-11.086225509643555,2,0
456,4,0.5545791387557983,58.0296630859375,1.731234073638916,0.7048246264457703,456,457,456,"[5.90900993,5.98024273,5.13276577,3.4319644,-4.1609664,-2.45626211,2.06669593,-0.290587455,-7.02806711,-6.15149641,-8.14457703,-1.86001194,-8.11901379,-9.16071701,-8.02659702,-7.01962852,-6.46581841,-9.21332645,-7.73943233,-12.1470213]","[0.378480494,0.406424135,0.174150586,0.0317889564,1.60216969e-05,8.81154847e-05,0.00811610837,0.000768409169,9.11049767e-07,2.18893229e-06,2.98296555e-07,0.000159955831,3.06020269e-07,1.07980327e-07,3.3564973e-07,9.18770752e-07,1.59854108e-06,1.02446293e-07,4.47301488e-07,5.45015411e-09]",1.6021696865209378e-05,9,-10.14120864868164,1,0,256,257,256,"[6.17121792,6.57663393,4.89061737,4.19420338,-4.01654387,-4.18749619,2.16084957,-0.48344475,-7.32511139,-6.15303278,-8.51554775,-2.21893978,-8.44428825,-9.47931862,-8.04161835,-7.59653234,-6.51151276,-9.48675823,-8.1470356,-12.2591419]","[0.340599179,0.510873675,0.0946424231,0.0471668728,1.281607e-05,1.08021804e-05,0.00617394503,0.00043869263,4.6866495e-07,1.51317624e-06,1.42515489e-07,7.73471329e-05,1.5304181e-07,5.43628431e-08,2.28921934e-07,3.5726103e-07,1.05731363e-06,5.39598517e-08,2.06018058e-07,3.37318529e-09]",1.2816070011467673e-05,8,-10.593177795410156,1,0
457,4,0.4368085265159607,62.730384826660156,1.6976335048675537,1.1413853168487549,457,458,457,"[5.23748398,5.48787594,5.36970425,3.45031667,-4.17875004,-1.48734474,1.25825298,-0.123248637,-6.54727125,-5.6514492,-7.63248301,-1.03658926,-7.21706676,-8.36304665,-7.43975163,-6.14317513,-5.6635375,-8.56103611,-7.24780655,-11.5372581]","[0.276246309,0.354846299,0.315296382,0.0462529622,2.24842261e-05,0.000331696181,0.00516581023,0.00129765691,2.10495159e-06,5.15576221e-06,7.11116911e-07,0.000520596339,1.07734252e-06,3.42500357e-07,8.62269417e-07,3.15310945e-06,5.09381016e-06,2.80979947e-07,1.04472906e-06,1.43257752e-08]",2.2484226064989343e-05,9,-9.6666259765625,1,1,257,258,257,"[5.29444647,5.57136583,5.64481735,3.77491355,-3.87001729,-3.18497825,1.24725115,-0.103065237,-6.56187153,-6.00988722,-7.62889433,-1.16980088,-7.25213575,-8.62356758,-7.36976814,-6.37918663,-5.62087154,-8.68636131,-7.38577652,-11.7268038]","[0.251168072,0.331305772,0.356556684,0.0549591109,2.62959293e-05,5.21671318e-05,0.00438823411,0.00113724754,1.78168523e-06,3.09424672e-06,6.1295566e-07,0.000391361013,8.93415006e-07,2.2669802e-07,7.94265873e-07,2.13879935e-06,4.5656443e-06,2.12900559e-07,7.81652261e-07,1.0179579e-08]",2.6295929274056107e-05,9,-9.5148344039917,2,1
458,4,0.40138816833496094,46.25037384033203,1.2559640407562256,0.8731966614723206,458,459,458,"[5.31740522,4.8385272,5.8257966,3.52762866,-3.74970317,-1.43835187,1.25890541,-0.104197502,-6.38173294,-5.73970938,-7.310987,-2.03629446,-7.02312088,-8.21777344,-6.92850685,-6.08097696,-5.34404993,-8.38030052,-8.00205517,-11.2732105]","[0.287953734,0.178381011,0.47875604,0.0480875447,3.32297604e-05,0.000335223769,0.00497437594,0.00127277174,2.39029646e-06,4.54233168e-06,9.43803514e-07,0.000184353456,1.2586371e-06,3.81126796e-07,1.38353732e-06,3.22900428e-06,6.74701914e-06,3.23955135e-07,4.72883642e-07,1.79518835e-08]",3.322976044728421e-05,9,-9.575499534606934,2,1,258,259,258,"[5.63805532,5.07099676,5.65333557,3.61319184,-3.8403542,-2.69431591,1.33699894,-0.0889546573,-6.58863544,-6.05251884,-7.49549246,-2.22331667,-7.2644372,-8.30428505,-7.01818895,-6.38855028,-5.54907131,-8.68690681,-8.18811512,-11.5505781]","[0.366011113,0.207598343,0.371646792,0.0483178087,2.79945198e-05,8.80625012e-05,0.00496099982,0.00119202549,1.79270785e-06,3.06437846e-06,7.23880305e-07,0.00014104048,9.12038502e-07,3.22413172e-07,1.16669526e-06,2.1898079e-06,5.06974948e-06,2.19908642e-07,3.62129867e-07,1.25477309e-08]",2.7994519768981263e-05,9,-9.49368953704834,2,1
459,4,0.34657561779022217,34.63127136230469,1.2014186382293701,6.135138034820557,459,460,459,"[5.80322027,4.4718709,5.78397465,2.42358708,-4.22638178,-0.975271523,1.05570805,0.0215992369,-6.63748693,-6.11611462,-7.09186411,-2.99808931,-7.14747286,-8.07964993,-6.89662266,-6.52350569,-6.05173016,-7.96254826,-7.90312386,-11.7297535]","[0.436254144,0.115223721,0.427938432,0.0148587888,1.92282059e-05,0.000496452791,0.00378373917,0.00134528242,1.72508101e-06,2.90561729e-06,1.09515508e-06,6.56718694e-05,1.03591708e-06,4.07836268e-07,1.33127583e-06,1.933352e-06,3.09884763e-06,4.58503308e-07,4.86574947e-07,1.05990372e-08]",1.9228205928811803e-05,9,-10.02960205078125,0,2,259,260,259,"[6.30961609,4.4469924,5.88121223,2.65873528,-4.01317549,-2.1766901,1.09225011,-0.110915065,-6.86628342,-6.28369904,-6.98088217,-3.32407594,-7.59040213,-8.01645947,-7.23729706,-7.00629044,-6.04714012,-8.22931194,-8.0699091,-12.0136976]","[0.543433368,0.0843760297,0.354073018,0.0141120115,1.78654809e-05,0.000112096059,0.00294627273,0.000884596026,1.03021023e-06,1.84475653e-06,9.18662579e-07,3.55866505e-05,4.9939581e-07,3.26144999e-07,7.10880556e-07,8.95615472e-07,2.33708897e-06,2.63614965e-07,3.0917036e-07,5.99006933e-09]",1.786548091331497e-05,9,-10.322792053222656,0,2
460,4,0.3740193545818329,65.94993591308594,1.1914653778076172,2.719353199005127,460,461,460,"[5.68716621,4.44610786,5.81469154,2.37598681,-3.94185519,-0.97140187,0.99935782,0.0951668322,-6.57477188,-6.01948595,-7.02173948,-3.05916882,-7.08191109,-8.08295727,-6.88678741,-6.47406769,-5.88469601,-7.94198751,-7.85164928,-11.547205]","[0.40386942,0.116749808,0.45880118,0.014730379,2.65711551e-05,0.00051815738,0.00371836172,0.00150545046,1.90962874e-06,3.3274132e-06,1.22133031e-06,6.42327286e-05,1.15000887e-06,4.22622634e-07,1.39779127e-06,2.11195288e-06,3.80754886e-06,4.86602687e-07,5.32609022e-07,1.32266145e-08]",2.657115510373842e-05,9,-9.756546974182129,2,0,260,261,260,"[6.0079689,4.4778204,5.8929143,2.68187881,-3.52632141,-2.16286731,1.0633682,-0.163625374,-6.70676517,-6.05059385,-6.83293581,-3.16154408,-7.39894772,-7.99374199,-7.23769569,-6.81379843,-5.66580772,-8.17002201,-7.87386942,-11.6933479]","[0.464370757,0.100537911,0.413901806,0.0166863892,3.35873083e-05,0.000131315421,0.00330713671,0.000969561981,1.39613064e-06,2.69090151e-06,1.23063876e-06,4.83722288e-05,6.98738972e-07,3.85477563e-07,8.21005074e-07,1.25441795e-06,3.95373945e-06,3.23177886e-07,4.34569159e-07,9.53412016e-09]",3.3587308280402794e-05,9,-9.534290313720703,0,0
461,4,0.5271075367927551,58.34910202026367,1.2814147472381592,1.135011076927185,461,462,461,"[5.32144928,5.089499,5.77354145,2.7892735,-4.12524223,-1.43604016,0.203469962,0.329371721,-6.14331245,-6.08597898,-7.04122591,-2.3699913,-7.15179825,-8.43492508,-6.93297482,-6.28704453,-5.35979509,-8.0006752,-7.33913469,-12.2553892]","[0.289132774,0.229278132,0.454400182,0.0229819771,2.2827111e-05,0.000336013647,0.00173135882,0.00196365733,3.0339902e-06,3.21302741e-06,1.2361055e-06,0.000132052519,1.10671135e-06,3.06746358e-07,1.37742688e-06,2.62779872e-06,6.64188929e-06,4.73556469e-07,9.17646503e-07,6.72315892e-09]",2.2827111024525948e-05,9,-9.898783683776855,2,1,261,262,261,"[5.15179825,5.25540924,6.49829578,2.96811748,-3.70153689,-2.71745491,0.371849686,-0.0444688387,-6.35996914,-6.30848885,-6.6408639,-2.11761689,-7.34962988,-8.54691219,-7.14874029,-6.54754782,-5.17714596,-8.08689022,-7.11362267,-12.4680252]","[0.164447352,0.182399899,0.632125556,0.0185210835,2.35002317e-05,6.28715352e-05,0.00138077047,0.00091057719,1.64637902e-06,1.73335638e-06,1.24319308e-06,0.000114540657,6.11963969e-07,1.84821516e-07,7.48119703e-07,1.36478945e-06,5.37308142e-06,2.92777372e-07,7.74859018e-07,3.66298569e-09]",2.35002316912869e-05,9,-10.199832916259766,2,1
462,4,0.5464515686035156,35.14826583862305,1.1459441184997559,0.4462263882160187,462,463,462,"[5.26477623,5.88712072,6.42793322,2.34098101,-3.97547865,-1.26659858,0.398631185,-0.279982716,-6.67234135,-6.29528666,-7.53507948,-2.19650722,-7.64813662,-8.82890701,-7.36151266,-6.82239485,-6.04198503,-8.56779289,-7.44348335,-12.4086723]","[0.163110122,0.3039217,0.521955609,0.00876380689,1.58303028e-05,0.000237651635,0.00125643751,0.00063741568,1.06722609e-06,1.55600071e-06,4.50374927e-07,9.37748555e-05,4.02230029e-07,1.23501493e-07,5.35739048e-07,9.18521266e-07,2.00455202e-06,1.60351362e-07,4.93576067e-07,3.4434986e-09]",1.5830302800168283e-05,9,-10.403411865234375,2,2,262,263,262,"[5.12051868,5.82719183,7.57387733,2.3841815,-3.8192203,-1.8317883,0.527672112,-0.400702447,-6.70553112,-6.32824755,-7.47564745,-2.10894775,-7.90955734,-8.67741013,-7.6963954,-7.10348845,-6.1018548,-8.66581917,-7.46951151,-12.5420837]","[0.0678639561,0.137576237,0.789076865,0.00439807912,8.89528201e-06,6.49068825e-05,0.000687054766,0.000271520927,4.96193479e-07,7.236074e-07,2.29717202e-07,4.91950959e-05,1.48850077e-07,6.90678021e-08,1.84214713e-07,3.33288654e-07,9.07452886e-07,6.98728968e-08,2.31131068e-07,1.44833567e-09]",8.895282007870264e-06,9,-11.393097877502441,2,2
463,4,0.3821120262145996,159.92921447753906,0.7954692840576172,0.5585451722145081,463,464,463,"[5.19477844,5.23081779,6.79172897,1.63299239,-4.2820344,-0.770296097,0.785956025,-0.281080216,-6.70746422,-6.25198793,-7.01742792,-2.57182169,-7.48293447,-8.72014618,-7.02084494,-6.76343966,-5.65779543,-8.15367031,-7.40189838,-12.1391344]","[0.142399013,0.147624567,0.703159332,0.00404243357,1.09088569e-05,0.000365517364,0.0017329246,0.000596172235,9.64780725e-07,1.52138557e-06,7.07640936e-07,6.03274748e-05,4.44269375e-07,1.2892346e-07,7.05227706e-07,9.12259907e-07,2.75609273e-06,2.27169124e-07,4.81769973e-07,4.22167368e-09]",1.0908856893365737e-05,9,-11.073762893676758,2,1,263,264,263,"[5.08532476,5.23750257,7.58719826,1.77769434,-4.54302359,-1.20054126,0.912952423,-0.30883342,-6.69575262,-6.28649569,-7.09374285,-2.62209654,-7.76735973,-8.75216103,-7.18974543,-6.96347332,-5.72389269,-8.25033188,-7.39277935,-12.315114]","[0.0693062618,0.0806979388,0.845906436,0.00253680325,4.56282396e-06,0.000129079082,0.00106840092,0.000314861274,5.30048226e-07,7.98093595e-07,3.56017097e-07,3.11516997e-05,1.81519354e-07,6.77998528e-08,3.23427884e-07,4.05551816e-07,1.40084217e-06,1.11987717e-07,2.63998288e-07,1.92246463e-09]",4.562823960441165e-06,9,-12.13022232055664,2,1
464,4,0.604109525680542,44.68864440917969,0.9595608711242676,1.2784675359725952,464,465,464,"[5.50479603,5.92188883,6.12530279,2.34012556,-3.51173282,-0.750555515,0.130154282,-0.313741088,-6.78200245,-5.88929367,-7.21205759,-2.2899909,-7.66755486,-8.87761307,-7.56920528,-6.57515955,-5.44575691,-8.47509003,-7.68466806,-12.1279612]","[0.225746408,0.342579961,0.419859022,0.00953283161,2.74026279e-05,0.000433467125,0.00104578771,0.000670906855,1.04119545e-06,2.542321e-06,6.77269497e-07,9.29796443e-05,4.29478405e-07,1.28061842e-07,4.73864759e-07,1.28045042e-06,3.96146606e-06,1.91528443e-07,4.22191391e-07,4.96377295e-09]",2.7402627893025056e-05,9,-9.637035369873047,2,2,264,265,264,"[5.17250633,6.04382992,7.07588768,2.53520131,-3.51800346,-1.71011639,0.11206875,-0.418298542,-6.78550291,-6.08704662,-6.93151188,-1.95525634,-7.80024862,-8.98708153,-7.66990328,-6.57970476,-5.39236736,-8.53936672,-7.47403622,-12.4545374]","[0.0982095748,0.234727979,0.658842862,0.00702727493,1.65163237e-05,0.000100709214,0.000622921973,0.000366520282,6.29297801e-07,1.26529721e-06,5.43808426e-07,7.88145117e-05,2.28117045e-07,6.96182241e-08,2.59876145e-07,7.73096303e-07,2.53447433e-06,1.08933996e-07,3.16104462e-07,2.17183294e-09]",1.6516323739779182e-05,9,-10.593891143798828,2,2
465,4,0.5822945237159729,121.51142120361328,1.1136865615844727,1.1617683172225952,465,466,465,"[5.27043819,5.69814587,6.23321056,2.5111258,-3.94146061,-0.889550149,0.475746602,-0.153273866,-6.48323631,-6.26555347,-7.58717442,-1.94942081,-7.44718361,-8.67384624,-7.40015793,-6.57106447,-5.85991573,-8.55636692,-7.46265221,-12.2373571]","[0.19114241,0.293162286,0.500591874,0.0121060601,1.90844767e-05,0.000403745886,0.00158142624,0.000843079935,1.50245364e-06,1.86783939e-06,4.98157704e-07,0.000139898184,5.73012471e-07,1.6804718e-07,6.00602391e-07,1.3761254e-06,2.80224276e-06,1.88995685e-07,5.64216975e-07,4.76230655e-09]",1.9084476662101224e-05,9,-10.174671173095703,2,2,265,266,265,"[4.92910337,5.63580561,7.34689713,2.71632743,-3.88121152,-1.21215296,0.684105694,-0.331342578,-6.39399433,-6.27160311,-7.50209665,-1.52525473,-7.57134914,-8.50714779,-7.64542532,-6.75485659,-5.75066614,-8.71069717,-7.20889711,-12.1257973]","[0.0695350021,0.14096792,0.780257463,0.00760688679,1.03736602e-05,0.000149654545,0.000996837742,0.000361094397,8.40706036e-07,9.50164178e-07,2.77588896e-07,0.000109423643,2.59015337e-07,1.01604584e-07,2.40522013e-07,5.86036037e-07,1.59970057e-06,8.28921358e-08,3.72166284e-07,2.72492273e-09]",1.0373660188633949e-05,9,-11.228108406066895,2,2
466,4,0.37525153160095215,36.39077377319336,0.8472623825073242,0.4577239453792572,466,467,466,"[5.21110344,4.72593069,7.4314518,1.59574842,-4.3600955,-0.541149557,0.764039218,-0.224722624,-6.56504726,-6.33788395,-7.10370398,-2.42000222,-7.24610519,-8.64943409,-6.95826912,-6.59722662,-5.9374671,-8.28002548,-7.41807079,-12.0856514]","[0.0919718146,0.0566170067,0.847109973,0.00247471966,6.41114593e-06,0.000292067358,0.00107725675,0.000400779594,7.06865933e-07,8.87141368e-07,4.12478812e-07,4.46177655e-05,3.57731977e-07,8.79223663e-08,4.77049468e-07,6.84481847e-07,1.32401192e-06,1.27213127e-07,3.01212964e-07,2.8298901e-09]",6.411145932361251e-06,9,-11.791547775268555,2,0,266,267,266,"[5.22076559,4.76364422,8.27871418,1.88794041,-4.83940792,-0.788846672,0.862630785,-0.21693556,-6.60924482,-6.36723852,-7.4986949,-2.53970051,-7.55383301,-8.76232624,-7.14679337,-6.80889463,-6.05633068,-8.48216724,-7.55224466,-12.1069117]","[0.0435297973,0.0275588669,0.926481724,0.00155367109,1.86083901e-06,0.000106867366,0.000557279098,0.000189331637,3.17014155e-07,4.0381326e-07,1.30255273e-07,1.85549179e-05,1.23267611e-07,3.68134927e-08,1.85192775e-07,2.59640103e-07,5.51068922e-07,4.87167782e-08,1.23463494e-07,1.2985899e-09]",1.8608390064400737e-06,9,-13.118122100830078,2,2
467,4,0.4207777976989746,27.624481201171875,0.7135550379753113,0.7397441864013672,467,468,467,"[5.30907345,4.76946449,7.36335611,1.73549759,-3.79399061,-0.964597046,0.613846898,-0.414496869,-6.53362036,-6.14781666,-6.74333811,-1.99196875,-6.96624851,-8.85005474,-7.38515329,-6.0476737,-5.5026927,-8.28534794,-7.4542079,-12.2335558]","[0.106073588,0.0618383735,0.827505529,0.00297593162,1.18085554e-05,0.000199980073,0.000969384913,0.000346650806,7.62764898e-07,1.12187206e-06,6.18459694e-07,7.15821952e-05,4.94883409e-07,7.52275042e-08,3.25517732e-07,1.24003702e-06,2.13853764e-06,1.3231994e-07,3.03797805e-07,2.55234878e-09]",1.1808555427705869e-05,9,-11.157346725463867,2,2,267,268,267,"[5.54536438,5.02292967,7.95866489,1.58070874,-4.38899755,-1.67815208,0.710486114,-0.408419937,-6.79736519,-6.33701849,-6.88568449,-1.80515027,-7.44533157,-8.93275166,-7.83311749,-6.4742794,-5.65764427,-8.7561636,-7.56530905,-12.7648048]","[0.0781566054,0.046352718,0.873069406,0.00148298754,3.78902359e-06,5.69944241e-05,0.000621161715,0.000202894429,3.40868098e-07,5.40147767e-07,3.12054112e-07,5.01970098e-05,1.78310984e-07,4.02902316e-08,1.20994272e-07,4.70869622e-07,1.06551818e-06,4.80718683e-08,1.58151295e-07,8.72890538e-10]",3.789023594436003e-06,9,-12.347661972045898,2,2
468,4,0.44866862893104553,78.59449005126953,0.7603678703308105,0.3716098964214325,468,469,468,"[5.78734303,4.53467512,6.33922386,2.47916603,-4.21502638,-1.27969372,0.794176877,-0.251610309,-6.71531343,-6.33464098,-7.14208651,-1.32220685,-7.07206011,-8.45377922,-7.30078697,-6.42171621,-5.42999649,-8.5650053,-7.11443043,-12.5333061]","[0.325758129,0.0930825993,0.565684199,0.0119171459,1.47543878e-05,0.000277792307,0.00220999261,0.000776624598,1.21076744e-06,1.7716776e-06,7.90160982e-07,0.000266230083,8.47476372e-07,2.1284059e-07,6.74205978e-07,1.62393269e-06,4.37790732e-06,1.90436225e-07,8.12318319e-07,3.60029784e-09]",1.4754387848370243e-05,9,-10.554250717163086,2,0,268,269,268,"[5.79531765,4.25261641,7.09959173,2.50848079,-4.31476116,-1.75524056,0.996138573,-0.281640619,-6.83747864,-6.44861412,-6.94420576,-1.14667594,-7.20615864,-8.27277851,-7.50766277,-6.77254438,-5.61381865,-8.71099854,-6.90247679,-12.6787882]","[0.202090189,0.0432074405,0.744704902,0.00755248638,8.218527e-06,0.000106262312,0.00166451675,0.000463826727,6.59464263e-07,9.72910584e-07,5.92707579e-07,0.000195288128,4.56116709e-07,1.56981642e-07,3.37391697e-07,7.03707315e-07,2.24192081e-06,1.01281913e-07,6.17963963e-07,1.9157691e-09]",8.218527000281028e-06,9,-11.414352416992188,2,0
469,4,0.26331827044487,6.323698997497559,0.44951361417770386,0.7094347476959229,469,470,469,"[5.28321934,4.36403179,6.76678085,1.88389039,-3.44530606,-0.886792839,0.692515135,0.0479443781,-6.29272938,-6.14739609,-6.85289621,-2.0271678,-6.986269,-8.35658646,-6.92051601,-6.38573647,-5.30378294,-8.21539688,-7.19781208,-11.8324451]","[0.170668095,0.0680697635,0.75241065,0.00569957728,2.76313185e-05,0.00035690298,0.00173154881,0.000908869202,1.6024411e-06,1.85310125e-06,9.15175804e-07,0.000114101502,8.00905411e-07,2.03451052e-07,8.55338101e-07,1.46012223e-06,4.3079981e-06,2.34302988e-07,6.48200967e-07,6.29381169e-09]",2.7631318516796455e-05,9,-10.21208667755127,2,2,269,270,269,"[5.48673344,4.31140423,7.21351242,1.53901768,-3.51875567,-1.33630645,0.799872279,0.0819577873,-6.51157522,-6.4125185,-6.82746029,-1.90003836,-7.16096401,-8.37710381,-7.19966221,-6.63569593,-5.40177631,-8.53059483,-7.26180649,-12.2799149]","[0.143551841,0.0443169437,0.80712235,0.00277036871,1.76187241e-05,0.000156242852,0.0013229117,0.000645274529,8.83506516e-07,9.7550469e-07,6.44202487e-07,8.8914865e-05,4.61512627e-07,1.36779434e-07,4.43994082e-07,7.80377547e-07,2.68033523e-06,1.17316873e-07,4.17242234e-07,2.76090506e-09]",1.761872408678755e-05,9,-10.732268333435059,2,2
470,4,0.30148768424987793,35.59599685668945,0.837899386882782,0.93695068359375,470,471,470,"[5.88018417,4.49372482,5.855896,2.08170104,-3.81400561,-0.894283354,1.16654027,0.0541375987,-6.79053831,-6.25873566,-7.21587324,-2.60321379,-7.26024818,-8.28610039,-7.14418793,-6.62051487,-6.01936531,-8.14642525,-7.76297855,-11.6059933]","[0.442139655,0.110516682,0.431530237,0.00990601815,2.72537745e-05,0.0005051794,0.00396688748,0.00130418641,1.38910286e-06,2.36425103e-06,9.07849426e-07,9.14674019e-05,8.68444829e-07,3.11329472e-07,9.75318699e-07,1.64655137e-06,3.00366014e-06,3.57997834e-07,5.25302653e-07,1.12566481e-08]",2.7253774533164687e-05,9,-9.69419002532959,0,0,270,271,270,"[6.01541042,4.88147306,6.1063118,1.82327771,-3.76302433,-1.73218274,1.13689041,0.0433020853,-6.99013424,-6.68310022,-7.27452326,-2.51781797,-7.48306942,-8.4599905,-7.52096367,-6.8529315,-6.16431522,-8.50020599,-7.87755775,-12.1018238]","[0.409349442,0.131713837,0.448303521,0.00618691556,2.31938848e-05,0.000176749061,0.00311443908,0.00104337512,9.201475e-07,1.25083864e-06,6.92387971e-07,8.05675154e-05,5.62054538e-07,2.1159579e-07,5.41154918e-07,1.05546565e-06,2.10138728e-06,2.03255382e-07,3.78839047e-07,5.54471624e-09]",2.319388477189932e-05,9,-9.869336128234863,2,0
471,4,0.33663320541381836,6.457932472229004,0.5799274444580078,0.5485995411872864,471,472,471,"[5.40838909,4.95349598,6.63865328,2.18420362,-3.91478062,-0.936053932,0.40625748,-0.245566696,-6.50148296,-6.10380554,-7.24049473,-2.05179286,-6.96788502,-8.54086113,-7.1661005,-6.22361946,-5.6434617,-8.25641727,-7.3865571,-12.1456451]","[0.195727512,0.124192208,0.669805706,0.00778764114,1.74844099e-05,0.000343791704,0.00131599372,0.000685756677,1.31601371e-06,1.9587053e-06,6.28509213e-07,0.000112651294,8.25476263e-07,1.71225849e-07,6.77049854e-07,1.73753904e-06,3.10380278e-06,2.27563234e-07,5.43096974e-07,4.65620298e-09]",1.7484409909229726e-05,9,-10.553434371948242,2,2,271,272,271,"[5.53065681,4.98726273,7.21858072,2.10780191,-3.90180874,-1.44957268,0.600291252,-0.300144404,-6.70606041,-6.24937105,-7.29530191,-1.68897998,-7.33461952,-8.53920555,-7.51870632,-6.59951353,-5.72771454,-8.65432739,-7.36420107,-12.3171225]","[0.142175153,0.0825715959,0.768917501,0.00463763671,1.13855958e-05,0.000132235611,0.00102705369,0.000417387084,6.89422052e-07,1.08848542e-06,3.82455227e-07,0.000104081948,3.67709987e-07,1.10245367e-07,3.05884242e-07,7.66933454e-07,1.83389886e-06,9.82570256e-08,3.56991677e-07,2.52134025e-09]",1.138559582614107e-05,9,-11.120389938354492,2,2
472,4,0.2928251028060913,6.69019079208374,0.7386101484298706,1.448972225189209,472,473,472,"[6.08327579,4.8224411,5.76541042,2.17503428,-4.20138836,-0.509747624,0.718871117,-0.11518763,-6.86740351,-6.04992437,-7.54235888,-2.38666534,-7.28171015,-8.15442753,-7.37458229,-6.52188158,-5.97496319,-8.52548027,-7.69330311,-11.786685]","[0.490305752,0.138961151,0.356795847,0.00984326471,1.67453472e-05,0.000671665941,0.00229475135,0.000996571733,1.16428214e-06,2.63684956e-06,5.92828201e-07,0.000102806065,7.69355665e-07,3.21448226e-07,7.01122531e-07,1.64481298e-06,2.8421066e-06,2.21801898e-07,5.09770643e-07,8.50436077e-09]",1.674534723861143e-05,9,-10.284664154052734,0,2,272,273,272,"[6.27689743,4.93595648,6.01129007,1.83304286,-4.13292551,-1.24835777,0.869890094,-0.104881376,-6.97548199,-6.46924353,-7.69305277,-2.2979207,-7.59302235,-8.37816715,-7.57510757,-6.81501532,-6.07182312,-8.90098286,-7.80780506,-12.2146454]","[0.488510013,0.127793938,0.374560237,0.00574026676,1.47212468e-05,0.000263449067,0.00219098851,0.00082661293,8.57903103e-07,1.4232952e-06,4.18601672e-07,9.22310282e-05,4.62640713e-07,2.10989e-07,4.71003489e-07,1.007229e-06,2.11783572e-06,1.25084597e-07,3.73220018e-07,4.55091209e-09]",1.4721246770932339e-05,9,-10.409822463989258,0,2
473,4,0.2966028153896332,32.05250930786133,0.5625715255737305,0.32865431904792786,473,474,473,"[5.57414436,4.85912752,6.18421888,2.58692479,-4.29879999,-0.916967452,0.685416341,-0.255357802,-6.43405342,-6.10343742,-7.28048515,-1.91978168,-7.07854271,-8.45443344,-7.27541494,-6.34620714,-5.71518373,-8.34838963,-7.23274612,-12.2450638]","[0.294739902,0.144182011,0.542488992,0.0148629854,1.51940549e-05,0.000447079656,0.00221968465,0.000866399787,1.79615859e-06,2.499939e-06,7.70449219e-07,0.000164009281,9.42858549e-07,2.38179723e-07,7.74365901e-07,1.96108317e-06,3.68592123e-06,2.64825303e-07,8.08121854e-07,5.37842304e-09]",1.519405486760661e-05,9,-10.48301887512207,2,2,273,274,273,"[5.49393845,4.7099185,6.74679041,2.40978026,-4.21549654,-1.12357497,0.84077704,-0.171433359,-6.47148514,-6.14681005,-7.09094763,-1.68007505,-7.21033812,-8.18871307,-7.51016426,-6.50160885,-5.72454119,-8.36699772,-7.13769054,-12.1795473]","[0.199288353,0.0909884721,0.697571278,0.00912114047,1.20984087e-05,0.000266398769,0.00189950096,0.00069030677,1.26754878e-06,1.75375567e-06,6.82237101e-07,0.000152703084,6.05458979e-07,2.27605142e-07,4.48613264e-07,1.22993379e-06,2.67521409e-06,1.90438001e-07,6.51080882e-07,4.20712309e-09]",1.2098408660676796e-05,9,-10.962286949157715,2,2
474,4,0.2656068801879883,279.8248291015625,0.3771328926086426,0.8388332724571228,474,475,474,"[5.09692478,4.83779812,6.95603371,2.23225403,-3.84941411,-0.569125473,0.660880327,-0.141309544,-6.27246046,-5.92007494,-6.96563673,-2.40651512,-7.07536125,-8.40908623,-7.11371088,-6.27830458,-5.44526863,-8.10189915,-7.52448034,-11.7002668]","[0.1209464,0.0933373868,0.776235819,0.00689417357,1.57487993e-05,0.000418657117,0.00143233046,0.000642179744,1.3961494e-06,1.98596013e-06,6.98054407e-07,6.66638516e-05,6.25512882e-07,1.64818843e-07,6.01978513e-07,1.38801386e-06,3.19283527e-06,2.24086918e-07,3.99196296e-07,6.13289775e-09]",1.5748799341963604e-05,9,-10.805447578430176,2,2,274,275,274,"[5.09444332,5.1572361,7.29095459,2.27037501,-3.92888546,-0.761403978,0.793668568,-0.259844691,-6.33427715,-5.93346643,-7.03566933,-2.28100157,-7.38677692,-8.36170197,-7.49084377,-6.46735525,-5.39904976,-8.37715435,-7.55773115,-11.7548227]","[0.0897687599,0.0955863297,0.807342768,0.00532902637,1.08228824e-05,0.000257017731,0.00121708971,0.000424411817,9.76550268e-07,1.45802551e-06,4.84266309e-07,5.62354289e-05,3.40878586e-07,1.28586564e-07,3.07187889e-07,8.54869313e-07,2.48804986e-06,1.26614751e-07,2.87313128e-07,4.32097336e-09]",1.0822882359207142e-05,9,-11.219840049743652,2,2
475,4,0.4438328742980957,17.57460594177246,0.8653266429901123,0.42875295877456665,475,476,475,"[3.78589249,6.1828146,8.3350563,1.24282932,-3.4983685,0.732129097,0.64574039,-0.977302432,-6.17176533,-5.78902388,-6.69191456,-1.5268147,-7.20719147,-8.80297089,-7.22587061,-6.14391804,-5.77803135,-7.8678894,-7.06838512,-11.0548658]","[0.00936977193,0.10296724,0.885942996,0.000736700138,6.43005615e-06,0.000442075514,0.000405488332,8.00017879e-05,4.43785581e-07,6.50722598e-07,2.63800274e-07,4.61795498e-05,1.5757719e-07,3.19488436e-08,1.54661024e-07,4.56317451e-07,6.57914882e-07,8.13871566e-08,1.81040676e-07,3.36100503e-09]",6.4300561462005135e-06,9,-11.83342456817627,2,2,275,276,275,"[3.65931797,6.31285191,9.009058,0.73560667,-4.36369514,0.616579115,0.922603488,-0.852310359,-6.30667353,-6.02770996,-6.49725246,-1.1029824,-7.44184017,-8.63792419,-7.44898558,-6.50154114,-6.21091747,-7.94089222,-6.98191261,-10.9630661]","[0.00442587351,0.0628657565,0.931883335,0.00023781952,1.45093748e-06,0.000211132079,0.000286720693,4.8598602e-05,2.07885435e-07,2.74774351e-07,1.71813184e-07,3.78231925e-05,6.68077504e-08,2.02010799e-08,6.63321131e-08,1.71077915e-07,2.28775846e-07,4.05594527e-08,1.0582086e-07,1.97505079e-09]",1.45093747505598e-06,9,-13.372753143310547,2,2
476,4,0.4912868142127991,234.29893493652344,0.7137408256530762,0.9113340973854065,476,477,476,"[5.59037971,5.02151728,5.5713644,2.78303456,-4.50504112,-1.20863628,0.307607025,0.293745667,-6.22006321,-6.21914673,-7.34398937,-2.42676353,-7.13025761,-8.3904171,-6.90847683,-6.26371622,-5.71750212,-8.11842823,-7.63550949,-12.5261021]","[0.381778687,0.216151312,0.374587655,0.0230460856,1.57552804e-05,0.000425634265,0.00193879858,0.00191210932,2.83531335e-06,2.83791587e-06,9.21480591e-07,0.000125895618,1.14106047e-06,3.23615097e-07,1.42438319e-06,2.71421004e-06,4.68663166e-06,4.24767848e-07,6.88463615e-07,5.17515852e-09]",1.5755280401208438e-05,9,-10.095420837402344,0,1,276,277,276,"[5.44572353,4.74929142,6.28510523,2.34972596,-4.22821999,-1.47318792,0.587939799,0.234166548,-6.41010952,-6.42262506,-7.0117836,-1.84552503,-7.26890564,-8.24590874,-7.02972984,-6.4841423,-5.63003349,-8.16965485,-7.36093712,-12.617178]","[0.258162349,0.128657848,0.59762907,0.0116766514,1.62387441e-05,0.000255298248,0.00200532237,0.00140780478,1.8321889e-06,1.80940003e-06,1.00384364e-06,0.000175931564,7.76246054e-07,2.92208171e-07,9.85989118e-07,1.70144438e-06,3.99716919e-06,3.15361717e-07,7.07995696e-07,3.69211017e-09]",1.623874413780868e-05,9,-10.513324737548828,2,2
477,4,0.375951886177063,19.08656120300293,0.6324198246002197,0.804966390132904,477,478,477,"[6.09748507,5.1256671,5.07005882,2.79106903,-4.54460096,-0.737193406,0.427759647,0.211928949,-6.64557743,-6.00965118,-7.70669079,-2.52110052,-7.3630681,-8.03663921,-7.23094654,-6.44877386,-5.75842857,-8.44448471,-7.85445023,-11.7544556]","[0.56163913,0.212521151,0.201025829,0.0205825455,1.34170841e-05,0.000604218687,0.00193698786,0.00156096369,1.64140533e-06,3.10023552e-06,5.68041685e-07,0.000101496997,8.00964813e-07,4.083997e-07,9.14099076e-07,1.99841793e-06,3.98565089e-06,2.71618859e-07,4.90014202e-07,9.91878046e-09]",1.3417084119282663e-05,9,-10.642086029052734,0,1,277,278,277,"[6.16914415,4.80820799,5.50838375,2.15864921,-4.1766901,-1.33060932,0.658298612,0.189184651,-6.74594116,-6.47001553,-7.60152817,-2.29468727,-7.43643284,-8.21278954,-7.18842411,-6.57128096,-5.73098421,-8.61171436,-7.78838825,-12.2128048]","[0.556052089,0.142583221,0.287177801,0.010078121,1.78639129e-05,0.000307619397,0.00224794471,0.00140621606,1.36824985e-06,1.80300947e-06,5.81552172e-07,0.000117306045,6.85943348e-07,3.15588551e-07,8.79016625e-07,1.62936806e-06,3.77533433e-06,2.11772701e-07,4.82431858e-07,5.78011772e-09]",1.7863912944449112e-05,9,-10.345834732055664,0,2
478,4,0.34398341178894043,23.447086334228516,0.6457234621047974,0.6957153081893921,478,479,478,"[5.19794559,5.21014881,5.42840433,3.39593101,-3.40650797,-0.970202446,1.23060703,-0.134022236,-6.3626008,-5.55865383,-7.361588,-2.18943119,-7.11737251,-8.22015572,-7.13222694,-6.06863976,-5.4543581,-8.27718449,-7.81909037,-10.7347717]","[0.28875342,0.292298734,0.36359182,0.0476345569,5.29249482e-05,0.000604970905,0.00546429213,0.001395992,2.75324987e-06,6.1517062e-06,1.01389037e-06,0.000178743561,1.29435159e-06,4.29654705e-07,1.27526675e-06,3.69412101e-06,6.82795462e-06,4.05837994e-07,6.4165306e-07,3.47564431e-08]",5.2924948249710724e-05,9,-8.834912300109863,2,2,278,279,278,"[5.24917603,5.67015028,5.38804483,3.55343032,-3.45990205,-1.61592591,1.30796182,-0.227263555,-6.39904594,-5.65576029,-7.51945782,-2.03932667,-7.37801933,-8.17116737,-7.47809696,-6.37341595,-5.48134708,-8.64361477,-7.77095604,-10.7462997]","[0.257635474,0.392493486,0.296016306,0.04726642,4.25305516e-05,0.000268862263,0.00500447024,0.00107799855,2.25033364e-06,4.73207911e-06,7.33936758e-07,0.000176055342,8.45442685e-07,3.82493766e-07,7.64929609e-07,2.30875753e-06,5.63376761e-06,2.38475366e-07,5.70734301e-07,2.91245605e-08]",4.253055158187635e-05,9,-9.13005256652832,1,2
479,4,0.820375919342041,64.17201232910156,1.1465396881103516,0.7358996868133545,479,480,479,"[3.18203902,6.25602484,8.88298893,0.786113024,-4.11843729,1.16543388,0.787619591,-0.924891591,-5.93353605,-5.88767195,-6.3919158,-1.3636049,-7.09144974,-8.81354332,-7.03673029,-5.77073622,-6.16086054,-7.62911272,-6.62732029,-11.2822475]","[0.00310440292,0.0671418086,0.928686321,0.000282774621,2.09614427e-06,0.00041321633,0.000283201021,5.10929203e-05,3.41298374e-07,3.57316225e-07,2.15805443e-07,3.29480754e-05,1.07215619e-07,1.91585734e-08,1.13245925e-07,4.01640307e-07,2.71899268e-07,6.26259293e-08,1.70540417e-07,1.62262637e-09]",2.0961442714906298e-06,9,-13.001426696777344,2,2,279,280,279,"[2.65971017,6.27005339,10.0295286,0.207612693,-5.12196875,1.10550559,1.07418978,-0.774267137,-6.03058481,-5.91192579,-5.90361309,-0.857040644,-7.24071598,-8.23972034,-6.91190481,-6.01438379,-6.56704235,-7.3218894,-6.54548645,-11.0113173]","[0.000615047582,0.0227436908,0.976293206,5.29634781e-05,2.56666254e-07,0.000129994936,0.000125987135,1.98404432e-05,1.03457367e-07,1.16491641e-07,1.17463998e-07,1.8264318e-05,3.08466745e-08,1.13591607e-08,4.28557847e-08,1.05147137e-07,6.05035808e-08,2.84416881e-08,6.18220071e-08,7.10652037e-10]",2.566662544722931e-07,9,-15.151496887207031,2,2
480,4,0.5177314877510071,42.42170715332031,0.7557148933410645,0.5289075374603271,480,481,480,"[5.70338964,4.73246717,5.89977121,2.69385481,-4.45976734,-1.31897187,0.398039311,0.19615145,-6.25666809,-6.27278185,-7.30621576,-2.24181747,-7.15109253,-8.25813293,-6.95156813,-6.3208375,-5.70589256,-8.22799683,-7.57003164,-12.6273165]","[0.376592904,0.142628342,0.458310246,0.0185715314,1.45234198e-05,0.000335814431,0.00186976825,0.001527949,2.40815939e-06,2.36966252e-06,8.43086013e-07,0.000133448208,9.8455871e-07,3.25431898e-07,1.20197046e-06,2.25847998e-06,4.17718775e-06,3.35388421e-07,6.47587569e-07,4.12047596e-09]",1.4523419849865604e-05,9,-10.359539031982422,2,1,280,281,280,"[5.79860973,4.34584618,6.65548611,2.382442,-4.27778625,-2.01658607,0.557555676,0.252748042,-6.50814629,-6.53681803,-6.96524668,-1.77814746,-7.45953083,-7.99934483,-7.10096979,-6.77463961,-5.63313103,-8.34563923,-7.39020824,-12.9226551]","[0.275274187,0.0643929467,0.648488343,0.00903946534,1.15782332e-05,0.00011108847,0.00145748688,0.0010745544,1.24454129e-06,1.20936409e-06,7.87939541e-07,0.000141000797,4.80649192e-07,2.80149578e-07,6.879377e-07,9.53394135e-07,2.9855446e-06,1.98150985e-07,5.151511e-07,2.03808859e-09]",1.157823317043949e-05,9,-10.933272361755371,2,1
481,4,0.340329647064209,37.575923919677734,0.6250033378601074,0.4976145923137665,481,482,481,"[5.80502892,4.76350832,6.76831961,2.05323505,-4.3229599,-1.28374112,0.868401647,-0.279674679,-6.70348358,-6.44923592,-7.57364607,-2.15384221,-7.51802921,-8.40091228,-7.39497185,-6.84152842,-6.39417934,-8.79124165,-7.34734011,-12.7229595]","[0.249538168,0.088066414,0.653866053,0.00585805671,9.96797917e-06,0.000208220328,0.00179137662,0.000568308111,9.22059257e-07,1.1889872e-06,3.86235229e-07,8.72254968e-05,4.08325576e-07,1.68878856e-07,4.61795025e-07,8.03168973e-07,1.2562856e-06,1.14302949e-07,4.84323664e-07,2.24147367e-09]",9.967979167413432e-06,9,-11.091279983520508,2,2,281,282,281,"[5.80953932,4.61465979,7.39332294,1.75564182,-4.49909401,-1.45661759,0.976232171,-0.140504479,-6.63661957,-6.49514055,-7.6591115,-2.0451417,-7.71950436,-8.15011024,-7.64024734,-7.16839266,-6.40207767,-9.02113152,-7.24102068,-12.948101]","[0.161156088,0.0487884656,0.785371661,0.00279680057,5.37358574e-06,0.000112614674,0.00128282688,0.000419928721,6.33794684e-07,7.30116142e-07,2.27974255e-07,6.2517538e-05,2.14613834e-07,1.39523692e-07,2.32315742e-07,3.72393657e-07,8.01325371e-07,5.8394054e-08,3.46306251e-07,1.15055288e-09]",5.373585736379027e-06,9,-11.892416954040527,2,2
482,4,0.2586335241794586,137.56849670410156,0.7807722091674805,0.6470065712928772,482,483,482,"[5.79045105,5.55698967,5.76058865,2.04911065,-4.20367336,-1.20674539,1.12220228,-0.260284662,-6.98418522,-6.49847078,-7.4364171,-2.94237423,-7.78660631,-8.58573532,-7.54019547,-7.01224136,-6.77345371,-8.44927883,-7.67275524,-12.4700813]","[0.35727343,0.282884896,0.346762121,0.00847533997,1.63157729e-05,0.000326705951,0.00335433241,0.000841782137,1.01168814e-06,1.6443322e-06,6.43642466e-07,5.75947524e-05,4.53481334e-07,2.03939962e-07,5.80195717e-07,9.83698669e-07,1.24901089e-06,2.33756992e-07,5.0816476e-07,4.1932644e-09]",1.6315772882080637e-05,9,-9.994124412536621,0,0,282,283,282,"[5.86773872,5.70255327,6.04026651,1.4768095,-4.12383747,-1.9875176,1.19054699,-0.330071449,-7.08933115,-6.90945482,-7.36818409,-3.04274035,-7.97083426,-8.84194183,-7.65231228,-7.35594511,-6.70637321,-8.52474594,-7.70303726,-13.0279942]","[0.326759517,0.27700597,0.388289899,0.00404829253,1.49603438e-05,0.000126687475,0.00304053281,0.000664589519,7.70982069e-07,9.22918957e-07,5.83364226e-07,4.41017983e-05,3.19309862e-07,1.33627353e-07,4.39080821e-07,5.90548154e-07,1.13073543e-06,1.83506629e-07,4.17364333e-07,2.03196349e-09]",1.4960343833081424e-05,9,-10.164104461669922,2,0
483,4,0.30537450313568115,713.4324340820312,0.8831104040145874,0.810684084892273,483,484,483,"[5.45964813,5.83100224,5.93206596,2.10773754,-4.11039734,-1.08933973,1.10491645,-0.245495096,-6.91581345,-6.38234663,-7.47285604,-2.73378992,-7.75644493,-8.70076084,-7.5480423,-7.01239538,-6.76445866,-8.41180515,-7.56508446,-12.2249117]","[0.243512571,0.353019297,0.390561849,0.00852717273,1.69943069e-05,0.000348603789,0.00312813488,0.000810604659,1.02784281e-06,1.752299e-06,5.88851776e-07,6.73219402e-05,4.4345046e-07,1.72477911e-07,5.46201932e-07,9.33214551e-07,1.19580079e-06,2.30263637e-07,5.36972323e-07,5.08410203e-09]",1.699430686130654e-05,9,-10.042463302612305,2,2,283,284,283,"[5.4447298,5.88108683,6.33133888,1.67808115,-3.83196568,-1.97245014,1.19267547,-0.326636106,-6.98516273,-6.77722311,-7.41698313,-2.91251469,-7.83981466,-8.92681789,-7.56895018,-7.26068258,-6.7236414,-8.42305756,-7.62216377,-12.6635284]","[0.199386567,0.308463186,0.483888507,0.00461170077,1.86585676e-05,0.000119799624,0.00283826003,0.000621188548,7.97007033e-07,9.81225867e-07,5.17517606e-07,4.6794059e-05,3.39071562e-07,1.14343642e-07,4.44555809e-07,6.05069374e-07,1.03523621e-06,1.89231031e-07,4.21517996e-07,2.72507994e-09]",1.8658567569218576e-05,9,-10.163304328918457,2,2
484,4,0.35607361793518066,46.89759063720703,0.6923394203186035,0.23842453956604004,484,485,484,"[5.05820179,5.09323263,7.38344431,2.20696115,-4.91430998,-0.914449394,0.842356861,-0.174615011,-6.47755337,-6.33750105,-7.27585459,-2.1696794,-7.49341583,-8.70666981,-7.06958103,-6.81478071,-6.20100784,-8.22095776,-7.29737997,-12.3488483]","[0.0809974521,0.0838851556,0.828535974,0.004679434,3.77976312e-06,0.000206339319,0.00119550969,0.000432402245,7.9169223e-07,9.10710924e-07,3.56335562e-07,5.88088296e-05,2.86664118e-07,8.52046753e-08,4.37967628e-07,5.65067864e-07,1.04390028e-06,1.38485873e-07,3.48746937e-07,2.23195684e-09]",3.779763119382551e-06,9,-12.297754287719727,2,2,284,285,284,"[4.88676643,4.93497515,8.07578373,2.30737233,-4.87478542,-1.00330579,0.962882876,-0.132982507,-6.20628452,-6.22373533,-7.41547966,-2.42393017,-7.63538647,-8.53864861,-7.10640812,-6.87579155,-6.12667847,-8.28541374,-7.32838821,-12.2026615]","[0.0378505141,0.0397199392,0.918426454,0.00286982255,2.18114064e-06,0.000104723964,0.000748084858,0.000250047538,5.75998001e-07,5.66033293e-07,1.7189933e-07,2.52974405e-05,1.37965301e-07,5.59097693e-08,2.34154356e-07,2.94888451e-07,6.23725441e-07,7.20221678e-08,1.87541559e-07,1.43293699e-09]",2.181140644097468e-06,9,-12.950569152832031,2,2
485,4,0.4669691324234009,24.837003707885742,0.8421659469604492,0.5819306969642639,485,486,485,"[5.367908,5.81898928,6.43575859,2.22668242,-3.46948266,-0.818240106,0.333970338,-0.343085408,-6.76101303,-5.88631821,-7.18360662,-1.96952498,-7.64441967,-8.75749874,-7.63802576,-6.48788548,-5.36761904,-8.5226469,-7.64883423,-12.1171322]","[0.180665419,0.283646315,0.525577366,0.00781012885,2.62328304e-05,0.000371762027,0.00117669476,0.000597891223,9.75779244e-07,2.34005847e-06,6.39472319e-07,0.00011756234,4.03360104e-07,1.3252226e-07,4.05947219e-07,1.28224019e-06,3.93092432e-06,1.67603744e-07,4.01583378e-07,4.6048827e-09]",2.6232830350636505e-05,9,-9.905241012573242,2,2,285,286,285,"[5.26725101,5.78697062,7.27792454,1.99549341,-3.82148671,-1.29439914,0.424234718,-0.205722004,-6.64553118,-6.0444212,-7.12868214,-1.84641421,-8.02318573,-8.75795174,-7.84706116,-6.65774822,-5.42414093,-8.73135281,-7.4957099,-12.3792305]","[0.098016873,0.164820895,0.732023954,0.00371872983,1.10691008e-05,0.000138551855,0.00077269075,0.000411546527,6.57121291e-07,1.19868218e-06,4.05336323e-07,7.97765315e-05,1.65705742e-07,7.94753277e-08,1.97618434e-07,6.49141725e-07,2.22888843e-06,8.16177277e-08,2.80812998e-07,2.12584572e-09]",1.106910076487111e-05,9,-11.099411010742188,2,2
486,4,0.3562909960746765,137.88929748535156,0.604522705078125,4.813400745391846,486,487,486,"[5.44725323,5.31713915,6.31495094,2.42161798,-3.79656625,-1.08858228,0.485485643,-0.0299195237,-6.37766981,-6.25049353,-7.68683243,-1.60219669,-7.37221622,-8.50721836,-7.53971624,-6.52647495,-5.84941721,-8.69880772,-7.2801857,-12.2877321]","[0.231396496,0.203165025,0.55105263,0.011228973,2.23777824e-05,0.000335644349,0.00161990069,0.000967499625,1.69378279e-06,1.92348875e-06,4.57399665e-07,0.000200825729,6.26515032e-07,2.01375357e-07,5.2989202e-07,1.4595945e-06,2.87260127e-06,1.66264726e-07,6.86910653e-07,4.59356686e-09]",2.2377782443072647e-05,9,-10.111516952514648,2,2,286,287,286,"[5.2883749,5.04566479,6.91947365,1.91303313,-3.71012712,-1.03872943,0.723910213,0.114095137,-6.2376895,-6.35217667,-7.62521505,-1.51459444,-7.38565922,-8.34562492,-7.6538744,-6.56238317,-5.86237001,-8.74340916,-7.16556787,-12.2565536]","[0.143939927,0.112920724,0.735459089,0.00492367055,1.77902348e-05,0.000257249631,0.00149920001,0.000814742234,1.42061015e-06,1.26693419e-06,3.54715581e-07,0.000159841467,4.50731818e-07,1.72587946e-07,3.44694115e-07,1.02674426e-06,2.06763843e-06,1.15945788e-07,5.61698073e-07,3.45553808e-09]",1.7790234778658487e-05,9,-10.629600524902344,2,2
487,4,0.2793942093849182,8.115804672241211,0.5666189193725586,1.7375874519348145,487,488,487,"[5.1611824,4.71933985,7.00047016,2.17890286,-4.3307457,-0.842104435,0.887398601,-0.0352708735,-6.44212055,-6.26433611,-7.16335869,-1.84801781,-7.24997711,-8.48262405,-6.94302988,-6.64532137,-6.19754028,-8.26873875,-7.28547144,-12.0549326]","[0.124866433,0.0802704841,0.785666466,0.00632788008,9.42222141e-06,0.000308497285,0.00173926202,0.000691281341,1.14076249e-06,1.36271751e-06,5.54581163e-07,0.000112820686,5.08565847e-07,1.48257072e-07,6.91278217e-07,9.30992144e-07,1.45684965e-06,1.83613679e-07,4.90831439e-07,4.16468282e-09]",9.422221410204656e-06,9,-11.331215858459473,2,0,287,288,287,"[5.09272146,4.56325245,7.56708908,2.06757689,-4.38563156,-0.638581574,1.11213458,0.0260153525,-6.32284164,-6.20657539,-7.39567232,-1.85200155,-7.39746475,-8.34890366,-7.1033783,-6.79679537,-6.21177292,-8.41044712,-7.22511911,-11.8180256]","[0.0738498643,0.0434914865,0.876907706,0.00358546991,5.648762e-06,0.000239484027,0.00137912214,0.000465486577,8.14017255e-07,9.14381474e-07,2.78425745e-07,7.11696775e-05,2.77927001e-07,1.07331218e-07,3.72950211e-07,5.06755384e-07,9.09641301e-07,1.00924751e-07,3.30201999e-07,3.34276251e-09]",5.648761998600094e-06,9,-11.952720642089844,2,2
488,4,0.3181014060974121,265.94183349609375,0.5878643989562988,0.17390753328800201,488,489,488,"[5.39658928,4.90994692,7.20477724,1.65762591,-3.70106149,-0.868908226,0.671492815,-0.325025767,-6.77860928,-6.08158159,-6.62180281,-1.65890777,-7.29761744,-8.90212154,-7.62789345,-6.49420691,-5.31149197,-8.32745934,-7.24193287,-12.0259533]","[0.128983483,0.0792844445,0.786719918,0.00306706526,1.44369315e-05,0.000245167816,0.00114406482,0.00042234594,6.65138828e-07,1.335452e-06,7.78059359e-07,0.000111268033,3.95831705e-07,7.95577861e-08,2.84494121e-07,8.8394836e-07,2.88451815e-06,1.41336955e-07,4.18498047e-07,3.49961438e-09]",1.4436931451200508e-05,9,-10.905838966369629,2,2,288,289,288,"[5.49182558,5.17858028,7.79264164,1.43702257,-4.06714821,-0.998353243,0.788270473,-0.28456974,-6.8346839,-6.03641415,-6.99743986,-1.57198918,-7.69905472,-8.80167198,-7.9881525,-6.82467461,-5.41998672,-8.80659676,-7.56858683,-12.1287556]","[0.0851397887,0.0622431897,0.849893093,0.0014762301,6.00791009e-06,0.000129265856,0.000771621941,0.000263922237,3.7739639e-07,8.38458675e-07,3.2071091e-07,7.28377418e-05,1.5900342e-07,5.27892965e-08,1.19083744e-07,3.8119299e-07,1.5530776e-06,5.2529959e-08,1.81162093e-07,1.89501148e-09]",6.007910087646451e-06,9,-11.859789848327637,2,2
489,4,0.35660597681999207,21.12135887145996,0.8115432262420654,3.839829444885254,489,490,489,"[4.71784592,5.32371044,6.28761816,2.8500278,-3.22998405,-0.469085008,0.565989614,-0.0465437062,-6.1897583,-5.61122894,-7.33304167,-1.75630426,-6.9630003,-8.33464527,-7.13347101,-6.26500368,-5.49362135,-8.29477215,-6.88718033,-11.1713896]","[0.127799794,0.234236091,0.614148796,0.0197399966,4.51680753e-05,0.000714290072,0.00201095268,0.00108988851,2.34108757e-06,4.17512774e-06,7.46270359e-07,0.000197170739,1.08044662e-06,2.74097772e-07,9.11105417e-07,2.17139677e-06,4.69619681e-06,2.85247694e-07,1.16555054e-06,1.60665667e-08]",4.516807530308142e-05,9,-9.51760196685791,2,0,289,290,289,"[4.74759865,4.99051666,6.90964365,2.03848457,-2.74773598,-0.390153646,0.80393517,0.132176191,-6.31089926,-5.61308336,-7.4877038,-1.5414902,-7.08717299,-8.07995892,-7.39455509,-6.47589874,-5.42393494,-8.60852814,-6.80436707,-11.0635204]","[0.0903494433,0.115192294,0.785036206,0.00601689145,5.02045659e-05,0.000530430058,0.00175070972,0.000894279045,1.42324893e-06,2.85981832e-06,4.38733849e-07,0.000167729304,6.54861537e-07,2.42654181e-07,4.81564996e-07,1.20676498e-06,3.45529224e-06,1.43032096e-07,8.6890185e-07,1.2281288e-08]",5.020456592319533e-05,9,-9.657379150390625,2,0
490,4,0.1651930809020996,5.597342491149902,0.6413478851318359,0.5239459872245789,490,491,490,"[6.65760136,4.2288003,5.56014252,2.02337265,-4.32254314,-0.637341678,1.03698945,-0.0933490098,-7.31312752,-6.63704538,-7.32853794,-1.74678004,-7.4725666,-8.58613777,-7.61350203,-6.83649492,-6.34477949,-8.60200787,-7.26133347,-12.2851295]","[0.695750952,0.0613251925,0.232184634,0.00675824331,1.18532553e-05,0.000472389627,0.00252030441,0.000813866849,5.95721588e-07,1.17128423e-06,5.86611634e-07,0.00015576763,5.07925279e-07,1.66794621e-07,4.41155947e-07,9.59494514e-07,1.56888586e-06,1.64168469e-07,6.27389454e-07,4.1279149e-09]",1.1853255273308605e-05,9,-10.980144500732422,0,2,290,291,290,"[6.74629211,4.38823462,5.68648624,1.38202477,-4.59811068,-0.909194291,1.10299289,-0.0444391705,-7.30596256,-7.03672171,-7.41325521,-1.7958132,-7.57439184,-8.78487301,-7.73857689,-6.94558716,-6.5703907,-8.76800442,-7.39715481,-12.6519823]","[0.689103425,0.0651918128,0.238790229,0.00322561595,8.15592193e-06,0.000326248875,0.00244022976,0.000774653046,5.43835711e-07,7.11864516e-07,4.88507112e-07,0.000134429632,4.15805459e-07,1.23932466e-07,3.52846428e-07,7.79788422e-07,1.13480849e-06,1.2604076e-07,4.96436144e-07,2.59251509e-09]",8.155921932484489e-06,9,-11.344402313232422,0,2
491,4,0.1466606855392456,7.780086040496826,0.5713686943054199,0.617713451385498,491,492,491,"[6.44865942,4.20796585,5.54016447,2.1867907,-3.96657038,-0.521104991,1.11193907,-0.120272204,-7.13822603,-6.37459707,-7.28060293,-1.92000234,-7.37748003,-8.40845585,-7.55864143,-6.68117809,-6.23151541,-8.54345989,-7.34141922,-11.8946571]","[0.653150082,0.0694851726,0.26330474,0.00920676533,1.95765515e-05,0.000613879121,0.0031427131,0.000916562916,8.20925266e-07,1.7617466e-06,7.11983773e-07,0.000151547676,6.46244587e-07,2.30488695e-07,5.39162556e-07,1.29657258e-06,2.03274567e-06,2.01380828e-07,6.69974327e-07,7.05687553e-09]",1.9576551494537853e-05,9,-10.415229797363281,0,2,291,292,291,"[6.50173426,4.33308506,5.6422205,1.61542201,-4.15667248,-0.842998564,1.21255147,-0.107699633,-7.08189583,-6.7081356,-7.35701609,-2.00076795,-7.44533777,-8.52374458,-7.62628078,-6.77645922,-6.37724018,-8.67628765,-7.50492954,-12.2167187]","[0.644111395,0.0736425072,0.272696108,0.00486253155,1.5138191e-05,0.000416086958,0.00325011089,0.000868001021,8.12204178e-07,1.18028584e-06,6.16853754e-07,0.000130728746,5.64708785e-07,1.92078275e-07,4.71240099e-07,1.10233816e-06,1.64321216e-06,1.64903568e-07,5.32040133e-07,4.78233897e-09]",1.5138190974539611e-05,9,-10.658407211303711,0,2
492,4,0.26244020462036133,2223.602294921875,0.6117119789123535,0.3252159655094147,492,493,492,"[5.24349594,4.95872164,6.08751202,3.47012711,-3.4391346,-1.50495148,1.2837925,-0.550433695,-6.51588249,-5.81203747,-7.24125576,-1.08898842,-6.98643684,-8.66592693,-7.20909405,-5.99688864,-5.73121309,-8.37112999,-7.60943747,-11.5483875]","[0.234030977,0.176034361,0.544283152,0.0397291332,3.96693249e-05,0.000274447899,0.00446268264,0.000712855835,1.82911151e-06,3.69756822e-06,8.85552993e-07,0.000416016323,1.14256534e-06,2.13053042e-07,9.14496866e-07,3.07352366e-06,4.00882936e-06,2.86099066e-07,6.12795418e-07,1.1930279e-08]",3.9669324905844405e-05,9,-9.526646614074707,2,2,292,293,292,"[5.34685421,5.20930576,6.0735383,2.85841513,-3.39048219,-1.62024021,1.40745056,-0.37142387,-6.64765644,-5.99738455,-7.45848799,-0.846361876,-7.26183319,-8.8843441,-7.58749485,-6.2017827,-5.83630848,-8.7110424,-7.54725075,-11.7361488]","[0.246993586,0.215252966,0.510834932,0.0205102209,3.96377545e-05,0.000232763559,0.0048064501,0.000811463804,1.52593384e-06,2.92378468e-06,6.78259994e-07,0.000504668278,8.25662426e-07,1.6298776e-07,5.96168547e-07,2.38328948e-06,3.43478564e-06,1.93829095e-07,6.20650724e-07,9.41091649e-09]",3.9637754525756463e-05,9,-9.464020729064941,2,2
493,4,0.30421218276023865,8.633246421813965,0.5802345275878906,0.2859867513179779,493,494,493,"[5.57369328,4.78718901,6.40686893,2.66022754,-3.86646628,-1.061198,0.738291085,-0.23776789,-6.49642324,-6.16379881,-7.17723036,-1.61589754,-7.26759434,-8.42488956,-7.4561224,-6.46183825,-5.58622551,-8.53394032,-7.11464834,-12.1523075]","[0.261542857,0.119115524,0.601708889,0.0141984476,2.07842095e-05,0.00034359438,0.00207756413,0.000782811898,1.49815821e-06,2.08936649e-06,7.58379997e-07,0.00019730741,6.92855224e-07,2.17788809e-07,5.73806915e-07,1.5508798e-06,3.72264572e-06,1.95287939e-07,8.07357594e-07,5.23887556e-09]",2.0784209482371807e-05,9,-10.273335456848145,2,2,293,294,293,"[5.60303307,4.67717552,6.98710346,2.08340788,-3.78854895,-0.988266766,0.877289891,-0.169769421,-6.65122223,-6.23974752,-7.17361498,-1.31590533,-7.42047834,-8.28530502,-7.76833677,-6.76559591,-5.68541527,-8.77127457,-7.00924969,-12.2878103]","[0.184115425,0.0729449689,0.734825671,0.00545175513,1.53595374e-05,0.000252653408,0.00163202174,0.000572788063,8.77273806e-07,1.32384196e-06,5.20310039e-07,0.000182067844,4.06491296e-07,1.7118353e-07,2.87063671e-07,7.82461598e-07,2.3045161e-06,1.05295086e-07,6.13261022e-07,3.12748782e-09]",1.5359537428594194e-05,9,-10.775651931762695,2,2
494,4,0.28235888481140137,17.236478805541992,0.5811147689819336,0.5616642832756042,494,495,494,"[5.13424063,4.97826338,6.81978464,2.38895583,-3.36669564,-0.483675629,0.576757789,-0.199855193,-6.30918598,-5.77325201,-6.9237113,-2.32528949,-7.2917695,-8.28106689,-7.26752186,-6.3680644,-5.13565397,-8.18466282,-7.44513893,-11.3729]","[0.136332408,0.116643116,0.73556596,0.00875663385,2.77133931e-05,0.000495186949,0.00142991275,0.000657704368,1.46144316e-06,2.4976714e-06,7.9049147e-07,7.8517427e-05,5.47081356e-07,2.03425458e-07,5.60508113e-07,1.37788038e-06,4.72542206e-06,2.24012709e-07,4.69293127e-07,9.23930443e-09]",2.7713393137673847e-05,9,-10.186480522155762,2,2,294,295,294,"[5.27637434,4.81784058,7.40089941,2.09832215,-3.60965657,-0.755338967,0.715762913,-0.163798749,-6.4134326,-5.91869068,-7.02394104,-2.23325396,-7.4931345,-8.25065422,-7.46825123,-6.67379379,-5.31175041,-8.43597031,-7.45795059,-11.7713108]","[0.0993961692,0.0628392398,0.831838727,0.00414151279,1.3747248e-05,0.000238687542,0.00103925308,0.000431253342,8.32818841e-07,1.36588733e-06,4.52283047e-07,5.44476934e-05,2.82906313e-07,1.32634213e-07,2.90034251e-07,6.41914767e-07,2.50613971e-06,1.10198023e-07,2.93036919e-07,3.92332078e-09]",1.374724797642557e-05,9,-11.0105562210083,2,2
495,4,0.3900868892669678,286.0502624511719,0.6859502792358398,0.6958937048912048,495,496,495,"[5.71279478,4.53499031,7.07012653,2.17160225,-4.13234568,-0.798395216,0.437645406,-0.140701264,-6.55771542,-6.07421541,-7.20644808,-2.00231624,-7.24605989,-8.30490303,-7.39789295,-6.46582508,-5.71857357,-8.42720127,-7.42213488,-12.1923561]","[0.191103935,0.0588512421,0.742593765,0.0055379523,1.01293053e-05,0.000284116017,0.000977915595,0.000548439333,8.95890139e-07,1.4529021e-06,4.68288988e-07,8.52391968e-05,4.50101794e-07,1.56120805e-07,3.86696513e-07,9.8211467e-07,2.07343032e-06,1.38148877e-07,3.77435157e-07,3.20008708e-09]",1.0129305337613914e-05,9,-11.202472686767578,2,2,295,296,295,"[5.9891324,4.48367214,7.66975021,1.72857523,-4.23162079,-1.35399342,0.647693455,-0.169732794,-7.00977516,-6.32600164,-7.16410875,-1.53446686,-7.71709871,-8.2923975,-7.72987843,-7.15177536,-5.79436207,-8.8801651,-7.35800791,-12.6576443]","[0.15121612,0.0335571468,0.811859965,0.00213433034,5.50530467e-06,9.78405951e-05,0.000724170357,0.000319769315,3.4217183e-07,6.77958496e-07,2.93236639e-07,8.16846587e-05,1.6867773e-07,9.48874685e-08,1.66535713e-07,2.96875498e-07,1.1536963e-06,5.27162136e-08,2.41551021e-07,1.20616273e-09]",5.505304670805344e-06,9,-11.901371002197266,2,2
496,4,0.3409789204597473,19.32118797302246,0.5021896362304688,1.141418218612671,496,497,496,"[5.49833488,4.82728624,6.22421312,2.77310538,-4.12699747,-1.05337048,0.814936817,-0.178327635,-6.50010443,-5.99849749,-7.11029863,-1.82124424,-7.19167995,-8.26810551,-7.39648151,-6.59794569,-5.54862309,-8.36052132,-7.08794832,-11.9977837]","[0.273363739,0.139735967,0.564918518,0.0179138388,1.80514526e-05,0.000390275614,0.00252794079,0.000936262775,1.68222823e-06,2.77798608e-06,9.13862777e-07,0.000181087249,8.42436691e-07,2.87112186e-07,6.86425039e-07,1.52543259e-06,4.35620041e-06,2.61767866e-07,9.34517857e-07,6.89085899e-09]",1.8051452570944093e-05,9,-10.351210594177246,2,0,296,297,296,"[5.53881454,4.52338457,6.72640276,2.3029325,-4.25629997,-1.11880493,1.0307399,0.0252187885,-6.63173294,-6.11939001,-7.00356913,-1.59339678,-7.28930044,-8.00688553,-7.57293558,-6.90735435,-5.74585438,-8.48564529,-7.00873852,-12.2356329]","[0.212857917,0.0771070644,0.697995842,0.00837074686,1.18611233e-05,0.000273352081,0.00234562089,0.000858154846,1.10277892e-06,1.84075475e-06,7.60330181e-07,0.000170063009,5.71360545e-07,2.78783602e-07,4.30258581e-07,8.37119671e-07,2.67436189e-06,1.72720732e-07,7.56408781e-07,4.06204892e-09]",1.1861123311973643e-05,9,-10.982702255249023,2,0
497,4,0.17191553115844727,13.489912986755371,0.3588477373123169,1.4488844871520996,497,498,497,"[5.11694336,4.62268782,6.81883335,2.28180504,-3.97302222,-0.621623278,0.886779368,0.0591588207,-6.309021,-5.85077858,-6.87790155,-2.25617957,-7.0782814,-8.24997997,-7.10428429,-6.38211203,-5.44657612,-8.13770676,-7.46465206,-11.677063]","[0.139314681,0.0849854201,0.764043927,0.0081792213,1.57135873e-05,0.000448506762,0.00202702894,0.000885990332,1.51972165e-06,2.4031242e-06,8.60402622e-07,8.74763427e-05,7.04171555e-07,2.18180446e-07,6.8609711e-07,1.41260523e-06,3.60013428e-06,2.44104569e-07,4.78497213e-07,7.08684622e-09]",1.5713587345089763e-05,9,-10.791855812072754,2,2,297,298,297,"[5.27513647,4.63866472,7.1488018,1.9229573,-4.16432619,-0.679521859,1.01867163,0.144873112,-6.47893143,-5.9867053,-6.9788022,-2.10277748,-7.30327225,-8.2050724,-7.38748074,-6.64918709,-5.7078743,-8.4125452,-7.50424671,-11.9386129]","[0.123460852,0.0653300658,0.803992152,0.00432211626,9.81799803e-06,0.000320224033,0.00174972601,0.000730271277,9.70068641e-07,1.58698697e-06,5.88452679e-07,7.71510749e-05,4.25398326e-07,1.72642999e-07,3.91043386e-07,8.18203603e-07,2.09733753e-06,1.40295938e-07,3.47947804e-07,4.12755918e-09]",9.817998034122866e-06,9,-11.313127517700195,2,2
498,4,0.37972599267959595,15.998836517333984,0.5801668167114258,0.5038359761238098,498,499,498,"[5.55903673,4.52627134,6.36713076,2.71462297,-4.43380928,-1.3812232,0.556904793,0.168744877,-6.29634571,-6.24050379,-7.15176153,-1.99655592,-7.07288551,-8.26111221,-7.01010084,-6.31883478,-5.657763,-8.18778515,-7.50309181,-12.4808655]","[0.272428572,0.0969903022,0.611228228,0.0158467218,1.24570433e-05,0.000263715745,0.00183169998,0.00124244927,1.93430628e-06,2.04539538e-06,8.22286381e-07,0.000142528093,8.89771911e-07,2.71167977e-07,9.47426543e-07,1.89129207e-06,3.66318091e-06,2.91798813e-07,5.78685331e-07,3.98678557e-09]",1.2457043339964002e-05,9,-10.800939559936523,2,2,298,299,298,"[5.66744328,4.54136848,6.83073521,2.32768226,-4.41179085,-1.96139002,0.837493479,0.124355301,-6.64314413,-6.51440954,-6.91799545,-1.46045423,-7.46431732,-8.27505684,-7.30241442,-6.80560923,-5.80920792,-8.42132664,-7.36013746,-12.8156376]","[0.218652442,0.0709098056,0.699786603,0.00775022758,9.1706097e-06,0.000106314852,0.00174636021,0.00085589767,9.84769144e-07,1.12006467e-06,7.48113223e-07,0.000175447771,4.33214296e-07,1.92576422e-07,5.0935023e-07,8.37098014e-07,2.26729321e-06,1.66371663e-07,4.80781921e-07,2.05425299e-09]",9.170609700959176e-06,9,-11.242526054382324,2,2
499,4,0.2240923047065735,26.403106689453125,0.5732921957969666,0.7261924743652344,499,500,499,"[6.18072987,4.71711493,5.31934786,2.56538415,-4.56208801,-0.789449394,0.702546597,0.270863682,-6.65732527,-6.08405542,-7.64001846,-2.61142206,-7.25703096,-7.86903572,-7.24599838,-6.4213357,-6.03093529,-8.50683022,-7.89254522,-11.8927746]","[0.592098713,0.137010619,0.250207692,0.0159319639,1.27893236e-05,0.000556267682,0.00247314363,0.00160609698,1.57361251e-06,2.79167807e-06,5.89005481e-07,8.99519946e-05,8.63870355e-07,4.68444796e-07,8.73454212e-07,1.99244505e-06,2.94398319e-06,2.47552805e-07,4.5756056e-07,8.3785805e-09]",1.2789323591277935e-05,9,-10.742817878723145,0,2,299,300,299,"[6.36514902,4.63708639,5.55175972,2.2106545,-4.53988266,-1.36274159,0.847280443,0.290917516,-6.78767252,-6.46229601,-7.60528469,-2.44058394,-7.46113968,-8.06958389,-7.27529335,-6.81895256,-6.21042061,-8.74821663,-7.88030052,-12.3208809]","[0.608415544,0.108071767,0.269742757,0.00954830181,1.11739164e-05,0.000267929223,0.00244242069,0.0014002159,1.18032619e-06,1.63422271e-06,5.21096069e-07,9.11841125e-05,6.01893362e-07,3.27548491e-07,7.24822428e-07,1.14397869e-06,2.10232565e-06,1.66168689e-07,3.95804165e-07,4.66617278e-09]",1.1173916391271632e-05,9,-10.905031204223633,0,2
500,4,6.356861114501953,54.96321487426758,8.80254077911377,17.647884368896484,500,1,0,"[14.3012438,-0.276141524,-3.39309859,-0.563101768,-6.93275118,-6.7505703,-0.907109976,1.66526389,-7.75763655,-9.26132774,-5.7274189,-4.05865955,-7.57009888,-7.02830505,-5.36855602,-7.63860464,-8.01532936,-7.05940151,-8.83694363,-15.6455507]","[0.999995708,4.66788663e-07,2.06748894e-08,3.5034418e-07,6.00055061e-10,7.19964366e-10,2.48367002e-07,3.25283418e-06,2.62995486e-10,5.84659404e-11,2.0029034e-09,1.06265787e-08,3.17245258e-10,5.45372469e-10,2.86756108e-09,2.96239672e-10,2.03251221e-10,5.28673771e-10,8.93739666e-11,9.86894011e-14]",6.000550611950928e-10,11,-21.23399543762207,0,0,300,301,300,"[6.42424393,4.59717226,5.40944242,2.23867965,-4.49065924,-1.40158653,0.718216002,0.345996231,-6.76870537,-6.46914196,-7.62259388,-2.4734726,-7.38933849,-8.07558537,-7.21953392,-6.72312307,-6.14836884,-8.70392132,-7.89005947,-12.378006]","[0.64735043,0.104148336,0.234647959,0.00984854065,1.17721838e-05,0.000258478394,0.00215299497,0.00148385018,1.20646393e-06,1.62784693e-06,5.13659927e-07,8.84932742e-05,6.48600462e-07,3.26545745e-07,7.68638245e-07,1.26272937e-06,2.24348491e-06,1.7420524e-07,3.93112543e-07,4.420039e-09]",1.1772183825087268e-05,9,-10.91490364074707,0,2
501,4,6.510641098022461,928.3128662109375,8.900032043457031,11.492517471313477,1,2,1,"[14.3587742,-0.43779251,-3.59906697,-0.614085317,-6.96642971,-6.73880768,-0.878835559,1.71451855,-7.69497633,-9.19853878,-5.63860083,-4.03504896,-7.50090647,-6.94113159,-5.22189093,-7.52911854,-8.0434103,-6.97282457,-8.79576492,-15.5977907]","[0.999995828,3.7491327e-07,1.58857087e-08,3.14317077e-07,5.47747292e-10,6.87756629e-10,2.41206124e-07,3.226025e-06,2.64347877e-10,5.87743187e-11,2.06656159e-09,1.02721671e-08,3.20966503e-10,5.61780511e-10,3.13489634e-09,3.12037479e-10,1.86575019e-10,5.44255363e-10,8.79244455e-11,9.77297873e-14]",5.477472919679371e-10,12,-21.32520294189453,0,0,301,302,301,"[6.20287657,4.59354591,5.30096531,2.41579318,-4.27484608,-1.51037216,0.733587384,0.341510564,-6.70945168,-6.27182817,-7.42067432,-2.42856264,-7.2550683,-7.94147635,-7.09604788,-6.53785038,-5.94266891,-8.50444221,-7.85404348,-12.2356119]","[0.61116761,0.122246638,0.248007759,0.0138500324,1.72085165e-05,0.000273110752,0.00257559866,0.00174020941,1.50802043e-06,2.33595711e-06,7.40504277e-07,0.000109037013,8.73874626e-07,4.39891863e-07,1.02449735e-06,1.79033032e-06,3.24651e-06,2.50525972e-07,4.80084339e-07,6.00380723e-09]",1.720851651043631e-05,9,-10.47772216796875,0,0
502,4,4.928778648376465,200.89381408691406,5.957210540771484,3.5438759326934814,2,3,2,"[6.80835485,10.8290977,1.46031594,0.867777705,-5.43833256,-4.68700552,-5.30664206,1.30506778,-7.06068802,-7.57060194,-6.60823202,-1.17627966,-8.645154,-9.75158596,-8.52933788,-6.95770884,-4.07776833,-9.54103851,-6.24311733,-15.1940441]","[0.0176197942,0.982171416,8.38256528e-05,4.63490651e-05,8.45926209e-08,1.7932031e-07,9.64995195e-08,7.17717776e-05,1.67013674e-08,1.00299564e-08,2.62574034e-08,6.00230396e-06,3.42474005e-09,1.13268595e-09,3.84525434e-09,1.85129121e-08,3.29774906e-07,1.39813627e-09,3.78284106e-08,4.90321802e-12]",8.459262090809716e-08,10,-16.26742935180664,1,1,302,303,302,"[4.68792677,5.20409822,6.63549423,2.96620345,-3.48728728,-0.943299592,0.650568604,-9.6257776e-05,-5.84044647,-5.58579636,-7.32323503,-0.952604055,-7.05890846,-7.98389435,-7.36574745,-6.16768932,-5.3117075,-8.50970745,-6.92981434,-11.6855164]","[0.101006068,0.169245809,0.708215296,0.018055629,2.84378675e-05,0.000362023595,0.00178215327,0.000929747359,2.7035419e-06,3.48759636e-06,6.13714519e-07,0.000358670775,7.9939565e-07,3.1698994e-07,5.88170565e-07,1.94900667e-06,4.58734621e-06,1.87364691e-07,9.09550124e-07,7.82440779e-09]",2.8437867513275705e-05,9,-10.122781753540039,2,2
503,4,2.707170248031616,131.3651885986328,5.745058059692383,2.805361270904541,3,4,3,"[4.09123182,4.67038536,13.7897215,-1.3592304,-5.81936741,-1.51355433,0.857577324,-1.52984929,-7.80019951,-6.74958992,-5.80657911,-1.57069504,-8.01997375,-7.78993177,-7.73924875,-8.42549229,-5.15564108,-8.13271427,-5.47211456,-12.9255028]","[6.13654556e-05,0.000109508277,0.999825776,2.63522821e-07,3.04652836e-09,2.25837454e-07,2.41860812e-06,2.22187367e-07,4.20282364e-10,1.20175281e-09,3.08573411e-09,2.13294797e-07,3.37360001e-10,4.24618951e-10,4.46695875e-10,2.2489488e-10,5.91640781e-09,3.013918e-10,4.31136504e-09,2.49832793e-12]",3.0465283629155238e-09,12,-19.609088897705078,2,2,303,304,303,"[4.75449562,4.95660257,8.04466343,2.45390201,-4.70382595,-0.189848959,0.845066965,-0.106406793,-6.13149548,-5.76303673,-7.46472836,-1.96695673,-7.55762148,-8.15243149,-7.18893003,-6.80704308,-6.24229431,-8.38655186,-7.30101824,-11.8463945]","[0.0342373773,0.0419058278,0.919183493,0.00343056372,2.67179803e-06,0.000243892777,0.000686526415,0.000265116774,6.40876863e-07,9.26390783e-07,1.6895028e-07,4.12487389e-05,1.5396293e-07,8.49363673e-08,2.22605749e-07,3.26127946e-07,5.73660998e-07,6.72073668e-08,1.99002045e-07,2.11264384e-09]",2.6717980290413834e-06,9,-12.748489379882812,2,0
504,4,2.547213554382324,549.630859375,4.579565048217773,2.2815704345703125,4,5,4,"[10.0357714,4.41762161,6.37103558,-1.48662269,-5.87678194,-5.13635778,1.00772154,-1.29565477,-10.2863064,-8.18872261,-6.46973228,-3.46182895,-9.8620882,-9.81330204,-9.04598141,-10.5852566,-6.7848649,-9.39090538,-8.21669865,-16.7420502]","[0.971452832,0.00352768903,0.0248798188,9.62297872e-06,1.19313015e-07,2.50178232e-07,0.000116570765,1.16478577e-05,1.4509588e-09,1.18201813e-08,6.59435244e-08,1.33502158e-06,2.21763585e-09,2.32850872e-09,5.01558706e-09,1.07602582e-09,4.81184941e-08,3.55240792e-09,1.14940715e-08,2.28014265e-12]",1.193130145793475e-07,9,-15.912553787231445,0,0,304,305,304,"[5.51660824,5.46052122,7.05808735,1.90521157,-4.16082382,-1.12152779,0.558912098,-0.0228991322,-6.97353745,-5.94397259,-6.80375385,-1.81262946,-8.12723446,-8.7607069,-7.85386467,-6.93092728,-5.76408672,-8.57329369,-7.44902468,-12.1624851]","[0.15021798,0.142024621,0.70174247,0.00405800156,9.41600138e-06,0.000196705325,0.00105589791,0.000590125564,5.65354128e-07,1.58290516e-06,6.69971996e-07,9.85540173e-05,1.78351328e-07,9.46591712e-08,2.34422515e-07,5.89964486e-07,1.89486514e-06,1.14170852e-07,3.5141386e-07,3.15347659e-09]",9.416001375939231e-06,9,-11.218911170959473,2,2
505,4,2.4906322956085205,132.34808349609375,4.019489288330078,3.172473669052124,5,6,5,"[9.41792965,5.81547785,3.72091818,-0.750692487,-6.32527828,-3.6759901,1.1020726,-1.14861131,-9.51966763,-7.7797513,-7.12827969,-3.41585445,-9.15546131,-9.65069103,-8.75695133,-9.32952309,-7.27769566,-9.15329647,-8.87804127,-15.9584551]","[0.970001161,0.0264391415,0.00325530441,3.72045324e-05,1.41118505e-07,1.99597525e-06,0.000237269254,2.49909008e-05,5.78466564e-09,3.29544534e-08,6.32186001e-08,2.58899149e-06,8.326281e-09,5.07429299e-09,1.24028583e-08,6.99610903e-09,5.44445413e-08,8.34432612e-09,1.09883649e-08,9.24588271e-12]",1.4111850532572134e-07,9,-15.743207931518555,0,0,305,306,305,"[5.8272047,5.05312634,6.23781919,1.63085961,-4.56322765,-0.620663702,1.12359083,0.0953591764,-6.98744297,-5.89433861,-7.02401304,-2.16698408,-7.94151068,-8.58896637,-7.69812965,-6.95398331,-6.17536354,-8.5203104,-7.71168423,-11.9389658]","[0.33353281,0.153801501,0.502882063,0.00501982914,1.02478161e-05,0.000528280856,0.00302263047,0.00108100998,9.07419235e-07,2.7073022e-06,8.74833063e-07,0.000112539768,3.49511112e-07,1.82925731e-07,4.45820746e-07,9.38293908e-07,2.04403887e-06,1.9592602e-07,4.39819019e-07,6.41782893e-09]",1.0247816135233734e-05,9,-10.801046371459961,2,0
506,4,1.7673945426940918,1127.71435546875,3.79727840423584,4.179346084594727,6,7,6,"[8.48012066,5.01865101,5.63287115,-0.527731419,-5.05136395,-3.21271133,1.03830421,-1.59509206,-8.69977093,-7.26795673,-7.27054739,-3.46905375,-8.59202385,-9.26427555,-8.2848711,-8.31274319,-6.38931561,-8.96590328,-8.62285328,-15.8645325]","[0.91730082,0.028788209,0.0532067902,0.000112318565,1.21860433e-06,7.66265657e-06,0.000537739601,3.86280335e-05,3.17233351e-08,1.32803251e-07,1.32459576e-07,5.92995593e-06,3.53324765e-08,1.80392501e-08,4.80361741e-08,4.6715698e-08,3.19740508e-07,2.4310788e-08,3.42597808e-08,2.45336893e-11]",1.2186043250039802e-06,9,-13.531484603881836,0,0,306,307,306,"[5.7927413,4.61713743,6.49006176,1.67784071,-4.54227924,-0.508807957,1.05592537,-0.0681810528,-6.80842686,-5.84971476,-6.94407034,-2.47917008,-7.61039448,-8.185606,-7.49474239,-6.63242483,-5.99210548,-8.4108429,-7.71438408,-12.0672541]","[0.298766673,0.0922091231,0.60003227,0.00487813214,9.70263682e-06,0.000547777279,0.00261914264,0.000851071265,1.0062696e-06,2.62468961e-06,8.78627816e-07,7.63636708e-05,4.51257307e-07,2.53870979e-07,5.06583831e-07,1.19991603e-06,2.27634564e-06,2.02672069e-07,4.06688741e-07,5.23401189e-09]",9.702636816655286e-06,9,-11.032341003417969,2,2
507,4,2.02266263961792,78.5169448852539,3.6234664916992188,3.180600643157959,7,8,7,"[8.69910145,4.13711882,6.66170597,-0.776748896,-4.23425817,-3.68101549,1.53417814,-2.17348075,-8.82411766,-7.23295546,-7.4902916,-3.73554397,-8.48416042,-9.19652176,-8.16377068,-8.43929291,-6.19523764,-9.08891582,-8.54674149,-15.9981127]","[0.875894964,0.00914551411,0.114188515,6.71649395e-05,2.11624297e-06,3.67989401e-06,0.000677275646,1.66168793e-05,2.1488944e-08,1.05498877e-07,8.15619359e-08,3.48460912e-06,3.0189522e-08,1.48074806e-08,4.15910755e-08,3.15748636e-08,2.97798806e-07,1.64897589e-08,2.83581034e-08,1.64660039e-11]",2.1162429675314343e-06,9,-12.933359146118164,0,0,307,308,307,"[5.92078829,4.32768583,6.68638515,1.69377935,-4.57742357,-0.833273768,1.21824133,-0.321948826,-6.87920952,-5.90089846,-6.81749964,-2.79499125,-7.51277781,-7.90516329,-7.47175741,-6.6441288,-6.04101562,-8.39896107,-7.73854208,-12.3746462]","[0.295808077,0.0601359792,0.636069417,0.00431760959,8.16007832e-06,0.00034495155,0.00268361252,0.000575206359,8.16660645e-07,2.1722833e-06,8.68643667e-07,4.85059427e-05,4.33397275e-07,2.9273545e-07,4.51545532e-07,1.03308457e-06,1.88827221e-06,1.78657757e-07,3.45810662e-07,3.35277028e-09]",8.160078323271591e-06,9,-11.263809204101562,2,2
508,4,1.8971965312957764,424.2091369628906,3.1360645294189453,1.8154752254486084,8,9,8,"[9.05773926,2.65221214,5.77897644,-1.18634498,-3.87114096,-4.28278255,0.980330825,0.675056279,-8.32184696,-8.32655239,-8.09819317,-0.969231367,-7.72969055,-9.62257957,-8.09353638,-8.13234997,-6.88690186,-9.75233555,-7.33506823,-15.2877502]","[0.961584032,0.00158892048,0.0362275206,3.42009298e-05,2.33370361e-06,1.54622342e-06,0.000298547297,0.00022000591,2.72351173e-08,2.71072143e-08,3.40612054e-08,4.24941463e-05,4.92378547e-08,7.41699235e-09,3.42202249e-08,3.29174306e-08,1.14371446e-07,6.51442367e-09,7.30603347e-08,2.56965907e-11]",2.3337036054726923e-06,8,-12.92888069152832,0,0,308,309,308,"[5.92167473,3.90672517,7.56736279,0.967434883,-4.47492266,-1.75357223,1.46761274,-0.0624814741,-6.98235703,-7.06050158,-7.25461197,-0.408939749,-7.15875769,-8.5618372,-7.83623552,-6.60066366,-6.13301563,-9.00634098,-6.70389605,-12.8853397]","[0.157693759,0.0210248567,0.817575336,0.00111228344,4.81536745e-06,7.31976324e-05,0.00183417171,0.000397126219,3.92341946e-07,3.62849732e-07,2.98831196e-07,0.000280843116,3.28893378e-07,8.08546901e-08,1.67043595e-07,5.74688215e-07,9.17337331e-07,5.18393648e-08,5.18320746e-07,1.07159914e-09]",4.815367447008612e-06,9,-12.042285919189453,2,0
509,4,1.1396838426589966,343.9140930175781,2.1778857707977295,4.657755374908447,9,10,9,"[6.97591972,5.20818806,7.43944263,-0.467582703,-3.24792385,-1.51288044,0.39119336,0.307989389,-8.00341129,-7.77703524,-8.35984039,-2.02465463,-8.17620277,-9.5212698,-8.44785404,-8.91307545,-7.0265727,-9.80970573,-7.38892317,-13.3747864]","[0.361795813,0.0617657043,0.57513392,0.000211734325,1.31312081e-05,7.44430363e-05,0.000499750488,0.000459852192,1.12985497e-07,1.41689071e-07,7.91092205e-08,4.46234772e-05,9.50560874e-08,2.47642475e-08,7.24442089e-08,4.54946765e-08,3.00094854e-07,1.8559172e-08,2.08877537e-07,5.25126276e-10]",1.3131208106642589e-05,9,-10.687366485595703,2,2,309,310,309,"[5.53751326,4.48140001,7.60376787,1.71030307,-3.95108533,-0.73151511,1.01474023,-0.0325187482,-6.68738508,-6.18564606,-7.60269117,-1.95044982,-7.53220987,-8.18730736,-7.38087368,-7.23792601,-6.12679958,-8.73139572,-7.24674273,-11.8853807]","[0.107735321,0.0374708883,0.85059166,0.00234542624,8.15665408e-06,0.000204057971,0.00116988411,0.000410510198,5.28630551e-07,8.73081831e-07,2.1166052e-07,6.03083245e-05,2.27116928e-07,1.17962642e-07,2.64224894e-07,3.04828347e-07,9.26000496e-07,6.84620503e-08,3.02152557e-07,2.92207392e-09]",8.156654075719416e-06,9,-11.554853439331055,2,2
510,4,0.6508356332778931,116.41302490234375,1.0430158376693726,1.7636420726776123,10,11,10,"[6.58818245,4.84166908,7.39863873,0.591398835,-3.53138804,-1.86227298,0.77534318,0.203322038,-7.42204237,-6.57777739,-7.61094189,-1.72839189,-8.40700436,-9.30820274,-8.25495148,-7.60280943,-5.85724545,-9.51122379,-7.6731472,-12.5157356]","[0.291461438,0.0508253053,0.655477524,0.000724788057,1.17410627e-05,6.23153246e-05,0.000871158554,0.000491667422,2.39893239e-07,5.58055774e-07,1.98600247e-07,7.12423862e-05,8.95889087e-08,3.63805412e-08,1.04301449e-07,2.00222033e-07,1.14709792e-06,2.96959897e-08,1.86622827e-07,1.47182211e-09]",1.1741062735382002e-05,9,-10.93002700805664,2,2,310,311,310,"[5.67921495,5.30634069,7.38864994,1.63441467,-4.27086258,-1.07820606,0.636557102,-0.121725917,-7.12103653,-6.15914059,-7.03362942,-1.53678071,-7.99453545,-8.78336334,-7.8558054,-7.0755887,-5.67783403,-8.97737598,-7.52066183,-12.2686024]","[0.138053611,0.0950846747,0.762861907,0.00241776067,6.58845465e-06,0.000160449024,0.000891352014,0.000417571719,3.81038376e-07,9.97046186e-07,4.15843203e-07,0.000101433354,1.5907905e-07,7.22818712e-08,1.82752402e-07,3.98755475e-07,1.61340654e-06,5.95348411e-08,2.55513754e-07,2.21518159e-09]",6.588454652955988e-06,9,-11.659512519836426,2,2
511,4,0.7893681526184082,54.661170959472656,1.9739410877227783,18.97273063659668,11,12,11,"[6.84444094,5.42158079,5.76923895,0.0669845641,-4.55117989,-2.45138073,1.05780065,-0.0449051149,-7.60730696,-7.70214176,-7.14775705,-2.24124336,-8.16267586,-9.62394238,-8.15892124,-7.56902599,-6.93602562,-8.89538574,-7.82902718,-13.7261391]","[0.629842162,0.151806861,0.214920312,0.000717496616,7.08233893e-06,5.78239124e-05,0.00193252822,0.000641544408,3.33362948e-07,3.03201233e-07,5.27834004e-07,7.13459594e-05,1.9130394e-07,4.43714399e-08,1.92023379e-07,3.46371678e-07,6.52305914e-07,9.19415939e-08,2.67070362e-07,7.33740568e-10]",7.082338925101794e-06,9,-11.395620346069336,0,0,311,312,311,"[5.87901258,4.72009325,5.87146664,1.33786464,-4.57519388,-0.477439642,1.30375779,0.00260375813,-6.81324673,-6.15323162,-7.05170059,-2.22849345,-7.56870842,-8.34104919,-7.40607643,-6.67909861,-6.19089222,-8.51763821,-7.7758131,-11.9972305]","[0.428785384,0.134563625,0.425561965,0.00457135122,1.23604923e-05,0.000744162477,0.00441806391,0.00120267412,1.3184449e-06,2.55095574e-06,1.03872935e-06,0.000129179898,6.19396474e-07,2.86118137e-07,7.28784187e-07,1.50772303e-06,2.45667161e-06,2.39802745e-07,5.03529293e-07,7.3907076e-09]",1.236049229191849e-05,9,-10.454206466674805,0,0
512,4,0.6487099528312683,38.706687927246094,2.191204071044922,6.989217281341553,12,13,12,"[6.83581972,4.5396266,6.07914877,-0.221007138,-4.48747349,-2.78975558,1.22639644,-0.0918341428,-7.43858337,-7.47161722,-6.8372674,-2.96623182,-7.8839159,-9.00107193,-7.74390554,-7.35349321,-6.56598806,-8.65773296,-7.89438152,-14.0618715]","[0.634714365,0.0638784468,0.297824442,0.000546811032,7.67245547e-06,4.19029129e-05,0.00232507405,0.000622209336,4.01128972e-07,3.88094435e-07,7.31866805e-07,3.51237977e-05,2.56967496e-07,8.4082167e-08,2.95586148e-07,4.36755158e-07,9.5994676e-07,1.18526017e-07,2.54292189e-07,5.33121436e-10]",7.672455467400141e-06,9,-11.323293685913086,0,0,312,313,312,"[5.94206047,4.34642553,6.08258724,1.32365978,-4.734375,-0.598551631,1.24258065,-0.129802033,-6.76970053,-6.07396317,-6.81166935,-2.46291041,-7.42923212,-8.13529778,-7.26393032,-6.58744478,-5.97146273,-8.40149307,-7.7400136,-12.2527599]","[0.420759708,0.0853215456,0.48424387,0.00415229565,9.71217924e-06,0.000607410562,0.00382891786,0.000970638881,1.26878103e-06,2.54413976e-06,1.21663322e-06,9.41459293e-05,6.56077759e-07,3.23828232e-07,7.74007617e-07,1.52243558e-06,2.81874986e-06,2.48146165e-07,4.80822393e-07,5.27380006e-09]",9.712179235066287e-06,9,-10.816962242126465,2,0
513,4,0.6193859577178955,62.25916290283203,2.0461349487304688,13.737298011779785,13,14,13,"[6.94286919,3.81931114,6.56377029,-0.114117697,-4.00746632,-2.97586441,1.39596581,-0.355273664,-7.45895863,-7.06313992,-6.74592113,-3.31942368,-7.69667244,-8.68268776,-7.60655022,-7.32598162,-6.33794451,-8.64788437,-7.96217346,-14.1185188]","[0.576693237,0.0253746957,0.394733787,0.000496746041,1.01221931e-05,2.83983827e-05,0.00224882271,0.000390302768,3.2085623e-07,4.76664042e-07,6.5460415e-07,2.01413095e-05,2.52972143e-07,9.43737604e-08,2.76829468e-07,3.66489445e-07,9.84374992e-07,9.77163026e-08,1.93984505e-07,4.11245427e-10]",1.012219308904605e-05,9,-10.950335502624512,0,2,313,314,313,"[6.09814835,4.1129446,6.18745518,1.45355105,-4.62932777,-0.929729521,1.23701465,-0.276251882,-6.81042814,-6.02040052,-6.77606583,-2.52354383,-7.31104946,-8.05636406,-7.30024338,-6.56321955,-5.97821188,-8.43499947,-7.75032663,-12.4533634]","[0.444258481,0.0610200688,0.485759377,0.00427083578,9.74433169e-06,0.000393973663,0.00343931722,0.000757301692,1.10030328e-06,2.4244714e-06,1.13876888e-06,8.00354974e-05,6.66952872e-07,3.16525785e-07,6.74199043e-07,1.40887789e-06,2.52894461e-06,2.16755353e-07,4.29852321e-07,3.89776922e-09]",9.744331691763364e-06,9,-10.81678295135498,2,2
514,4,1.6180760860443115,1653.7069091796875,2.5197744369506836,6.727819919586182,14,15,14,"[7.52376842,2.77935719,7.69666672,-0.294187903,-3.79107404,-3.81638837,1.91817868,-0.719252884,-7.89109802,-7.03250551,-7.08446074,-3.71246862,-7.69474411,-8.44910049,-7.69622993,-7.64397287,-6.51667643,-8.99550533,-7.94277573,-14.2673864]","[0.454168022,0.00395134324,0.539889991,0.00018277693,5.53659766e-06,5.39820167e-06,0.00167008967,0.000119486256,9.17540177e-08,2.16524626e-07,2.05562074e-07,5.98936185e-06,1.11660746e-07,5.25155208e-08,1.11494955e-07,1.1747634e-07,3.62684489e-07,3.0407918e-08,8.71328112e-08,1.5611254e-10]",5.5365976550092455e-06,8,-11.487740516662598,2,0,314,315,314,"[6.10482121,4.11146784,6.18962955,1.68505538,-4.49547863,-1.29661381,1.31653249,-0.261815101,-6.81777763,-5.98236179,-6.8405776,-2.41554737,-7.30351639,-7.94531393,-7.3573513,-6.57407379,-6.01811886,-8.54274368,-7.68345165,-12.3702936]","[0.444901824,0.0606124476,0.484279394,0.00535530504,1.10818546e-05,0.000271557423,0.00370456185,0.00076430937,1.08655377e-06,2.50534345e-06,1.06206016e-06,8.86982598e-05,6.68494067e-07,3.5185866e-07,6.33457319e-07,1.3864061e-06,2.41734256e-06,1.93601167e-07,4.57186474e-07,4.2133137e-09]",1.1081854609074071e-05,9,-10.685108184814453,2,0
515,4,2.72542142868042,83.21582794189453,3.632805824279785,2.6414237022399902,15,16,15,"[9.44383526,2.96466875,5.43147945,-0.793861389,-4.6347456,-5.43583965,0.41571027,0.746450663,-8.70538712,-8.52947712,-7.59284925,-2.47017527,-8.02573872,-9.72035599,-7.88896847,-7.89032125,-6.7787118,-9.3912344,-8.02919483,-15.4379539]","[0.980433762,0.0015050536,0.017736759,3.50948285e-05,7.53647555e-07,3.3826538e-07,0.000117639582,0.000163754026,1.28620661e-08,1.53358499e-08,3.91273431e-08,6.56491375e-06,2.53792436e-08,4.66138905e-09,2.90989437e-08,2.90596223e-08,8.83192612e-08,6.47815623e-09,2.52916816e-08,1.53247744e-11]",7.536475550296018e-07,8,-14.078580856323242,0,0,315,316,315,"[5.81102943,4.69841385,7.54713202,1.3030628,-4.88327217,-1.95089877,1.33701777,-0.502701104,-7.30930996,-7.12316275,-6.98973131,-0.129538074,-7.36745548,-8.50272751,-7.99086285,-6.53394747,-6.02175045,-8.91688919,-6.99590683,-13.09062]","[0.142222881,0.0467483923,0.807140648,0.00156741671,3.22473056e-06,6.05350542e-05,0.00162155158,0.000257603097,2.85021912e-07,3.43337462e-07,3.92346408e-07,0.000374122465,2.68921781e-07,8.64140617e-08,1.44172873e-07,6.18890908e-07,1.03289995e-06,5.71105403e-08,3.89931103e-07,8.79199047e-10]",3.2247305625787703e-06,9,-12.430404663085938,2,0
516,4,1.2192986011505127,24.885942459106445,1.7207081317901611,3.6939151287078857,16,17,16,"[6.01833725,5.13714743,6.89717627,-0.229923159,-3.12921214,-2.43416119,-0.250766814,0.967226446,-6.71099281,-7.50286627,-7.65469074,-2.29279876,-7.67405033,-9.04665375,-7.56603956,-7.70306444,-6.47894812,-9.01264858,-6.75087118,-13.3129835]","[0.260878384,0.10807921,0.62822181,0.00050449057,2.77784457e-05,5.56627165e-05,0.00049408403,0.00167020026,7.72966132e-07,3.5014989e-07,3.0082731e-07,6.41147126e-05,2.95059408e-07,7.47817879e-08,3.2871398e-07,2.86621656e-07,9.74845989e-07,7.7368405e-08,7.42747716e-07,1.04942721e-09]",2.7778445655712858e-05,9,-10.026388168334961,2,2,316,317,316,"[5.37224245,4.80459976,7.06520748,0.493241459,-3.27680731,-0.713452995,0.6755445,0.42499736,-6.67322397,-6.32047272,-7.3905201,-1.84817696,-7.22306395,-8.35663223,-7.52680302,-6.96794033,-5.66989946,-8.95860195,-6.89645576,-12.0247593]","[0.142257676,0.0806401968,0.77325201,0.00108181348,2.49368331e-05,0.00032366204,0.00129815203,0.00101044902,8.35210301e-07,1.18848686e-06,4.07641807e-07,0.000104060957,4.81952043e-07,1.55132057e-07,3.55706163e-07,6.22017183e-07,2.27789747e-06,8.49706723e-08,6.6811026e-07,3.95962685e-09]",2.4936833142419346e-05,9,-10.34201431274414,2,2
517,4,1.0019426345825195,12.543718338012695,1.5999023914337158,14.700693130493164,17,18,17,"[6.2791872,4.49560213,8.53827953,-0.108831763,-2.42811656,-1.73748147,1.12601817,-0.522745013,-8.02963829,-7.40360403,-7.34580564,-1.9486059,-8.32962036,-9.3585062,-8.18094921,-8.18733501,-6.39975166,-9.31310177,-6.87964153,-12.8076038]","[0.0930078775,0.0156285465,0.890494168,0.000156400638,1.53810361e-05,3.06849179e-05,0.000537683605,0.000103389881,5.67905651e-08,1.06208489e-07,1.12528035e-07,2.48447577e-05,4.20721591e-08,1.50368127e-08,4.88160126e-08,4.85052745e-08,2.89818786e-07,1.57352869e-08,1.79354814e-07,4.7778459e-10]",1.5381036064354703e-05,9,-10.96639633178711,2,2,317,318,317,"[5.47845125,5.36057329,7.72416306,1.49107063,-4.0076375,-0.494826049,0.986919522,-0.167887941,-7.63736677,-6.25592422,-7.41579008,-1.61554885,-8.03605556,-8.82402992,-7.91479111,-7.53353643,-6.28882504,-8.93596268,-7.26314068,-11.6160679]","[0.0879298076,0.0781524181,0.830685019,0.00163094304,6.67391078e-06,0.000223859257,0.00098511891,0.000310428848,1.77014385e-07,7.04630793e-07,2.20921535e-07,7.29879175e-05,1.18812146e-07,5.40315597e-08,1.34129678e-07,1.96381905e-07,6.81825725e-07,4.83098539e-08,2.57355509e-07,3.31192718e-09]",6.673910775134573e-06,9,-11.731800079345703,2,2
518,4,0.9138677716255188,82.35640716552734,1.6676496267318726,1.4647057056427002,18,19,18,"[6.45490074,4.07998514,7.12725782,1.53798127,-3.78945279,-2.87124062,1.39720249,0.118304491,-7.13082695,-7.25147867,-6.59813643,-1.45161259,-8.34430122,-8.52490234,-8.29331875,-8.0587368,-5.90599012,-8.97012711,-6.79881716,-13.4006491]","[0.325963408,0.0303218812,0.638513148,0.00238659093,1.15905104e-05,2.90320259e-05,0.00207318668,0.000577058934,4.10168695e-07,3.63549788e-07,6.98725955e-07,0.000120064222,1.21886984e-07,1.01747382e-07,1.28262087e-07,1.62172185e-07,1.39605379e-06,6.51874785e-08,5.71679095e-07,7.76269549e-10]",1.1590510439418722e-05,9,-10.91671085357666,2,2,318,319,318,"[5.37017918,4.63604689,7.34641552,2.12307572,-4.13036251,-1.20359099,0.995117188,-0.05497678,-6.83332634,-6.23169756,-6.75763512,-1.38780844,-7.33071995,-8.21464062,-7.73393536,-6.96748781,-5.82676697,-8.5193224,-6.91909313,-12.3271027]","[0.11423327,0.0548230298,0.824254215,0.00444215164,8.54593873e-06,0.000159529271,0.00143789558,0.00050312659,5.72634519e-07,1.04510946e-06,6.17660419e-07,0.000132689252,3.48226791e-07,1.43873351e-07,2.32674097e-07,5.00739816e-07,1.56682574e-06,1.06086269e-07,5.2556868e-07,2.35483433e-09]",8.54593872645637e-06,9,-11.476778030395508,2,2
519,4,0.7191348075866699,31.408843994140625,1.0709116458892822,0.6682021617889404,19,20,19,"[5.89332199,4.16697645,7.2325263,1.4717406,-4.68754292,-1.76924539,1.04615557,0.398229718,-6.2229929,-6.88696527,-7.06669855,-1.95484972,-7.44244766,-8.54194832,-7.65661669,-6.85721302,-6.2109251,-8.66964436,-7.33046198,-12.985961]","[0.199249893,0.0354532264,0.760338783,0.0023940308,5.06042625e-06,9.36671495e-05,0.00156422937,0.000818294764,1.08980703e-06,5.61034881e-07,4.68740751e-07,7.78001486e-05,3.21919089e-07,1.07211079e-07,2.59857046e-07,5.77978028e-07,1.10303836e-06,9.43586116e-08,3.60065656e-07,1.2595921e-09]",5.060426246927818e-06,9,-11.920068740844727,2,2,319,320,319,"[5.23045349,4.58677483,8.11478329,1.36186445,-4.77843952,-0.698333681,0.889116645,0.13213177,-6.59829283,-6.53434944,-7.15874863,-2.13489366,-7.0807147,-8.80151653,-7.46838045,-6.41278696,-6.22457218,-8.36223793,-7.64276028,-12.6171322]","[0.0513865799,0.0269962605,0.919386685,0.00107335369,2.31229205e-06,0.000136776056,0.000669007713,0.000313817087,3.7470565e-07,3.99448396e-07,2.13937824e-07,3.2517728e-05,2.31300774e-07,4.13850394e-08,1.56969904e-07,4.51081291e-07,5.44496686e-07,6.42124434e-08,1.31851166e-07,9.11469511e-10]",2.3122920538298786e-06,9,-12.89322280883789,2,2
520,4,0.7801861763000488,821.6441040039062,0.9785795211791992,0.8007874488830566,20,21,20,"[6.77139091,3.76515102,5.86280584,0.294456333,-4.31651163,-2.10141897,0.76988554,1.24762547,-6.76164293,-6.76028013,-7.38855171,-0.882872701,-7.45259142,-8.11720085,-7.8390007,-7.61020517,-5.86479187,-9.28968334,-6.77761364,-13.070138]","[0.684361815,0.0338604227,0.275862247,0.00105290429,1.04681776e-05,9.59120589e-05,0.00169381162,0.00273114536,9.07745289e-07,9.08982429e-07,4.84954285e-07,0.000324400375,4.54871667e-07,2.34019751e-07,3.09081713e-07,3.8854219e-07,2.22567269e-06,7.24519822e-08,8.93362824e-07,1.65279435e-09]",1.0468177606526297e-05,9,-11.087902069091797,0,0,320,321,320,"[6.12017488,4.74373055,6.5591073,0.282668471,-4.46629524,-1.96624243,0.731666923,0.89226371,-7.10629416,-6.77356434,-7.71169424,-0.175879315,-7.67714119,-8.36522579,-8.20110703,-7.35465527,-6.05580759,-9.66952133,-6.46565962,-13.0173225]","[0.354790002,0.0895754844,0.550297201,0.00103460497,8.96036272e-06,0.000109165398,0.00162095937,0.00190334907,6.39423831e-07,8.91849936e-07,3.49033343e-07,0.000654078205,3.61304132e-07,1.81569121e-07,2.13952532e-07,4.9880083e-07,1.82813972e-06,4.92711614e-08,1.21342487e-06,1.73245185e-09]",8.96036272024503e-06,9,-11.025402069091797,2,2
521,4,0.9400155544281006,52.03426742553711,1.4852724075317383,0.7153503894805908,21,22,21,"[6.94209146,5.34608126,6.00675535,1.18968725,-4.51203012,-2.00101924,1.37931919,-0.302803874,-7.69916773,-6.98990393,-7.48258066,-2.71854925,-8.929286,-8.67197609,-8.34881115,-8.33697796,-6.59356403,-8.94347763,-7.92361736,-13.1097126]","[0.623793721,0.126445264,0.244810298,0.00198063115,6.61574541e-06,8.14886298e-05,0.00239419588,0.000445269397,2.73163408e-07,5.55203542e-07,3.39222822e-07,3.97628974e-05,7.98342299e-08,1.03261357e-07,1.42654727e-07,1.44352811e-07,8.25239965e-07,7.87091778e-08,2.18245603e-07,1.22082477e-09]",6.615745405724738e-06,9,-11.454121589660645,0,0,321,322,321,"[5.45681906,5.81741905,6.81844616,2.04073048,-4.93575668,-1.10451341,1.25030196,-0.143582165,-7.26336765,-6.22610807,-7.54585361,-2.53499246,-8.16085243,-8.43659782,-7.66120529,-7.28325891,-6.40124798,-8.82246304,-7.77530241,-12.1220388]","[0.156495094,0.224443674,0.610728085,0.00513939885,4.79801975e-06,0.000221284077,0.00233148993,0.000578465348,4.67944005e-07,1.32029254e-06,3.52786344e-07,5.29298704e-05,1.90730759e-07,1.44765835e-07,3.14350928e-07,4.58727726e-07,1.10817336e-06,9.84209052e-08,2.80455282e-07,3.63161456e-09]",4.798019745066995e-06,9,-11.754202842712402,2,1
522,4,0.6835191249847412,421.662109375,1.219670057296753,7.089831352233887,22,23,22,"[6.32294989,5.93382406,6.98852491,0.133696467,-4.16090822,-3.52435088,1.40686047,-0.999294102,-7.56910515,-7.37087631,-7.15048075,-3.32449698,-8.78774071,-9.24891853,-8.21917152,-8.03739834,-6.75406075,-9.09142971,-7.85569715,-14.2378263]","[0.275220424,0.186502859,0.53547138,0.000564575603,7.70191946e-06,1.45563481e-05,0.00201674108,0.000181832133,2.54940062e-07,3.10833457e-07,3.87475382e-07,1.77765651e-05,7.53687601e-08,4.75231055e-08,1.33081528e-07,1.59610138e-07,5.75979925e-07,5.56288491e-08,1.91413463e-07,3.23778782e-10]",7.701919457758777e-06,9,-11.149433135986328,2,0,322,323,322,"[5.87287426,5.73998308,6.23802423,1.08158183,-4.95022154,-2.30468082,1.61229026,-0.338764638,-7.41789055,-6.94369555,-7.20744514,-3.01416683,-8.27001572,-8.6376543,-7.61117411,-7.68915701,-7.26559687,-8.59543896,-7.99101543,-13.4139585]","[0.299296767,0.262052387,0.431205869,0.00248467876,5.96610971e-06,8.40687862e-05,0.00422429247,0.000600373489,5.05820481e-07,8.1271088e-07,6.24297684e-07,4.13531779e-05,2.15736264e-07,1.49368617e-07,4.16921011e-07,3.85644114e-07,5.89028218e-07,1.55809246e-07,2.85161576e-07,1.25874211e-09]",5.966109711152967e-06,9,-11.18824577331543,2,0
523,4,1.2693650722503662,8949.427734375,1.4534368515014648,2.5190513134002686,23,24,23,"[5.05199671,6.83289766,8.24380779,0.263016611,-4.08738852,-3.25831509,1.23084104,-1.66452956,-6.96227741,-7.32843828,-7.78327513,-3.5304513,-8.34604645,-9.33323574,-7.81610346,-7.38641548,-6.46103382,-8.98393917,-8.01196766,-14.4301147]","[0.0319492184,0.189625055,0.777402997,0.000265847542,3.42985618e-06,7.85846441e-06,0.000699767086,3.8682083e-05,1.93520648e-07,1.34185456e-07,8.51476685e-08,5.98618635e-06,4.85024501e-08,1.80731217e-08,8.23977118e-08,1.26627057e-07,3.19458621e-07,2.56289461e-08,6.7741162e-08,1.1053157e-10]",3.429856178627233e-06,9,-12.331195831298828,2,2,323,324,323,"[5.6847496,6.24144888,6.79037094,0.925568938,-5.06583881,-2.0713141,1.44416082,-0.599525511,-7.36102009,-7.0006566,-7.504879,-3.20645165,-8.4138279,-8.8574152,-7.80676651,-7.64267683,-7.34959555,-8.74998951,-8.0675087,-13.5858383]","[0.172668517,0.301289916,0.521649063,0.00148022361,3.70077214e-06,7.39260649e-05,0.00248627365,0.000322097214,3.72827373e-07,5.34578476e-07,3.22871898e-07,2.37582044e-05,1.30100432e-07,8.34894607e-08,2.38738352e-07,2.81310008e-07,3.77110638e-07,9.29578405e-08,1.83943001e-07,7.38079486e-10]",3.7007721402915195e-06,9,-11.856209754943848,2,2
524,4,1.6324188709259033,109.92759704589844,1.920989990234375,1.5327467918395996,24,25,24,"[4.0248313,7.33649015,9.33030415,0.427434355,-4.36012983,-2.36218381,0.821921289,-1.90657556,-6.45519352,-6.88974047,-8.11313534,-3.40157557,-8.0441246,-8.94028473,-7.57409048,-6.67330408,-5.89650154,-8.98167896,-7.77936411,-13.9708118]","[0.00434895745,0.119294472,0.876037538,0.000119139375,9.92756213e-07,7.3204842e-06,0.000176757967,1.15453749e-05,1.22171016e-07,7.91129295e-08,2.32773321e-08,2.58903447e-06,2.49404692e-08,1.01790496e-08,3.99058706e-08,9.82299184e-08,2.13601879e-07,9.76630599e-09,3.25003455e-08,6.65236685e-11]",9.927562132361345e-07,9,-13.690433502197266,2,2,324,325,324,"[5.33842707,6.55262899,7.40931416,1.08258295,-4.93074846,-1.38178015,1.24451017,-0.901953638,-7.20468426,-6.79565668,-7.76596689,-3.21717429,-8.37792492,-8.7812109,-7.94076824,-7.35728979,-7.11939621,-8.90890789,-8.00105858,-13.210474]","[0.0810785219,0.273040473,0.643103182,0.00114978373,2.81228517e-06,9.78041135e-05,0.00135188666,0.000158031209,2.8940218e-07,4.35652282e-07,1.65097163e-07,1.56046935e-05,8.95302605e-08,5.98170402e-08,1.38619569e-07,2.48442689e-07,3.15167853e-07,5.26461754e-08,1.30509093e-07,7.13215598e-10]",2.8122851745138178e-06,9,-12.340063095092773,2,2
525,4,1.011962652206421,81.9426040649414,1.2683990001678467,0.6913172006607056,25,26,25,"[6.01486349,4.62210321,9.77562428,0.89353013,-4.74744415,-2.78767157,1.31184196,-1.19280577,-7.54969883,-6.85214758,-6.70701647,-3.68555307,-9.10045052,-8.71676731,-7.30621815,-7.75241804,-5.53685379,-8.64652538,-8.23828411,-13.6355734]","[0.0226011537,0.00561387185,0.971422672,0.000134885006,4.78762104e-07,3.39811754e-06,0.000204943572,1.67447943e-05,2.90479854e-08,5.83524233e-08,6.74664875e-08,1.38450014e-06,6.16074924e-09,9.0420027e-09,3.70559867e-08,2.37179076e-08,2.17412008e-07,9.69996794e-09,1.45904009e-08,6.60776017e-11]",4.787621037394274e-07,9,-14.52306842803955,2,2,325,326,325,"[5.05561256,5.29819489,8.70088863,1.51124287,-5.81467628,-1.51927257,1.08914411,-0.431650549,-6.63842201,-6.74822474,-7.18102741,-2.96251965,-8.04763794,-8.80688477,-7.28802872,-6.86953211,-6.1011529,-8.30500984,-7.81408501,-13.1293459]","[0.0246174205,0.0313757919,0.942683339,0.000711119093,4.68097227e-07,3.43404572e-05,0.000466258993,0.000101895414,2.05394059e-07,1.84035201e-07,1.19381582e-07,8.1098342e-06,5.01848625e-08,2.34874573e-08,1.07267176e-07,1.63011336e-07,3.51496226e-07,3.87970225e-08,6.33876027e-08,3.11612902e-10]",4.680972267578909e-07,9,-14.515564918518066,2,2
526,4,1.0341811180114746,280.3849792480469,1.6883397102355957,3.3395657539367676,26,27,26,"[6.87056446,3.93409038,7.921875,0.447139412,-3.15993142,-2.75841284,0.875368714,-0.1393843,-7.48555946,-6.78261805,-6.78887701,-1.60572779,-8.50367928,-9.20949364,-8.15107727,-7.53388262,-5.27824545,-9.41544819,-7.0155015,-13.8017778]","[0.255115271,0.0135344975,0.729986548,0.000414074369,1.12343414e-05,1.67851249e-05,0.000635412871,0.000230332094,1.48576831e-07,3.00078483e-07,2.9820589e-07,5.3153195e-05,5.36768816e-08,2.65006168e-08,7.63695738e-08,1.41567909e-07,1.35075061e-06,2.1568038e-08,2.37735946e-07,2.68442879e-10]",1.1234341400268022e-05,9,-11.081806182861328,2,0,326,327,326,"[5.18222475,5.4227376,8.11952305,1.94039083,-4.14725018,-2.0395577,0.600953221,-0.0873429179,-6.52039433,-6.31316423,-6.93845797,-1.20545673,-8.17776012,-8.97924519,-7.82703686,-6.68612719,-5.55598259,-8.89594364,-7.29901457,-12.9788113]","[0.0471837148,0.0600130223,0.890111864,0.00184451183,4.18844365e-06,3.44676737e-05,0.000483249227,0.000242799535,3.90309594e-07,4.80184724e-07,2.5694888e-07,7.93701693e-05,7.4408824e-08,3.33844881e-08,1.05667446e-07,3.30698782e-07,1.0238773e-06,3.62845824e-08,1.79167216e-07,6.11721895e-10]",4.1884436541295145e-06,9,-12.266773223876953,2,2
527,4,1.0261750221252441,23.72096061706543,1.719430923461914,9.613991737365723,27,28,27,"[6.42473078,5.84691858,7.65951157,0.967731714,-4.46715784,-2.07979107,0.071990259,0.305080771,-7.35342121,-7.64337015,-8.2222538,-1.78772986,-8.29547119,-9.38447666,-8.57113743,-7.81865978,-6.65318727,-9.75248337,-7.59677315,-13.8729305]","[0.199702188,0.11205782,0.686501205,0.000851997174,3.7161692e-06,4.04497587e-05,0.000347874622,0.00043919016,2.07303884e-07,1.5512579e-07,8.69518217e-08,5.41696863e-05,8.08127609e-08,2.71976681e-08,6.13423552e-08,1.30183793e-07,4.17556237e-07,1.88238278e-08,1.62525325e-07,3.0564784e-10]",3.716169203471509e-06,9,-12.126668930053711,2,2,327,328,327,"[5.30544758,5.5152688,7.0152626,2.22216773,-3.9298501,-0.957183063,0.764104009,0.432455391,-6.62265158,-6.3203516,-7.76491356,-1.56053412,-7.75151205,-8.3297472,-8.05236435,-7.04026604,-6.07354736,-9.12354279,-7.2651453,-12.1534996]","[0.127736717,0.157557815,0.706120729,0.00585146295,1.24588259e-05,0.000243494898,0.00136155507,0.000977242016,8.43350051e-07,1.14102534e-06,2.69110103e-07,0.000133185691,2.72740721e-07,1.52976909e-07,2.0187926e-07,5.5544416e-07,1.46043078e-06,6.91647557e-08,4.43584725e-07,3.34188344e-09]",1.2458825949579477e-05,9,-10.945112228393555,2,2
528,4,0.6643655300140381,96.55095672607422,1.175497055053711,0.8505144119262695,28,29,28,"[5.40747166,5.86131716,9.44145393,2.46643877,-4.56831074,-1.20649767,0.488109559,-0.37765488,-7.05226231,-6.4373641,-7.84937382,-2.11896944,-8.62360668,-9.01663208,-8.30177593,-7.90855217,-6.272789,-9.37509632,-7.68285275,-11.8487167]","[0.0169133507,0.0266276114,0.955357373,0.000893213437,7.86687679e-07,2.26892134e-05,0.000123531529,5.19733876e-05,6.56198935e-08,1.21361964e-07,2.95702058e-08,9.11041116e-06,1.36335867e-08,9.20282073e-09,1.88095957e-08,2.78710903e-08,1.43072725e-07,6.43045217e-09,3.49280533e-08,5.4195376e-10]",7.866876785556087e-07,9,-14.009764671325684,2,2,328,329,328,"[5.13103724,5.60286474,8.26595688,2.47558856,-4.41433859,-0.646985233,0.830404699,-0.0564539842,-6.73389912,-6.08329916,-7.81303835,-2.36957717,-8.17957687,-8.69171524,-7.86632919,-7.28604603,-6.12880802,-8.99406242,-7.6787138,-11.6658993]","[0.038936425,0.0624120086,0.895023406,0.00273595843,2.78517359e-06,0.000120501623,0.000527977129,0.000217499066,2.73829158e-07,5.2484603e-07,9.30712929e-08,2.1521897e-05,6.45104166e-08,3.86554717e-08,8.82412365e-08,1.5764688e-07,5.01495947e-07,2.85694881e-08,1.0645153e-07,1.9748696e-09]",2.7851735922013177e-06,9,-12.680295944213867,2,1
529,4,1.0596461296081543,92.53015899658203,1.9693840742111206,1.4964138269424438,29,30,29,"[6.91195536,3.6373651,9.14237595,-1.31606913,-4.01170635,-2.02159286,1.50870335,0.236530289,-8.31850815,-6.66850185,-7.54758787,-1.73880661,-8.31902027,-9.18698883,-8.19718361,-8.63657093,-5.64348507,-9.77740574,-7.53397703,-13.3532715]","[0.0966372937,0.00365601876,0.899091959,2.58082709e-05,1.7420424e-06,1.27454141e-05,0.000435052993,0.000121911449,2.34767796e-08,1.2224389e-07,5.07510123e-08,1.69108916e-05,2.34647821e-08,9.8505879e-09,2.65050275e-08,1.70807137e-08,3.40711097e-07,5.4581788e-09,5.14464986e-08,1.52780733e-10]",1.742042400110222e-06,9,-13.154082298278809,2,2,329,330,329,"[5.78498507,4.74840975,8.01584911,0.653314948,-4.57866096,-1.06196368,1.32646549,-0.0102894492,-7.35917377,-6.35251999,-7.63754416,-1.51063251,-8.07614994,-9.00212288,-7.79758549,-7.43219042,-6.13346052,-9.19991207,-7.42315245,-12.1885681]","[0.0935900584,0.0331933275,0.871127367,0.000552807294,2.95362543e-06,9.94574875e-05,0.00108372548,0.000284691196,1.83144564e-07,5.01162106e-07,1.38643372e-07,6.3501393e-05,8.94160053e-08,3.54218095e-08,1.18139255e-07,1.70248597e-07,6.23899041e-07,2.90650259e-08,1.71794099e-07,1.46357282e-09]",2.953625426016515e-06,9,-12.594510078430176,2,2
530,4,0.725191593170166,49.02275848388672,0.9771027565002441,0.37431806325912476,30,31,30,"[5.42530012,6.88677931,7.03825951,2.09128118,-3.86448359,-2.61035419,0.687332273,-0.901800931,-6.89160347,-6.26990604,-7.65466166,-1.60530818,-8.08651161,-9.24164772,-8.08444118,-6.56664324,-5.31395531,-9.5571003,-7.73624706,-12.892807]","[0.0963622034,0.41554597,0.483510703,0.00343526783,8.90030424e-06,3.11936565e-05,0.000843788148,0.000172219196,4.31264255e-07,8.03051194e-07,2.0107187e-07,8.5222091e-05,1.30557396e-07,4.11274925e-08,1.30827971e-07,5.96858968e-07,2.08885035e-06,3.00008054e-08,1.85318783e-07,1.06770937e-09]",8.900304237613454e-06,9,-10.902743339538574,2,0,330,331,330,"[4.53893566,7.17853451,7.77809429,2.48271823,-4.34760189,-1.63325143,0.539858103,-0.680288255,-6.40940666,-6.19181919,-7.37040091,-1.64117479,-7.97569847,-9.05428791,-8.08060169,-6.21422148,-5.34498262,-8.82940292,-7.81601143,-12.07967]","[0.0245845616,0.344370276,0.627207398,0.00314527564,3.39850749e-06,5.12998122e-05,0.000450697407,0.000133040012,4.32372246e-07,5.37470726e-07,1.65387817e-07,5.08949124e-05,9.02870596e-08,3.07043919e-08,8.1295596e-08,5.25564303e-07,1.25351949e-06,3.84474212e-08,1.05919689e-07,1.49037016e-09]",3.3985074878728483e-06,9,-12.125696182250977,2,2
531,4,0.7562577724456787,21.237327575683594,1.154465675354004,37.83243179321289,31,32,31,"[6.12189198,4.53589249,7.74770164,0.0305152386,-3.13769078,-1.60729086,1.15381813,-0.0218350925,-7.13232279,-7.04731607,-7.96386194,-2.10074663,-7.69028187,-8.47543716,-7.73683119,-7.72988081,-6.22874451,-9.25115967,-7.46803761,-13.1554899]","[0.158743814,0.0325016938,0.806820571,0.000359124882,1.51116274e-05,6.98160366e-05,0.0011043069,0.000340808154,2.78268629e-07,3.02957858e-07,1.21152212e-07,4.26235893e-05,1.59274379e-07,7.26367588e-08,1.52030253e-07,1.53090596e-07,6.86884221e-07,3.34398571e-08,1.98914009e-07,6.73963885e-10]",1.511162736278493e-05,9,-10.885392189025879,2,0,331,332,331,"[4.99422264,4.9769187,8.33139515,1.18498087,-3.87456536,-0.940780103,0.886638641,-0.157195017,-6.82584286,-6.36089373,-7.4015193,-1.56705308,-7.42265034,-8.42915058,-7.37386703,-7.03431416,-6.20990372,-8.6843195,-7.28553867,-12.2185421]","[0.0331444591,0.0325758606,0.932666838,0.000734646223,4.66385836e-06,8.76742779e-05,0.000545142277,0.000191945801,2.43793266e-07,3.88102819e-07,1.37090836e-07,4.68689468e-05,1.34224422e-07,4.90583751e-08,1.40934659e-07,1.97917316e-07,4.51357465e-07,3.80097234e-08,1.53949529e-07,1.10917941e-09]",4.663858362619067e-06,9,-12.205960273742676,2,2
532,4,0.8840271234512329,34.19277572631836,1.7046027183532715,2.3927156925201416,32,33,32,"[7.06496143,4.02711344,7.00282192,-0.71241343,-3.47366595,-2.14189768,1.25716293,0.533427298,-7.82623196,-6.86640644,-7.28385305,-1.73522341,-8.11533451,-8.60021973,-8.24912167,-8.22019482,-6.256392,-9.32758904,-7.65879345,-13.2472992]","[0.501793444,0.0240549427,0.471561283,0.000210307044,1.3294044e-05,5.03543597e-05,0.00150740577,0.000730997184,1.7114408e-07,4.46898355e-07,2.94383739e-07,7.56228546e-05,1.28175841e-07,7.89265755e-08,1.12125079e-07,1.15415979e-07,8.22498066e-07,3.81355783e-08,2.02338938e-07,7.56872398e-10]",1.3294044038048014e-05,9,-10.538627624511719,0,2,332,333,332,"[5.64548302,4.84473419,7.20260143,0.992189288,-3.80675626,-1.10197484,0.770016491,0.265451998,-7.18209743,-6.2242341,-6.91558695,-0.854545593,-7.70924759,-8.50031853,-7.81382179,-7.10940266,-5.86252689,-8.82975101,-7.17299891,-12.2546883]","[0.160805851,0.072200641,0.763044417,0.00153250573,1.26254427e-05,0.000188763632,0.00122719549,0.00074094173,4.31871399e-07,1.12550924e-06,5.63765241e-07,0.000241754911,2.5492713e-07,1.15573513e-07,2.29614898e-07,4.64435516e-07,1.61598257e-06,8.31357099e-08,4.35818521e-07,2.70617484e-09]",1.2625442650460172e-05,9,-11.009357452392578,2,2
533,4,0.9226374626159668,216.88658142089844,1.354379653930664,2.567009449005127,33,34,33,"[6.71453953,4.98194933,6.84767246,0.509161353,-3.80581498,-2.1636467,1.02239597,-0.180358097,-7.54655027,-7.04207706,-7.46353436,-1.97300887,-8.0154562,-8.69982147,-8.29984379,-7.54872704,-6.21104336,-9.48454666,-7.81469917,-13.3300982]","[0.429927528,0.0760222748,0.491149992,0.000867828261,1.16001338e-05,5.9930564e-05,0.00144986901,0.000435491151,2.75348555e-07,4.56008081e-07,2.99182375e-07,7.25172358e-05,1.72281801e-07,8.69007977e-08,1.29637726e-07,2.74749993e-07,1.04685353e-06,3.96480573e-08,2.10585014e-07,8.4746099e-10]",1.1600133802858181e-05,9,-10.653487205505371,2,0,333,334,333,"[5.36015987,5.63089705,7.59567928,1.81618333,-3.99639678,-1.36657929,0.61339879,-0.346891433,-7.16522169,-6.3973012,-7.03044367,-1.26446199,-7.61545372,-8.84033012,-8.08602619,-6.98834896,-5.73775864,-8.79397774,-7.29583979,-12.4436302]","[0.0854275674,0.111989602,0.79886204,0.00246870192,7.38069775e-06,0.000102379272,0.000741491211,0.000283829111,3.10380301e-07,6.68955693e-07,3.55162456e-07,0.000113386435,1.97861382e-07,5.81304924e-08,1.23592926e-07,3.70432247e-07,1.29370028e-06,6.08884037e-08,2.72374848e-07,1.58310831e-09]",7.380697752523702e-06,9,-11.592076301574707,2,2
534,4,0.9279561042785645,123.73362731933594,1.3596529960632324,2.9549407958984375,34,35,34,"[7.02496576,4.30467653,6.88940048,0.171703309,-5.03835011,-2.48035574,0.717302978,0.342991084,-6.78235769,-7.40876722,-7.83228397,-2.46845913,-7.77526712,-8.79382706,-7.84328413,-7.3821311,-6.44149876,-9.53329754,-7.594275,-14.4271812]","[0.514569938,0.0338873677,0.449333906,0.000543388422,2.96765302e-06,3.8312086e-05,0.00093769416,0.000644910731,5.18800107e-07,2.77302547e-07,1.81561205e-07,3.87706059e-05,1.9221396e-07,6.94112359e-08,1.79574869e-07,2.8478803e-07,7.29513602e-07,3.31346719e-08,2.30350324e-07,2.48253113e-10]",2.96765301754931e-06,9,-12.063316345214844,0,2,334,335,334,"[5.66531277,5.17611599,7.46813774,0.679076433,-4.22730494,-1.51203907,0.496765524,0.130894512,-6.73332787,-6.88053942,-7.63785601,-2.22216439,-7.37227726,-9.01902103,-7.75649214,-6.93822336,-5.88515329,-9.10534859,-7.47808743,-13.3407612]","[0.12991111,0.0796509162,0.788139701,0.000887464965,6.56654265e-06,9.92114728e-05,0.000739562267,0.000512954721,5.3577827e-07,4.62436077e-07,2.16846914e-07,4.87706493e-05,2.82808742e-07,5.44904886e-08,1.92588615e-07,4.36515677e-07,1.25124507e-06,4.99838322e-08,2.54413465e-07,7.23457794e-10]",6.566542651853524e-06,9,-11.695442199707031,2,2
535,4,0.6966698169708252,19.658700942993164,1.1727783679962158,44.156097412109375,35,36,35,"[5.75159073,7.1446476,5.71863937,0.020715028,-3.36666465,-1.61071777,-0.229987651,0.745373309,-7.17118263,-7.04111814,-8.23185539,-2.8593564,-8.58498669,-8.64382648,-8.59824467,-7.60842562,-5.77779961,-10.1958647,-6.67802858,-12.9431133]","[0.1664408,0.670280635,0.16104573,0.000539973145,1.82495314e-05,0.000105645209,0.000420236058,0.00111451815,4.06415836e-07,4.62867519e-07,1.40710426e-07,3.03091092e-05,9.88470532e-08,9.31985369e-08,9.7545005e-08,2.62469342e-07,1.63722802e-06,1.97409626e-08,6.65495179e-07,1.26547317e-09]",1.824953142204322e-05,9,-10.511312484741211,1,1,335,336,335,"[5.15164423,6.61346865,6.3613019,0.935409784,-4.00008392,-0.437939465,0.0278647989,0.72040695,-6.80758142,-6.02239656,-8.06334877,-1.90144408,-8.17905712,-8.25312424,-8.36757278,-7.41284609,-6.13087273,-9.78383732,-6.4769125,-12.1867399]","[0.114895955,0.495640755,0.385169953,0.00169518578,1.2183159e-05,0.000429318228,0.00068403082,0.00136723404,7.35325216e-07,1.61243008e-06,2.09462556e-07,9.93543872e-05,1.86575463e-07,1.7325587e-07,1.54519597e-07,4.0143604e-07,1.44667206e-06,3.74893716e-08,1.02349691e-06,3.39109496e-09]",1.2183159014966805e-05,9,-10.61355209350586,1,1
536,4,1.2798144817352295,133.80369567871094,1.7542638778686523,0.5385333895683289,36,37,36,"[6.09452963,4.20982599,9.41817951,1.3429637,-4.59909344,-1.63705516,1.40486825,-0.809788287,-7.17050695,-6.09972572,-7.90603495,-3.64608097,-8.46694565,-7.19033098,-7.85240126,-7.61770964,-6.05719948,-9.08484554,-8.15958691,-12.6944504]","[0.0345629267,0.00524921203,0.959518433,0.00029856016,7.84203962e-07,1.51644199e-05,0.000317626254,3.46819215e-05,5.99346137e-08,1.74868944e-07,2.8723834e-08,2.03384138e-06,1.63924003e-08,5.87583386e-08,3.0306488e-08,3.83231225e-08,1.82465868e-07,8.83673046e-09,2.22908358e-08,2.39144621e-10]",7.842039622119046e-07,9,-14.01727294921875,2,2,336,337,336,"[5.03636169,5.96408987,8.35758209,1.81877375,-4.86896896,-0.755446255,1.13754761,-0.470311314,-7.04244661,-6.15378189,-7.88592672,-2.88966227,-8.46538734,-8.24020386,-7.92306709,-7.1526618,-6.02002478,-8.84736919,-7.8090086,-12.2252054]","[0.0319582969,0.0808147937,0.885057151,0.00127997925,1.59497245e-06,9.7551354e-05,0.000647664594,0.000129737644,1.81478015e-07,4.41332617e-07,7.80737182e-08,1.15439743e-05,4.37369536e-08,5.47828343e-08,7.52272555e-08,1.62539067e-07,5.04493755e-07,2.9850824e-08,8.43161132e-08,1.01854414e-09]",1.5949724456731929e-06,9,-13.226551055908203,2,2
537,4,1.4911482334136963,120.48503875732422,1.8597490787506104,2.2846388816833496,37,38,37,"[6.99344063,3.27263856,9.74585152,0.420465797,-5.29083157,-3.11512852,1.52682972,-0.674715579,-7.46197796,-6.97589684,-7.31092024,-3.02910972,-8.34317207,-7.77108765,-7.76986408,-8.08798981,-6.33507872,-9.17202663,-8.18959045,-13.9800434]","[0.059841577,0.00144903595,0.938339293,8.36365653e-05,2.76701456e-07,2.43729005e-06,0.000252862315,2.79746691e-05,3.15569437e-08,5.13093958e-08,3.67027582e-08,2.65622384e-06,1.30736479e-08,2.31659811e-08,2.31942785e-08,1.68741483e-08,9.73870655e-08,5.70729419e-09,1.52439412e-08,4.65944991e-11]",2.7670145641423005e-07,9,-15.036683082580566,2,2,337,338,337,"[5.46721935,5.13238764,8.62726593,1.38107836,-5.80764627,-1.41388297,1.14148855,-0.54666239,-6.82547379,-6.73735046,-7.34383869,-3.02533627,-8.03606224,-8.44493866,-7.4763031,-7.14034939,-6.17606544,-8.43923664,-8.08562565,-13.2225342]","[0.0394930691,0.0282556508,0.930918515,0.000663639687,5.01081956e-07,4.05598184e-05,0.000522251707,9.65439831e-05,1.81080651e-07,1.97762333e-07,1.07832342e-07,8.09563244e-06,5.39658913e-08,3.58548107e-08,9.44540304e-08,1.32167088e-07,3.46662205e-07,3.60598698e-08,5.13565084e-08,3.01761643e-10]",5.01081956372218e-07,9,-14.434911727905273,2,2
538,4,1.2230243682861328,2978.72265625,2.0064492225646973,1.1620632410049438,38,39,38,"[6.70462513,3.62811852,8.00311661,0.983975887,-3.32281852,-2.45386314,0.983308911,-0.129012391,-6.9998827,-6.25077581,-6.7922883,-2.10005546,-8.23656368,-8.39090919,-7.99861717,-7.28802347,-5.82253075,-9.0629797,-7.48118925,-13.4063082]","[0.211962014,0.0097757075,0.776579142,0.000694722985,9.36255765e-06,2.23242641e-05,0.000694259652,0.000228269084,2.36845921e-07,5.0095548e-07,2.91489442e-07,3.18004859e-05,6.87672639e-08,5.89320592e-08,8.72412542e-08,1.77552906e-07,7.68746872e-07,3.00935774e-08,1.46365039e-07,3.91012916e-10]",9.36255764827365e-06,9,-11.325935363769531,2,2,338,339,338,"[5.23761034,5.63456774,7.83012295,2.12741804,-4.25474834,-1.79806924,0.635363698,-0.0775192082,-6.62356758,-6.22313643,-7.03596067,-1.16055071,-8.15502644,-9.05164242,-7.9912138,-6.75253677,-5.79726267,-8.88322735,-7.41562223,-12.8372545]","[0.062842451,0.0934651121,0.839782953,0.00280229445,4.73995397e-06,5.52963393e-05,0.000630264403,0.000308973773,4.43617807e-07,6.62085768e-07,2.9370355e-07,0.000104608502,9.59190558e-08,3.91299722e-08,1.12992026e-07,3.89940539e-07,1.01360445e-06,4.63074912e-08,2.0092051e-07,8.88053409e-10]",4.739953965327004e-06,9,-12.084871292114258,2,2
539,4,0.8210090398788452,175.81356811523438,1.4337010383605957,2.311662197113037,39,40,39,"[6.57038355,4.84866381,7.16968393,0.620203495,-3.75515532,-1.75784218,0.849029124,0.258572221,-7.47626448,-7.10784245,-7.76504421,-1.95403969,-7.97219849,-8.38637924,-8.28291035,-7.85924006,-6.53000164,-9.46404171,-7.81562853,-13.2110224]","[0.332471311,0.0594320558,0.605378509,0.000866211194,1.09000794e-05,8.03251387e-05,0.00108893367,0.000603349879,2.63859306e-07,3.81395779e-07,1.97677281e-07,6.60152073e-05,1.60690874e-07,1.06197625e-07,1.17774249e-07,1.79907246e-07,6.79718255e-07,3.61486059e-08,1.87926858e-07,8.52706017e-10]",1.0900079359998927e-05,9,-10.92483901977539,2,0,339,340,339,"[5.2762146,5.29177237,7.06243324,2.05390453,-3.96131968,-0.805163264,1.02685571,0.349321693,-6.73092175,-6.11274529,-7.60994673,-1.29842532,-7.6996336,-7.99759912,-8.06694221,-7.09266806,-6.0189538,-9.08415508,-7.16671848,-11.823719]","[0.124258533,0.126206845,0.741431653,0.00495330151,1.2092496e-05,0.000283933943,0.00177358906,0.000900749175,7.58041779e-07,1.40657801e-06,3.14729675e-07,0.000173378881,2.87731211e-07,2.13590496e-07,1.9928143e-07,5.27945303e-07,1.54488691e-06,7.20605087e-08,4.90262892e-07,4.65498795e-09]",1.209249603562057e-05,9,-11.02375316619873,2,2
540,4,0.39167237281799316,40.820037841796875,0.6961816549301147,1.0702035427093506,40,41,40,"[5.34926176,5.58571005,8.84394169,2.32489586,-4.46768904,-1.01123512,0.744489133,-0.281339675,-6.74465466,-6.13586569,-8.00326157,-2.68447495,-8.29098988,-8.20741653,-8.00724983,-7.47309446,-6.25944567,-9.28266811,-7.97334099,-11.6026621]","[0.0283520613,0.0359147452,0.933909655,0.00137758767,1.54574161e-06,4.90067468e-05,0.000283633242,0.000101682337,1.58585522e-07,2.9151235e-07,4.50461712e-08,9.19553804e-06,3.37829675e-08,3.67277657e-08,4.48667841e-08,7.65431452e-08,2.57624578e-07,1.25319382e-08,4.64142573e-08,1.23156363e-09]",1.545741611153062e-06,9,-13.311630249023438,2,0,340,341,340,"[5.1591692,5.54270411,8.21301746,2.5197227,-4.42094564,-0.315053433,0.844720006,0.0197510384,-6.73463774,-5.90993643,-7.84739161,-2.47793841,-8.16474438,-8.37820148,-7.94762135,-7.22030973,-6.07632828,-9.00371933,-7.80755758,-11.4590492]","[0.0420881584,0.0617627986,0.892132461,0.00300512789,2.90782759e-06,0.000176496207,0.000562883331,0.000246682699,2.87570913e-07,6.56006591e-07,9.45109448e-08,2.02957963e-05,6.88109765e-08,5.55844935e-08,8.54972768e-08,1.76937661e-07,5.55450413e-07,2.97369205e-08,9.83515918e-08,2.55246491e-09]",2.907827592935064e-06,9,-12.633962631225586,2,0
541,4,1.2387423515319824,115.21709442138672,2.510087013244629,2.939988374710083,41,42,41,"[6.88659859,3.61744857,8.66386986,-1.07943285,-4.00778723,-1.90569425,1.69179881,0.102402851,-8.05351162,-6.56758547,-7.66295147,-2.34494567,-8.29984188,-8.61332989,-8.12392426,-8.48908234,-6.00602341,-9.64540958,-7.64722443,-13.1454029]","[0.143698052,0.00546609517,0.849786878,4.98709414e-05,2.66734423e-06,2.182764e-05,0.000796852575,0.000162596829,4.66706567e-08,2.06240145e-07,6.89702802e-08,1.40683151e-05,3.64807775e-08,2.6663546e-08,4.34974368e-08,3.01909999e-08,3.61623222e-07,9.49927692e-09,7.00634857e-08,2.86855512e-10]",2.6673442334868014e-06,9,-12.67165756225586,2,2,341,342,341,"[5.68207884,5.38771725,7.60400867,1.43065405,-4.50534725,-0.673156977,1.22556889,-0.198660329,-7.34941673,-6.06379032,-7.7660737,-1.64371896,-8.27141857,-8.97647095,-7.97125721,-7.42779684,-6.02026272,-9.23443508,-7.56271172,-11.8449545]","[0.116140775,0.086525701,0.793721676,0.00165430049,4.37161361e-06,0.000201809016,0.00134755659,0.000324348657,2.54376914e-07,9.2006502e-07,1.67697294e-07,7.64593933e-05,1.01171409e-07,4.99869941e-08,1.36589165e-07,2.35200503e-07,9.60997681e-07,3.86211383e-08,2.05515633e-07,2.83851276e-09]",4.371613613329828e-06,9,-12.109355926513672,2,2
542,4,0.9426103830337524,70.7824935913086,1.55607271194458,0.4944268763065338,42,43,42,"[5.82540035,6.1533742,7.00477886,2.03225279,-3.94710517,-3.14722514,0.778081059,-0.733504176,-6.77401876,-6.23812866,-7.72011042,-2.21066117,-8.00924683,-8.57326126,-8.02690887,-6.60530519,-5.44915771,-9.63825798,-7.78547716,-13.1620455]","[0.176322937,0.244763181,0.573464334,0.0039716023,1.0049951e-05,2.23638726e-05,0.001133146,0.000249926845,5.94909409e-07,1.01668013e-06,2.3097661e-07,5.70546908e-05,1.72980648e-07,9.84122508e-08,1.69952258e-07,7.04241813e-07,2.23784537e-06,3.39255521e-08,2.16361329e-07,1.000382e-09]",1.0049951015389524e-05,9,-10.951884269714355,2,2,342,343,342,"[4.60156393,7.42982244,7.17928934,2.94249773,-4.37227821,-1.59115243,0.559179723,-0.736079037,-6.51688671,-6.05262899,-7.52228403,-1.70732546,-7.90379763,-9.00681877,-8.03205585,-6.13587523,-5.46517086,-8.96965599,-7.95574284,-11.963768]","[0.0319489613,0.540447891,0.420676887,0.00608041883,4.04730918e-06,6.53121679e-05,0.000560882152,0.000153584697,4.7399655e-07,7.54048244e-07,1.73434898e-07,5.8148813e-05,1.18426037e-07,3.93016677e-08,1.04170503e-07,6.93818379e-07,1.35684297e-06,4.07897112e-08,1.12431266e-07,2.0427926e-09]",4.047309175803093e-06,9,-11.802101135253906,1,1
543,4,0.8912833333015442,60.98524856567383,1.236205816268921,0.6079312562942505,43,44,43,"[7.09907293,3.8580122,5.86060572,1.60560596,-4.96452141,-3.43161368,1.17927504,0.152198598,-7.04957962,-6.06150723,-6.26195478,-2.64555907,-7.8537035,-7.34569788,-7.84891987,-7.41098738,-6.07392216,-9.18637085,-7.74506426,-13.7340364]","[0.74804908,0.029265454,0.216805652,0.0030771438,4.31297985e-06,1.99761198e-05,0.00200906745,0.000719351228,5.36102903e-07,1.44000148e-06,1.17844547e-06,4.3841992e-05,2.39895428e-07,3.98699655e-07,2.41045768e-07,3.73500313e-07,1.42223462e-06,6.32778239e-08,2.67425747e-07,6.70233091e-10]",4.31297985414858e-06,9,-12.063594818115234,0,2,343,344,343,"[5.93879604,4.55271387,6.50942135,2.11534739,-4.82374191,-2.19540787,1.43699002,0.244724885,-7.16976547,-6.37021875,-6.95206308,-1.94595778,-7.28808975,-8.19880104,-7.6456356,-6.6945076,-6.18219566,-8.88228607,-7.8724947,-12.6892195]","[0.327177227,0.0818116665,0.578898609,0.007149579,6.92902677e-06,9.59717072e-05,0.00362805161,0.0011012333,6.63448418e-07,1.47586309e-06,8.24810797e-07,0.000123162317,5.89412821e-07,2.37084251e-07,4.12229809e-07,1.06710957e-06,1.78116136e-06,1.19693055e-07,3.28560816e-07,2.65911981e-09]",6.9290267674659844e-06,9,-11.333163261413574,2,2
544,4,0.718294620513916,100.5749282836914,1.402245044708252,4.221889019012451,44,45,44,"[5.9368515,4.11972666,8.31052685,-0.318012655,-2.48309207,-1.96775448,0.618542075,-0.2861,-6.70207071,-6.88830996,-7.59713078,-2.29182553,-7.43181372,-8.25576782,-7.56891155,-7.20573473,-5.936656,-9.12546825,-7.05931759,-13.3007717]","[0.0839704052,0.0136445425,0.90157187,0.000161314514,1.85093486e-05,3.09884272e-05,0.000411541725,0.000166545375,2.72340543e-07,2.26063065e-07,1.11273778e-07,2.24107989e-05,1.31276963e-07,5.75903307e-08,1.14458459e-07,1.64578765e-07,5.85500743e-07,2.41347635e-08,1.90529278e-07,3.7096512e-10]",1.8509348592488095e-05,9,-10.793619155883789,2,2,344,345,344,"[5.00766468,4.8975482,8.45306778,1.02460158,-3.5229578,-0.565509439,0.715052545,-0.313337475,-6.61837864,-6.32572985,-7.42746401,-1.93697131,-7.44050598,-8.33547211,-7.43409634,-6.95691347,-6.01963902,-8.76740456,-7.08657789,-12.1708736]","[0.030035574,0.0269037597,0.941793025,0.000559517299,5.92698279e-06,0.000114087219,0.00041056145,0.000146809485,2.68231304e-07,3.59422302e-07,1.19434006e-07,2.89480085e-05,1.17886501e-07,4.81709534e-08,1.1864455e-07,1.91198922e-07,4.88133708e-07,3.12752064e-08,1.6794742e-07,1.04014131e-09]",5.926982794335345e-06,9,-11.976025581359863,2,2
545,4,1.2915925979614258,164.3670196533203,2.1741514205932617,2.0568783283233643,45,46,45,"[7.18926287,3.30448508,7.11579466,-1.05701506,-3.18125081,-2.34651589,1.19817698,0.502312303,-7.72809315,-6.97881556,-6.95289612,-2.47966194,-7.9990325,-8.48773479,-7.98040009,-8.20677948,-6.18900967,-9.01024723,-7.42939615,-13.531354]","[0.511796951,0.0105186505,0.475544155,0.000134209942,1.6041342e-05,3.69625122e-05,0.0012799768,0.0006382516,1.70048352e-07,3.59732269e-07,3.69178025e-07,3.23546519e-05,1.29689496e-07,7.95544253e-08,1.32128534e-07,1.0536133e-07,7.92479341e-07,4.71781014e-08,2.29242275e-07,5.13155241e-10]",1.6041341950767674e-05,9,-10.370513916015625,0,2,345,346,345,"[5.58886909,5.10489941,6.92814302,1.11713624,-3.76822639,-0.666602314,0.746830821,0.0620464198,-7.13891077,-5.9990859,-7.16021013,-1.23203886,-7.66612816,-8.49472427,-7.79788637,-7.05749083,-5.77994442,-8.82654858,-7.24564886,-12.0060453]","[0.183182552,0.112901255,0.699074388,0.00209331745,1.58179173e-05,0.000351696042,0.00144548528,0.000728812069,5.43599583e-07,1.69941404e-06,5.32143702e-07,0.000199802904,3.20857481e-07,1.40106224e-07,2.81248163e-07,5.89711703e-07,2.11578208e-06,1.00542003e-07,4.88566627e-07,4.18321022e-09]",1.581791730131954e-05,9,-10.696369171142578,2,2
546,4,1.4411849975585938,151.83621215820312,2.1414358615875244,7.626430988311768,46,47,46,"[6.57945538,3.93374753,7.62184429,0.328148514,-3.4667058,-2.34773636,1.14270616,0.0684873909,-7.20449781,-6.75854731,-7.26864004,-2.35921144,-7.64622259,-8.38016605,-8.06722927,-7.1811533,-5.77283621,-9.37296867,-7.59215832,-13.0052891]","[0.255426109,0.0181237925,0.724384367,0.000492444378,1.10731908e-05,3.39028084e-05,0.00111202674,0.000379828707,2.63615362e-07,4.11759999e-07,2.47237381e-07,3.35159421e-05,1.69485318e-07,8.13550116e-08,1.11247694e-07,2.69841593e-07,1.10340125e-06,3.01450491e-08,1.78900564e-07,7.97479027e-10]",1.1073190762544982e-05,9,-11.088550567626953,2,2,346,347,346,"[5.04798555,6.07518339,7.8205061,2.03404546,-4.21537685,-1.19197881,0.549713135,-0.453826964,-6.94168091,-6.14904833,-7.20134926,-1.82498348,-7.57803917,-8.7448597,-8.04108238,-6.70249462,-5.58250713,-8.70858955,-7.62091017,-12.1115103]","[0.0503535047,0.140648812,0.80560118,0.00247224816,4.77532058e-06,9.81855992e-05,0.000560344139,0.000205410659,3.125962e-07,6.90589388e-07,2.41107756e-07,5.21359325e-05,1.6543099e-07,5.15078646e-08,1.04116538e-07,3.9706444e-07,1.21692949e-06,5.3410357e-08,1.58488575e-07,1.77728143e-09]",4.775320576300146e-06,9,-12.035882949829102,2,2
547,4,1.3358585834503174,44.166717529296875,1.9044427871704102,3.496185779571533,47,48,47,"[7.26066017,3.64721847,7.02361584,0.75045836,-5.22010326,-2.62059498,0.859544039,-0.0255839042,-6.64323282,-7.38901711,-7.5227747,-2.34304333,-7.61862087,-8.31312656,-7.67551565,-6.99901342,-6.63442898,-9.32368946,-7.87627268,-14.3519335]","[0.549488306,0.0148135973,0.433522284,0.000817737018,2.08752749e-06,2.80921049e-05,0.000911988027,0.000376342185,5.03007755e-07,2.38607697e-07,2.08734704e-07,3.70786074e-05,1.89657143e-07,9.46998284e-08,1.791676e-07,3.52420102e-07,5.07455923e-07,3.44720696e-08,1.46579168e-07,2.2580246e-10]",2.0875274913123576e-06,9,-12.48076343536377,0,0,347,348,347,"[5.35621738,5.17304611,7.79317141,1.38674045,-4.8178525,-1.16645038,0.849919975,-0.115029991,-6.53669882,-6.71398878,-7.47518921,-2.11492205,-7.35458755,-8.83237648,-7.61931133,-6.58089685,-5.99150801,-8.79115582,-7.69506359,-12.9496422]","[0.0751482993,0.0625703931,0.859557331,0.00141904887,2.86666659e-06,0.000110448724,0.000829581346,0.000316072343,5.13914983e-07,4.30422773e-07,2.01052856e-07,4.2780408e-05,2.26822905e-07,5.17477332e-08,1.74067793e-07,4.91696085e-07,8.86471241e-07,5.39254366e-08,1.61368817e-07,8.42918457e-10]",2.8666665912169265e-06,9,-12.611023902893066,2,0
548,4,1.2321057319641113,39.11124038696289,2.2507944107055664,1.3667901754379272,48,49,48,"[8.62325764,3.99094748,5.45275164,0.651411057,-5.72385406,-3.79440498,0.517349362,-0.297469348,-7.72082233,-7.94939709,-7.64726305,-3.16480803,-7.80182171,-8.26308823,-7.60888147,-7.69002771,-7.04861546,-9.55182934,-8.73866844,-14.9965935]","[0.950111628,0.00924672559,0.03988792,0.0003278277,5.58345732e-07,3.84461009e-06,0.000286697119,0.000126926476,7.57933165e-08,6.03062205e-08,8.15787615e-08,7.21576998e-06,6.989616e-08,4.40684147e-08,8.47707469e-08,7.81636089e-08,1.48445366e-07,1.21460388e-08,2.73896408e-08,5.24569693e-11]",5.583457323155017e-07,9,-14.347111701965332,0,0,348,349,348,"[6.58858204,4.31719255,6.10853767,1.38924551,-5.10162449,-1.54361045,1.22445738,-0.0751628131,-7.03376102,-6.79179859,-7.51262951,-2.77118635,-7.25966358,-8.03566742,-7.33296299,-6.92030239,-6.3811121,-8.89919662,-8.19130802,-12.8297997]","[0.576767325,0.0595043562,0.356878221,0.00318388594,4.83068197e-06,0.000169525214,0.00270016864,0.000736161368,6.99668362e-07,8.91200045e-07,4.33433343e-07,4.96712564e-05,5.58192482e-07,2.56903121e-07,5.18740876e-07,7.83730457e-07,1.3437982e-06,1.08328678e-07,2.19875048e-07,2.12669038e-09]",4.830681973544415e-06,9,-11.690206527709961,0,0
549,4,1.1582740545272827,88.5560073852539,2.060145378112793,1.5465272665023804,49,50,49,"[8.87545109,3.76101184,4.72911215,0.475183159,-5.10615063,-3.93236589,0.512962043,-0.0766637325,-7.91918612,-7.85932493,-7.33330536,-3.46225238,-7.78598356,-8.45863533,-7.48374748,-7.94605207,-6.86444902,-9.17953491,-8.5610981,-14.9206524]","[0.97806406,0.00587752741,0.0154751595,0.000219875787,8.2839e-07,2.67918608e-06,0.000228341363,0.000126623156,4.97220292e-08,5.27893853e-08,8.93291983e-08,4.28716976e-06,5.68065488e-08,2.89914297e-08,7.68525084e-08,4.84040292e-08,1.42762886e-07,1.40989274e-08,2.61680047e-08,4.52742496e-11]",8.283900001515576e-07,9,-13.98160171508789,0,0,349,350,349,"[6.81530571,4.1498785,5.81495523,1.20772576,-4.82282257,-1.90611792,1.18252075,0.0418988205,-7.03944874,-6.8479104,-7.5197854,-3.12820578,-7.1622014,-8.0041399,-7.22723007,-6.99601507,-6.23635244,-8.80061626,-8.36497974,-12.9688129]","[0.691591263,0.0481137447,0.254333079,0.00253809802,6.10203415e-06,0.000112767404,0.00247492548,0.000791035942,6.64976199e-07,8.05359832e-07,4.11337538e-07,3.32229029e-05,5.8815948e-07,2.53423025e-07,5.51129574e-07,6.9449527e-07,1.48452193e-06,1.1427224e-07,1.76658816e-07,1.76895154e-09]",6.102034149080282e-06,9,-11.638128280639648,0,0
550,4,1.2494959831237793,1894.0048828125,2.0614235401153564,1.653146743774414,50,51,50,"[7.46347332,5.47335434,4.12996864,1.02838731,-5.12681627,-3.91433573,-0.272523463,1.16885424,-7.25160313,-7.83333778,-7.60002184,-3.21335602,-7.87740517,-9.10650539,-7.38019848,-8.02188492,-6.53490257,-8.81656361,-8.26083851,-14.7759781]","[0.850141346,0.116196603,0.0303227399,0.0013638566,2.89466334e-06,9.73131773e-06,0.000371356,0.00156954152,3.45791733e-07,1.93272683e-07,2.44061084e-07,1.9615667e-05,1.84940603e-07,5.41055272e-08,3.04064969e-07,1.60060978e-07,7.08066011e-07,7.23037772e-08,1.26040248e-07,1.86646434e-10]",2.894663339247927e-06,9,-12.590290069580078,0,0,350,351,350,"[5.78225183,5.56135559,5.49283791,1.33687472,-4.70320797,-1.85291219,0.177997798,0.746120751,-6.58288765,-6.62662649,-7.64268446,-1.91053832,-7.36259365,-8.70266819,-7.40215683,-7.15822506,-5.67020464,-8.85101128,-7.1860671,-13.2458611]","[0.388588995,0.311570615,0.290937454,0.00455919141,1.08570775e-05,0.000187750455,0.00143084896,0.00252537942,1.65721485e-06,1.58629177e-06,5.74268142e-07,0.000177236841,7.59899876e-07,1.98961686e-07,7.30423494e-07,9.32207513e-07,4.12811141e-06,1.71532037e-07,9.06611263e-07,2.11682738e-09]",1.08570775410044e-05,9,-10.48546028137207,0,2
551,4,1.4446184635162354,53.37006378173828,2.3345444202423096,1.5005799531936646,51,52,51,"[7.4333148,6.4843874,3.34456372,1.68913651,-5.25939941,-4.5693512,-0.644247651,1.03819942,-7.30118084,-7.93690348,-7.68021059,-3.91716933,-8.04078197,-9.5772438,-7.26203966,-7.69636965,-7.078269,-8.65872955,-8.79160309,-14.5019779]","[0.709662259,0.274750054,0.0118940501,0.00227188715,2.18110085e-06,4.34870435e-06,0.000220298185,0.00118491822,2.8310123e-07,1.49916943e-07,1.93789859e-07,8.3483219e-06,1.35125433e-07,2.90709856e-08,2.94401701e-07,1.90683565e-07,3.53794547e-07,7.28392422e-08,6.37762838e-08,2.11190759e-10]",2.1811008537042653e-06,9,-12.69271469116211,0,0,351,352,351,"[6.02494907,5.62756824,4.86270237,1.57262969,-4.61056805,-2.23480678,0.322497487,0.83246392,-6.666852,-6.75029707,-7.61602831,-2.88072562,-7.40250015,-8.76337147,-7.25598478,-7.03123951,-6.18121433,-8.388937,-7.93802881,-12.7487488]","[0.498542815,0.335059673,0.155935556,0.00580877857,1.19882579e-05,0.000128984029,0.00166402245,0.0027709885,1.53363953e-06,1.41085945e-06,5.93609798e-07,6.76109339e-05,7.34912021e-07,1.88458813e-07,8.50876233e-07,1.06529967e-06,2.49248774e-06,2.74050933e-07,4.30187725e-07,3.50258511e-09]",1.1988257938355673e-05,9,-10.635517120361328,0,0
552,4,1.719761610031128,162.46240234375,2.460911273956299,1.243357539176941,52,53,52,"[7.62040329,6.84042501,2.62871456,2.0688765,-5.21831751,-4.66973543,-0.935860753,0.585405171,-7.35834408,-7.76061201,-7.68565798,-4.07829762,-7.97413683,-9.321311,-7.1088562,-7.67487335,-6.88624477,-8.58193493,-8.97027683,-14.7430363]","[0.680187702,0.311808884,0.00462131854,0.00264016585,1.8065208e-06,3.12672114e-06,0.000130824948,0.000598918879,2.12540385e-07,1.421474e-07,1.53211246e-07,5.64868742e-06,1.14816899e-07,2.98493816e-08,2.72767522e-07,1.54872566e-07,3.40778001e-07,6.25233554e-08,4.24021991e-08,1.31920169e-10]",1.8065207996187382e-06,9,-12.838720321655273,0,1,352,353,352,"[6.21038103,5.59896135,4.8001709,2.15865684,-4.60704803,-2.20882416,0.227748781,0.573728025,-6.74065638,-6.50597668,-7.75653028,-3.01925445,-7.38870716,-8.45857239,-7.2363472,-7.03838873,-6.28433561,-8.45866108,-8.10645008,-12.614316]","[0.552331805,0.299684197,0.134819776,0.00960635673,1.10726232e-05,0.000121838886,0.00139307964,0.00196894142,1.31110164e-06,1.65789072e-06,4.74730939e-07,5.41776826e-05,6.85789644e-07,2.35263613e-07,7.98657197e-07,9.73492206e-07,2.06925279e-06,2.3524251e-07,3.34563936e-07,3.68754915e-09]",1.1072623237851076e-05,9,-10.817428588867188,0,1
553,4,1.9870022535324097,2312.75439453125,2.7145962715148926,1.2733895778656006,53,54,53,"[7.6794138,6.84168577,2.36347318,1.93662548,-5.02428436,-4.92206669,-1.08171749,0.46833691,-7.41001701,-7.70785379,-7.23010397,-4.05242872,-8.01236725,-9.14878559,-7.06227112,-7.81151867,-6.5801897,-8.39339161,-8.89859867,-14.9799376]","[0.693614602,0.300121814,0.00340748881,0.00222360133,2.10849339e-06,2.33541891e-06,0.000108694418,0.000512138417,1.94026768e-07,1.44049778e-07,2.32272143e-07,5.57242174e-06,1.0623409e-07,3.40976207e-08,2.74717195e-07,1.29864887e-07,4.44888457e-07,7.25750766e-08,4.37903971e-08,1.00066101e-10]",2.1084933905513026e-06,9,-12.70369815826416,0,0,353,354,353,"[6.01222229,5.571527,5.04083776,2.40896106,-4.35130882,-2.20747042,0.295730263,0.432816148,-6.66434002,-6.30087757,-7.64420509,-2.87553573,-7.31591511,-8.33656502,-7.27423906,-6.92740536,-6.13976383,-8.46175194,-7.99857998,-12.3542891]","[0.486166477,0.312891275,0.184042469,0.0132406233,1.534478e-05,0.000130923625,0.00160008844,0.00183518417,1.5185334e-06,2.18410787e-06,5.69998804e-07,6.71244343e-05,7.91496291e-07,2.85223877e-07,8.2517937e-07,1.16728404e-06,2.56593057e-06,2.51662129e-07,3.99918349e-07,5.1322866e-09]",1.5344779967563227e-05,9,-10.363531112670898,0,0
554,4,2.00457501411438,389.4161071777344,3.3193507194519043,46.29146194458008,54,55,54,"[9.45999336,4.72549248,3.24354768,-0.0717054605,-4.71327686,-5.99605036,1.84813225,-0.548746645,-8.68264008,-8.29796314,-7.275105,-3.86942434,-8.82226753,-8.79500103,-7.93348026,-9.20889568,-6.84549618,-9.23546791,-9.09517002,-15.3690367]","[0.988730371,0.00868780911,0.0019738297,7.16990762e-05,6.91360924e-07,1.91691825e-07,0.000488977123,4.44976577e-05,1.3056666e-08,1.91820462e-08,5.33478826e-08,1.60762636e-06,1.13551488e-08,1.16690346e-08,2.76177232e-08,7.71405606e-09,8.19773973e-08,7.51176898e-09,8.6431573e-09,1.62917423e-11]",6.913609240655205e-07,8,-14.173270225524902,0,0,354,355,354,"[6.35446405,5.60910702,4.9790926,3.24764514,-4.40824032,-2.75960255,1.26753259,-0.139769882,-6.99406528,-6.22033691,-7.9213872,-2.38778758,-7.67669725,-8.33168411,-7.6172905,-7.11427546,-6.08732986,-9.1661272,-8.24464035,-12.0670052]","[0.561782777,0.266602367,0.141988173,0.0251358822,1.18955777e-05,6.18557096e-05,0.00347010209,0.000849490345,8.96140364e-07,1.94268114e-06,3.54523507e-07,8.97133141e-05,4.52806347e-07,2.35209626e-07,4.80520953e-07,7.94637742e-07,2.21904338e-06,1.02108409e-07,2.56600629e-07,5.61339197e-09]",1.1895577699760906e-05,9,-10.762704849243164,0,1
555,4,2.039360523223877,193.442138671875,5.0651116371154785,6.95209264755249,55,56,55,"[8.44118786,5.82326555,4.5214529,-0.72857368,-3.74752665,-5.68034029,2.17761302,-1.37338305,-8.87474442,-8.63117027,-7.11606503,-3.32581925,-9.18329144,-9.91276836,-8.08488083,-9.46603107,-6.59872103,-9.15013599,-8.78068638,-15.0053349]","[0.913343728,0.0666323379,0.0181265417,9.51168258e-05,4.64667801e-06,6.72561896e-07,0.00173939555,4.99137313e-05,2.75689871e-08,3.51724765e-08,1.60031391e-07,7.08415519e-06,2.02497734e-08,9.763653e-09,6.07371149e-08,1.5262577e-08,2.68463111e-07,2.09324149e-08,3.02879108e-08,5.99706049e-11]",4.646678007702576e-06,8,-12.188714981079102,0,0,355,356,355,"[6.08657932,5.89867067,5.13516426,4.33653784,-4.97159576,-2.05021119,1.40277898,-0.216613129,-6.5938611,-5.80887604,-8.03456688,-1.6623019,-7.85428143,-8.72561359,-8.02187729,-6.85066557,-5.99323463,-9.38326168,-8.15845013,-11.5135651]","[0.416582137,0.345217615,0.160881594,0.07238812,6.56441807e-06,0.000121881429,0.00385081,0.000762533455,1.29614966e-06,2.84164639e-06,3.06877297e-07,0.000179640483,3.67503702e-07,1.53761292e-07,3.10796224e-07,1.00259786e-06,2.36321966e-06,7.96588608e-08,2.71120882e-07,9.46358014e-09]",6.564418072230183e-06,9,-11.058175086975098,0,0
556,4,1.2653310298919678,34.71695327758789,1.7514660358428955,0.7866482734680176,56,57,56,"[6.06559324,6.27340078,6.15667057,0.798966646,-4.68577623,-3.47223949,0.633018732,1.22095025,-6.76331615,-6.77950239,-6.94939661,-4.55538321,-8.55971146,-8.68252945,-8.11795044,-8.14964485,-5.75149918,-8.80679226,-8.12508488,-13.1314011]","[0.299054772,0.368129313,0.327570736,0.00154341944,6.40457438e-06,2.15537475e-05,0.00130741566,0.00235368824,8.0209594e-07,7.89217154e-07,6.65905191e-07,7.29657859e-06,1.33064248e-07,1.17685303e-07,2.06973965e-07,2.00516922e-07,2.20623861e-06,1.03933594e-07,2.05502786e-07,1.37594736e-09]",6.4045743783935905e-06,9,-10.959177017211914,1,1,356,357,356,"[5.89899302,4.62040615,7.33831406,1.38549423,-4.50618505,-1.72077346,0.872208953,0.260491878,-6.80959988,-6.72326326,-7.07911825,-3.17351246,-7.62608433,-8.59027863,-7.44121885,-7.10844231,-5.98158979,-8.59126377,-7.96599388,-13.1771507]","[0.181225136,0.0504586026,0.764376998,0.00198623585,5.48664411e-06,8.89192452e-05,0.00118881394,0.000644834887,5.48209641e-07,5.97643748e-07,4.18693418e-07,2.08007696e-05,2.42299194e-07,9.23863226e-08,2.91499504e-07,4.06594069e-07,1.25471956e-06,9.22952665e-08,1.72476973e-07,9.40923894e-10]",5.486644113261718e-06,9,-11.844499588012695,2,2
557,4,1.137120008468628,17342.8046875,2.8689796924591064,1.5888605117797852,57,58,57,"[8.7807169,4.57865381,4.85833454,1.22066391,-4.95111465,-4.78153324,0.885164678,-0.460081249,-8.03923225,-7.97829103,-7.59108448,-4.13311815,-8.70538425,-9.10868263,-7.35753059,-8.21736622,-6.65276051,-9.01637745,-8.9812212,-14.649929]","[0.96548003,0.0144480914,0.0191105995,0.00050286809,1.04974686e-06,1.24374947e-06,0.000359541096,9.36517172e-05,4.78554902e-08,5.08625817e-08,7.49135296e-08,2.3786788e-06,2.45825014e-08,1.64238649e-08,9.46217682e-08,4.00469631e-08,1.9145611e-07,1.80120612e-08,1.86565607e-08,6.44085479e-11]",1.049746856551792e-06,9,-13.731831550598145,0,0,357,358,357,"[6.9901948,4.21281099,5.45205212,1.92992949,-4.91095066,-1.91255355,1.10417628,0.270923704,-7.15706158,-6.73276281,-7.5635066,-3.37247658,-7.47846603,-8.01148033,-7.12025452,-7.15249586,-6.62435341,-8.56514454,-8.52521038,-12.75103]","[0.776704788,0.0483118333,0.166820392,0.00492731808,5.26809981e-06,0.000105643208,0.00215769722,0.000937807257,5.57417195e-07,8.52022879e-07,3.71247665e-07,2.45360807e-05,4.04200279e-07,2.37198236e-07,5.78316872e-07,5.59968328e-07,9.49583239e-07,1.3635082e-07,1.41906057e-07,2.07372541e-09]",5.268099812383298e-06,9,-11.901145935058594,0,0
558,4,1.5881731510162354,505.6447448730469,2.806920289993286,5.449967861175537,58,59,58,"[9.95890045,3.46783614,3.86813664,0.213542789,-4.90273094,-5.12612534,0.899366736,-0.432929009,-8.38256073,-8.34523201,-7.08315754,-4.07352734,-8.52497196,-8.92493153,-7.6020956,-8.27276897,-6.85462856,-9.12214756,-8.77979374,-15.4033318]","[0.996028185,0.00151090918,0.00225468772,5.83333131e-05,3.49902535e-07,2.79851861e-07,0.00011581531,3.0560288e-05,1.07814264e-08,1.11914682e-08,3.95366868e-08,8.01799274e-07,9.35035871e-09,6.26798569e-09,2.3530303e-08,1.20325527e-08,4.96876353e-08,5.14609955e-09,7.24703808e-09,9.62928695e-12]",3.499025353903562e-07,8,-14.861631393432617,0,0,358,359,358,"[7.47184324,3.64481759,5.33550549,1.37734413,-4.86556816,-2.31920505,1.22660434,0.198888883,-7.28552008,-6.88939476,-7.37485933,-3.23324752,-7.44031572,-8.06206226,-7.23213816,-7.19483232,-6.37835789,-8.71231842,-8.467062,-13.4276295]","[0.873487234,0.019019559,0.103147067,0.00196992303,3.8298931e-06,4.88718069e-05,0.0016942746,0.000606251124,3.40576491e-07,5.06115839e-07,3.11469535e-07,1.95927059e-05,2.91734779e-07,1.56663319e-07,3.59251487e-07,3.72906783e-07,8.43705379e-07,8.17643979e-08,1.04490724e-07,7.3237022e-10]",3.829893103102222e-06,9,-12.337411880493164,0,0
559,4,1.9836926460266113,235.01904296875,3.0648717880249023,3.004389524459839,59,60,59,"[11.0276003,3.18510103,3.26672935,-0.516982079,-4.85315418,-5.04989433,0.77737993,-0.705230713,-8.84222126,-8.86431599,-7.34394455,-4.29434252,-8.71350765,-9.3261652,-7.95696545,-8.53834057,-6.93036127,-9.51232719,-8.64896774,-16.0759125]","[0.99912852,0.00039234414,0.00042571401,9.67994583e-06,1.26676881e-07,1.04052994e-07,3.53189062e-05,8.01895112e-06,2.34567321e-09,2.29441466e-09,1.04944675e-08,2.21506212e-07,2.66788525e-09,1.44575041e-09,5.68498359e-09,3.17863891e-09,1.58700217e-08,1.20017518e-09,2.84574542e-09,1.69322585e-12]",1.2667688054079917e-07,8,-15.880754470825195,0,0,359,360,359,"[7.9627285,3.45288968,5.18852758,1.03623343,-4.7363863,-2.27451897,1.16464746,-0.108882204,-7.45883465,-7.08007002,-7.37209177,-3.36993384,-7.49875546,-8.24497128,-7.39254284,-7.28555632,-6.30220413,-8.85890961,-8.4920702,-13.9011993]","[0.92948699,0.0102245715,0.0579993576,0.000912230811,2.83849317e-06,3.32861237e-05,0.00103722804,0.000290260155,1.86527771e-07,2.7241984e-07,2.03430332e-07,1.11309055e-05,1.79228124e-07,8.49822754e-08,1.99312112e-07,2.21818198e-07,5.93009702e-07,4.59937404e-08,6.63766642e-08,2.97070896e-10]",2.8384931738401065e-06,9,-12.699114799499512,0,0
560,4,1.8738908767700195,327.986328125,2.8671650886535645,4.025115966796875,60,61,60,"[10.3928976,3.1170826,3.52245855,-0.343222409,-4.34556866,-4.70071936,1.17378616,-0.51511544,-8.47534752,-8.37981987,-7.2169528,-4.44489193,-8.58551788,-9.02272034,-7.96923351,-8.45508575,-6.52975512,-9.33954144,-8.57174015,-15.5986633]","[0.998133242,0.000690783898,0.00103608356,2.1704549e-05,3.96601138e-07,2.78044382e-07,9.89416803e-05,1.82767308e-05,6.37990505e-09,7.01942193e-09,2.24557652e-08,3.59102444e-07,5.71435166e-09,3.69056075e-09,1.05831832e-08,6.51047882e-09,4.46450805e-08,2.68843237e-09,5.79363313e-09,5.14276425e-12]",3.9660113770878525e-07,7,-14.738466262817383,0,0,360,361,360,"[7.52573252,3.54095364,5.22150183,1.03828764,-4.43903446,-2.01853848,1.23595953,-0.189577118,-7.25929832,-6.8920722,-7.12854052,-3.29134655,-7.36538076,-8.22265911,-7.30878067,-7.06559801,-6.109375,-8.66530132,-8.29142094,-13.5833836]","[0.890981436,0.016569186,0.0889516473,0.0013564605,5.67069901e-06,6.38035199e-05,0.00165293179,0.000397330849,3.37917839e-07,4.87860518e-07,3.85122348e-07,1.78678019e-05,3.03906717e-07,1.28952351e-07,3.21603835e-07,4.10142064e-07,1.06712798e-06,8.28309439e-08,1.20383334e-07,6.05753891e-10]",5.670699010806857e-06,9,-11.964767456054688,0,0
561,4,2.489748477935791,92.34233093261719,3.9560117721557617,2.2165472507476807,61,62,61,"[11.171504,2.13420701,3.03433728,-0.9104321,-4.20049047,-4.50939846,1.35598743,0.16568312,-8.37079811,-8.17486572,-7.54628611,-5.07244301,-8.7369318,-8.17436218,-7.87971592,-8.71066093,-6.5773077,-9.40228748,-9.23459816,-15.688446]","[0.9995116,0.000118833661,0.000292321754,5.65808841e-06,2.10773337e-07,1.54759903e-07,5.45711628e-05,1.65966503e-05,3.25592442e-09,3.96064426e-09,7.42599537e-09,8.81316069e-08,2.2576887e-09,3.96263911e-09,5.32044764e-09,2.31778796e-09,1.95693701e-08,1.16065657e-09,1.37255796e-09,2.16102266e-12]",2.1077333656194241e-07,7,-15.371994018554688,0,0,361,362,361,"[7.21549225,3.66456985,5.0866704,1.10758388,-4.08999252,-1.70758712,1.09103072,-0.0788027048,-7.06677914,-6.63262033,-7.14966631,-3.16676903,-7.25366497,-8.12460136,-7.23295832,-6.85721016,-5.85333443,-8.57907963,-8.15552998,-13.2321758]","[0.867338717,0.0248910245,0.103193693,0.00193000247,1.06728176e-05,0.000115596573,0.00189831748,0.000589273288,5.43847932e-07,8.39518009e-07,5.00587305e-07,2.68676667e-05,4.51142824e-07,1.88829887e-07,4.60581617e-07,6.70643544e-07,1.83007717e-06,1.19865376e-07,1.83079209e-07,1.14256082e-09]",1.0672817552404013e-05,9,-11.305484771728516,0,0
562,4,3.497298240661621,237.10244750976562,5.2202277183532715,8.909407615661621,62,63,62,"[11.9234066,0.41457811,2.58941603,-2.56105566,-3.46418285,-3.76026392,1.27722204,0.727691948,-7.97604942,-8.03076267,-7.64095116,-5.03513193,-8.38781548,-7.28409958,-7.3902688,-8.55445766,-6.74364758,-9.11050701,-9.30324459,-15.9203539]","[0.999863148,1.00396828e-05,8.83568355e-05,5.1217495e-07,2.07584719e-07,1.54386456e-07,2.37881795e-05,1.37310371e-05,2.27885466e-09,2.15751861e-09,3.18601612e-09,4.31460556e-08,1.50969393e-09,4.55225546e-09,4.09371959e-09,1.27796085e-09,7.8152409e-09,7.32872374e-10,6.04398642e-10,8.08255427e-13]",2.075847191918001e-07,7,-15.387589454650879,0,0,362,363,362,"[6.70317888,4.10822344,5.09520769,1.29030776,-3.76203299,-1.52473557,1.02357328,-0.0871632844,-6.76918125,-6.33468437,-7.27145863,-2.9969275,-7.20839024,-8.06761646,-7.16265011,-6.65792751,-5.72927856,-8.57296276,-8.0729847,-12.8370094]","[0.778627694,0.0581239425,0.155954108,0.00347176008,2.21996488e-05,0.000207965772,0.00265893992,0.000875632104,1.09738346e-06,1.69456246e-06,6.6408262e-07,4.77119393e-05,7.073142e-07,2.99540204e-07,7.40418159e-07,1.22652193e-06,3.10443102e-06,1.80711609e-07,2.97936253e-07,2.54175747e-09]",2.21996488107834e-05,9,-10.465211868286133,0,0
563,4,3.689943313598633,68.97811126708984,5.230065822601318,51.16178894042969,63,64,63,"[11.6261005,0.0878984183,2.68127012,-2.84463739,-2.95202446,-3.46371508,0.65194869,0.694998443,-7.85090017,-7.92157936,-7.40921926,-4.64423132,-7.85748863,-6.79542208,-6.68075371,-8.03884792,-6.86386919,-8.3637743,-9.24205399,-16.1311913]","[0.999823511,9.74867999e-06,0.000130386499,5.19232003e-07,4.66362991e-07,2.79575715e-07,1.71360152e-05,1.78898281e-05,3.47671603e-09,3.23946892e-09,5.40740341e-09,8.58633484e-08,3.45388651e-09,9.98980632e-09,1.12035989e-08,2.88101254e-09,9.32891009e-09,2.08175965e-09,8.64964211e-10,8.8121898e-13]",4.663629908918665e-07,7,-14.578125,0,0,363,364,363,"[6.39603472,4.58493853,5.34142876,1.52790093,-3.71614885,-1.53730679,0.910857081,-0.0229922943,-6.68322945,-6.23486567,-7.46703768,-2.9500227,-7.29364347,-8.17680454,-7.22623539,-6.67542887,-5.81972361,-8.65681839,-8.16717148,-12.5739746]","[0.655405164,0.107142255,0.22829704,0.00503855851,2.6597716e-05,0.000235019354,0.00271848869,0.00106846902,1.36853976e-06,2.14278953e-06,6.24962581e-07,5.72227764e-05,7.43289775e-07,3.07331021e-07,7.95121139e-07,1.37925758e-06,3.24543885e-06,1.90168493e-07,3.10305552e-07,3.7839003e-09]",2.6597715987008996e-05,9,-10.112183570861816,0,0
564,4,2.6513478755950928,5507.85302734375,4.538106918334961,13.600110054016113,64,65,64,"[10.4048481,3.10906005,3.56284952,-3.16654873,-2.69411421,-4.09074116,-0.071683459,-0.66540575,-8.05311871,-9.32049084,-7.64105225,-3.86936545,-8.02749538,-8.67970657,-7.19330168,-7.55070305,-7.02216196,-8.14160347,-8.59043312,-17.0815887]","[0.998208523,0.000677174889,0.00106605364,1.27420265e-06,2.0436853e-06,5.05669618e-07,2.81398152e-05,1.5540727e-05,9.61675539e-09,2.70779532e-09,1.45206585e-08,6.30970419e-07,9.86635307e-09,5.13930631e-09,2.2721748e-08,1.5893681e-08,2.6962935e-08,8.80237216e-09,5.61921221e-09,1.15348887e-12]",2.0436852992133936e-06,6,-13.098962783813477,0,0,364,365,364,"[6.46802616,5.113832,4.97770214,1.37155795,-3.91361117,-1.86342692,0.903219461,-0.000973824412,-6.66799307,-6.39479446,-7.74889946,-3.10793829,-7.5108633,-8.37528229,-7.28767109,-6.9137888,-6.04679871,-8.76806736,-8.16212177,-12.9145622]","[0.668758094,0.172643423,0.150670975,0.00409167306,2.07291305e-05,0.000161051532,0.0025615585,0.00103709393,1.319376e-06,1.73387036e-06,4.47647665e-07,4.63960205e-05,5.67955738e-07,2.39277398e-07,7.09979247e-07,1.03185982e-06,2.4555527e-06,1.61553984e-07,2.9612599e-07,2.5557445e-09]",2.072913048323244e-05,9,-10.381637573242188,0,0
565,4,1.6618432998657227,27.390954971313477,4.114132881164551,10.690032005310059,65,66,65,"[8.46875858,5.03358793,5.95892239,-2.48686576,-2.39753699,-4.89721918,-0.0947977006,-0.974415362,-7.9106369,-9.69897747,-7.50562477,-3.44891071,-8.7088871,-9.49635029,-8.08178329,-7.71651983,-6.90757418,-8.95763874,-7.1419878,-16.7904243]","[0.897813261,0.0289274622,0.0729756579,1.56754031e-05,1.71401134e-05,1.40739451e-06,0.000171427542,7.11324028e-05,6.91361777e-08,1.15621477e-08,1.03657207e-07,5.98974111e-06,3.11192316e-08,1.41591618e-08,5.82609303e-08,8.39476044e-08,1.88507997e-07,2.42659333e-08,1.49116261e-07,9.62194126e-12]",1.714011341391597e-05,6,-10.86629581451416,0,0,365,366,365,"[6.00556183,5.54442453,5.14088202,1.50410366,-3.97397137,-1.94496155,0.918592691,0.051337827,-6.54551029,-6.31496382,-7.6041398,-3.08321238,-7.57894611,-8.41978264,-7.38272285,-6.92860413,-6.09793472,-8.66839027,-7.82848644,-12.6762915]","[0.482590437,0.304305136,0.203260526,0.00535328407,2.23625884e-05,0.000170102416,0.0029808227,0.00125225284,1.70890121e-06,2.15199975e-06,5.92871572e-07,5.44972318e-05,6.07997038e-07,2.62259476e-07,7.39810673e-07,1.16504259e-06,2.67360315e-06,2.04532483e-07,4.7372626e-07,3.71665698e-09]",2.236258842458483e-05,9,-9.979533195495605,0,0
566,4,2.241123676300049,475.0592041015625,4.181463718414307,1.3277392387390137,66,67,66,"[6.47854328,8.13337898,5.39910412,2.3604939,-9.28010845,-5.1654377,-1.78729928,0.562330186,-7.47494411,-9.56308174,-7.0666604,-3.94300556,-8.22088337,-12.1028976,-7.32414436,-7.48193789,-6.67525959,-7.99815798,-7.14002991,-16.5765591]","[0.151715547,0.793809116,0.0515508242,0.00246935687,2.1733765e-08,1.33080187e-06,3.90139867e-05,0.000408932305,1.3216227e-07,1.63772462e-08,1.98802866e-07,4.51865208e-06,6.26830001e-08,1.29184963e-09,1.53673511e-07,1.31241123e-07,2.94039779e-07,7.83209586e-08,1.84739108e-07,1.4734193e-11]",2.173376500991253e-08,17,-17.41348648071289,1,1,366,367,366,"[5.85275269,5.27019167,5.60042381,2.63892126,-5.09864473,-1.02137542,0.585768223,0.610785782,-6.73837566,-6.05099964,-7.82011271,-1.67338514,-7.74576759,-8.4031496,-7.50410652,-7.08302689,-6.47484112,-8.8719635,-7.37930298,-12.8332415]","[0.418809354,0.233890906,0.325410336,0.016837094,7.34318883e-06,0.000433132111,0.00216069818,0.00221543573,1.42481599e-06,2.83323402e-06,4.83021154e-07,0.000225660973,5.20300262e-07,2.69622859e-07,6.62530852e-07,1.00943578e-06,1.85442991e-06,1.68714877e-07,7.5059836e-07,3.21212656e-09]",7.343188826780533e-06,9,-10.951396942138672,0,2
567,4,2.2809641361236572,144.68373107910156,3.3038978576660156,1.911960244178772,67,68,67,"[8.05262375,8.96339893,4.63386154,-2.29389572,-6.21312332,-3.31398439,-0.771783948,-1.43544197,-8.80898571,-9.35964966,-7.95352125,-4.45111847,-8.62316513,-12.2284012,-9.01061153,-8.38636112,-8.39485359,-10.0670214,-8.23482037,-16.1844196]","[0.284149587,0.706466556,0.00930673629,9.12243286e-06,1.81138915e-07,3.28921283e-06,4.17979973e-05,2.15244672e-05,1.35096174e-08,7.78920484e-09,3.17809423e-08,1.05497156e-06,1.62683804e-08,4.42191311e-10,1.10427703e-08,2.06151931e-08,2.04407993e-08,3.83959931e-09,2.39883242e-08,8.46315639e-12]",1.8113891542270721e-07,9,-15.176522254943848,1,1,367,368,367,"[6.02952385,6.08035612,5.47447824,0.849495173,-4.74510813,-1.53591657,0.703836262,0.0375561975,-7.09885406,-6.82315493,-7.69551802,-2.75717139,-8.01270008,-8.92450333,-7.60453606,-7.43534899,-6.87159538,-8.83567524,-7.65962601,-13.1384506]","[0.37880379,0.398557037,0.217450827,0.00213184953,7.92594619e-06,0.000196238951,0.0018428826,0.000946533168,7.53064285e-07,9.92126047e-07,4.14671717e-07,5.78630315e-05,3.01963325e-07,1.21328455e-07,4.54168628e-07,5.37891083e-07,9.4521198e-07,1.32599098e-07,4.29825178e-07,1.79419057e-09]",7.925946192699485e-06,9,-10.825464248657227,1,2
568,4,2.361677408218384,487.3408203125,4.431736946105957,3.8200535774230957,68,69,68,"[7.41100407,7.94070768,2.46606207,-1.1601243,-1.33870864,-4.11788082,0.701600909,-0.601258874,-7.96116734,-7.98849964,-8.24063778,-3.44473433,-8.33283997,-10.7751637,-8.33868504,-7.93780565,-5.21191406,-9.72130871,-8.57462406,-14.1685581]","[0.369347036,0.62730968,0.00262950268,6.99907832e-05,5.85439957e-05,3.63499453e-06,0.00045037875,0.000122391895,7.78726132e-08,7.57730021e-08,5.8886144e-08,7.12602014e-06,5.36994484e-08,4.66962646e-09,5.33864402e-08,7.97133879e-08,1.21722462e-06,1.33957156e-08,4.21661461e-08,1.56873514e-10]",5.854399569216184e-05,7,-9.27941608428955,1,1,368,369,368,"[5.33913565,6.48068905,4.86829615,3.27161241,-3.65505433,-1.97496653,1.09244037,-0.183186039,-6.29283953,-5.62187767,-8.03299141,-1.49005663,-7.51690006,-8.42435455,-7.76643896,-6.59516096,-5.58455276,-9.08687592,-7.74968433,-11.4092731]","[0.203963146,0.638736963,0.127370462,0.0258010756,2.53177277e-05,0.000135855662,0.00291900919,0.000815150561,1.81071175e-06,3.54196345e-06,3.17768439e-07,0.000220633287,5.32410183e-07,2.14854225e-07,4.14832471e-07,1.33829633e-06,3.6766653e-06,1.10768042e-07,4.21841634e-07,1.08595186e-08]",2.5317727704532444e-05,9,-10.135743141174316,1,1
569,4,3.3884856700897217,1629.1182861328125,6.67891788482666,3.332585096359253,69,70,69,"[12.3530798,4.16185999,1.24033356,-4.0142374,-2.54263568,-6.73442268,0.392259687,0.412049681,-10.671196,-9.73604488,-7.40620565,-4.09673643,-8.86803627,-10.2423763,-9.03102779,-9.95388508,-6.06894588,-10.8893604,-9.10275745,-15.7125931]","[0.999694705,0.000276991224,1.49163652e-05,7.79169369e-08,3.39422229e-07,5.13181275e-09,6.38776874e-06,6.51543951e-06,1.00126962e-10,2.5508351e-10,2.62131317e-09,7.17469035e-08,6.07650985e-10,1.5373966e-10,5.16258813e-10,2.05151937e-10,9.98351091e-09,8.05015568e-11,4.8052462e-10,6.4729179e-13]",3.3942222898986074e-07,6,-14.895715713500977,0,0,369,370,369,"[6.78568935,5.22988749,5.37385082,2.66468072,-4.28098345,-2.98044229,1.66148794,-0.166010067,-7.46448994,-6.7429862,-7.50356245,-1.92750692,-7.86390877,-9.05390739,-8.21179008,-7.11073732,-6.46331024,-9.33980656,-8.42313957,-12.8412085]","[0.676546454,0.142764896,0.164870873,0.0109790917,1.05706704e-05,3.88079097e-05,0.00402610656,0.00064746011,4.3804971e-07,9.01298563e-07,4.21264303e-07,0.000111225607,2.93804476e-07,8.93816932e-08,2.0747963e-07,6.23958897e-07,1.19214928e-06,6.71558311e-08,1.67952919e-07,2.02508943e-09]",1.0570670383458491e-05,9,-11.066673278808594,0,0
570,4,4.086984634399414,77.98762512207031,6.308657646179199,19.37662696838379,70,71,70,"[13.5732508,-0.19983694,1.14699137,-2.10699415,-4.44833994,-6.00649071,1.02501273,0.99171859,-9.69469643,-8.60508537,-5.76285982,-4.31703568,-7.83257723,-8.03328991,-8.47602367,-9.67903233,-6.45655966,-10.5958681,-7.83935928,-15.1312742]","[0.999987841,1.04332298e-06,4.0117975e-06,1.54935393e-07,1.49044901e-08,3.13776649e-09,3.55111138e-06,3.43482475e-06,7.84970283e-11,2.33380898e-10,4.00340205e-09,1.69958341e-08,5.05315234e-10,4.13421769e-10,2.65531791e-10,7.97362246e-11,2.00058925e-09,3.18771086e-11,5.01899466e-10,3.41804628e-13]",1.4904490086564692e-08,8,-18.021591186523438,0,0,370,371,370,"[7.26459312,3.67232871,5.5473156,2.18402863,-4.5543623,-1.90396607,1.19784963,0.18808426,-7.51304913,-6.74046993,-6.73015928,-3.12563562,-7.43425941,-8.20751381,-7.71804857,-7.38180351,-6.36891603,-8.86821938,-7.79642534,-12.6631413]","[0.821951151,0.0226331688,0.14758487,0.00510957604,6.05255673e-06,8.57020859e-05,0.00190586806,0.000694315997,3.14049089e-07,6.80024243e-07,6.87072315e-07,2.52596201e-05,3.39793814e-07,1.56817791e-07,2.55839268e-07,3.58093757e-07,9.86025157e-07,8.09943188e-08,2.36553049e-07,1.82113002e-09]",6.052556727809133e-06,9,-11.818955421447754,0,0
571,4,4.5658674240112305,97.16606903076172,6.277007579803467,3.322962760925293,71,72,71,"[13.4716597,-1.55580389,1.40819526,-2.45045519,-4.02441168,-5.89818096,2.07737041,0.363911062,-9.50096035,-8.26974392,-5.61156845,-4.05980539,-7.98354959,-7.64346409,-7.87422276,-9.6887598,-6.88766384,-9.70988178,-7.37451363,-15.4053831]","[0.99998045,2.97609517e-07,5.76627826e-06,1.21647929e-07,2.52083527e-08,3.87058519e-09,1.12593843e-05,2.02940396e-06,1.05465255e-10,3.6126005e-10,5.15525844e-09,2.43317171e-08,4.80963713e-10,6.75786926e-10,5.36528211e-10,8.74075881e-11,1.43896306e-09,8.55807369e-11,8.84329054e-10,2.87641276e-13]",2.520835273855937e-08,7,-17.496070861816406,0,0,371,372,371,"[7.19465208,3.61407471,5.64973879,2.37419868,-4.17350721,-2.00762892,1.30073047,-0.216655433,-7.50497055,-6.48982096,-6.59958649,-2.77801514,-7.51826096,-8.15436172,-7.70883369,-7.35221529,-6.26716232,-8.78420639,-7.7716198,-12.5097132]","[0.79822576,0.0222382583,0.170285791,0.00643619662,9.22564777e-06,8.04685042e-05,0.002200027,0.000482431758,3.29731904e-07,9.09985829e-07,8.15387864e-07,3.7243597e-05,3.25378608e-07,1.72239965e-07,2.68920758e-07,3.8415061e-07,1.13693136e-06,9.17478502e-08,2.52555367e-07,2.21120411e-09]",9.225647772836965e-06,9,-11.368159294128418,0,2
572,4,5.104344367980957,20362.01953125,6.665501117706299,6.081372261047363,72,73,72,"[14.0135002,-2.26272798,0.824990988,-4.2861867,-3.66040039,-5.52444077,2.09148407,0.337884873,-9.42153549,-8.89911842,-6.22314596,-4.19150257,-7.6937089,-8.1711235,-7.53850651,-8.69478893,-7.52335739,-9.41676426,-7.12594843,-16.4254303]","[0.999990225,8.53728608e-08,1.87197088e-06,1.12860752e-08,2.1101739e-08,3.27171779e-09,6.642475e-06,1.15014211e-06,6.64184957e-11,1.11988113e-10,1.62679104e-09,1.24068942e-08,3.73830578e-10,2.31918887e-10,4.36593983e-10,1.37376194e-10,4.43258791e-10,6.67360889e-11,6.59553523e-10,6.0330396e-14]",2.110173902281076e-08,6,-17.673900604248047,0,0,372,373,372,"[7.3479991,3.32059526,5.84206867,1.84674764,-4.03362417,-2.13221931,1.41203737,-0.33336243,-7.57111883,-6.48354197,-6.66864586,-2.55591059,-7.54847622,-8.11820602,-7.66986561,-7.24103308,-6.20727587,-8.89243412,-7.90449524,-12.7495241]","[0.801950395,0.014291185,0.177881271,0.00327328849,9.14474731e-06,6.12266886e-05,0.00211929833,0.000369976828,2.65985108e-07,7.89197259e-07,6.55836743e-07,4.00805984e-05,2.72076306e-07,1.53907493e-07,2.4097497e-07,3.70008536e-07,1.04031858e-06,7.09605814e-08,1.90578191e-07,1.49935431e-09]",9.14474730961956e-06,9,-11.381623268127441,0,0
573,4,3.3617568016052246,272.9358825683594,6.971675872802734,19.86767578125,73,74,73,"[12.3299608,0.185322791,4.28899384,-4.65805578,-1.24449515,-6.22415066,1.88731015,-0.692305863,-9.47993851,-9.01017761,-7.82573271,-4.83143139,-8.58114815,-10.2888088,-8.52003193,-8.71470165,-6.71804762,-10.5475273,-6.86499691,-16.9078693]","[0.999639988,5.31489013e-06,0.000321881525,4.18834034e-08,1.27213207e-06,8.74773054e-09,2.91513061e-05,2.2097604e-06,3.37228523e-10,5.39434664e-10,1.76334514e-09,3.52164591e-08,8.28447144e-10,1.50188695e-10,8.80657047e-10,7.24874549e-10,5.33824984e-09,1.15951498e-10,4.60871075e-09,2.00454467e-13]",1.2721320672426373e-06,6,-13.574456214904785,0,0,373,374,373,"[6.75312853,3.86725593,6.14950848,2.31361985,-3.54684901,-1.93662632,1.26139772,-0.445582658,-7.29684687,-6.05660915,-6.91733789,-2.5370667,-7.53888798,-8.00492001,-7.66163111,-7.02864647,-6.00720787,-8.8544836,-7.91975975,-12.2575512]","[0.617432773,0.0344564989,0.337629855,0.00728677679,2.07666271e-05,0.000103914768,0.00254425942,0.000461560936,4.88386092e-07,1.68807264e-06,7.13808902e-07,5.70044904e-05,3.83394251e-07,2.40574963e-07,3.39109164e-07,6.38617905e-07,1.77356128e-06,1.02870217e-07,2.61960281e-07,3.42260353e-09]",2.0766627130797133e-05,9,-10.29997730255127,0,0
574,4,3.3626198768615723,604.614990234375,9.064356803894043,14.539469718933105,74,75,74,"[10.4394808,0.252725303,6.5808239,-7.30594587,3.49575257,-4.16834545,1.61613083,-0.590419531,-9.35030651,-8.67975616,-8.12358856,-2.91107488,-9.23689461,-10.0776072,-7.73804474,-9.03531361,-3.99061394,-10.4925776,-6.47114611,-15.7930107]","[0.978220105,3.68455476e-05,0.0206368398,1.92174578e-08,0.000943655905,4.42933214e-07,0.000144047051,1.58566581e-05,2.48794718e-09,4.86471086e-09,8.48394066e-09,1.55727048e-06,2.78673551e-09,1.20220489e-09,1.24749011e-08,3.40910877e-09,5.29085753e-07,7.93887844e-10,4.42837553e-08,3.9610459e-12]",0.0009436559048481286,3,-6.943728446960449,0,0,374,375,374,"[5.26396084,3.92721725,7.85620975,1.75841069,-3.22796583,-0.940054774,0.949673057,-0.0721067488,-6.35949993,-5.9149251,-7.16262388,-2.33498502,-7.24918985,-7.83028555,-7.03680706,-6.77227306,-5.5536747,-8.58860874,-7.46080208,-12.494626]","[0.0681500807,0.017903002,0.910470188,0.00204656413,1.39787917e-05,0.000137751573,0.000911580515,0.000328126713,6.10184884e-07,9.51782283e-07,2.73318705e-07,3.41417835e-05,2.50653528e-07,1.40186955e-07,3.0996361e-07,4.03827954e-07,1.36592382e-06,6.56707186e-08,2.02848398e-07,1.32132616e-09]",1.397879168507643e-05,9,-11.084175109863281,2,2
575,4,3.554128646850586,605.8917236328125,6.671361923217773,70.94324493408203,75,76,75,"[12.2614422,3.46622181,3.66268373,-4.97549105,-3.51862645,-5.57403278,0.0135010555,1.54102361,-10.5336418,-9.50590229,-8.92346001,-3.70914817,-10.2874117,-10.644268,-8.68418026,-11.4363031,-7.8626442,-10.5897512,-9.72215366,-18.5679588]","[0.999637127,0.000151400294,0.000184267585,3.26540288e-08,1.40166989e-07,1.79470714e-08,4.79324035e-06,2.2081249e-05,1.25910629e-10,3.51887935e-10,6.30022756e-10,1.15851869e-07,1.61064245e-10,1.1272442e-10,8.00340072e-10,5.10554307e-11,1.81996029e-09,1.19040736e-10,2.83457285e-10,4.08134016e-14]",1.4016698912655556e-07,6,-15.780068397521973,0,0,375,376,375,"[5.93788624,4.33295107,6.221982,1.695871,-3.28168845,-0.73473233,0.971309781,0.243394658,-6.80353403,-5.75539923,-7.54848146,-0.869535327,-7.7216835,-7.75925589,-7.62149572,-7.10021591,-5.70731449,-9.02373981,-7.14189243,-12.2027607]","[0.391133487,0.0785797238,0.51964438,0.0056239455,3.87538166e-05,0.000494815875,0.0027250105,0.0013159482,1.14497686e-06,3.26584404e-06,5.43588328e-07,0.000432413595,4.57140004e-07,4.40282605e-07,5.05312471e-07,8.51038408e-07,3.42671979e-06,1.24329276e-07,8.16299007e-07,5.17537391e-09]",3.8753816625103354e-05,9,-9.503670692443848,2,6
576,4,2.7410006523132324,165.64869689941406,7.130683898925781,1.0787277221679688,76,77,76,"[10.2053585,6.15381527,3.89614344,-6.61027241,-2.05570054,-6.13750648,0.626116395,0.771721125,-10.7600718,-9.70398521,-8.12552452,-4.51235485,-9.93955994,-10.9774876,-9.11597633,-10.7623682,-7.50454473,-9.91484928,-9.6828661,-17.6889381]","[0.980998576,0.0170649681,0.00178488845,4.88351191e-08,4.64256755e-06,7.8352393e-08,6.78354263e-05,7.84678268e-05,7.7001161e-10,2.21386065e-09,1.07316636e-08,3.9796663e-07,1.749208e-09,6.19548357e-10,3.98583477e-09,7.68245356e-10,1.99689367e-08,1.79296877e-09,2.26111041e-09,7.53926977e-13]",4.642567546397913e-06,6,-12.261058807373047,0,0,376,377,376,"[5.90407038,5.4747901,5.54818726,0.52041173,-3.97843146,-1.82859981,1.00056696,0.0108380653,-6.86276054,-6.4148159,-7.36735582,-2.49537611,-7.81829071,-8.13217068,-7.43424702,-7.40514851,-6.32144642,-8.6327219,-7.78453684,-13.2277603]","[0.422469139,0.275017887,0.295962662,0.00193955295,2.15714372e-05,0.000185156503,0.00313494913,0.0011651899,1.20567699e-06,1.88699539e-06,7.2792767e-07,9.50520989e-05,4.63713292e-07,3.38791665e-07,6.80827554e-07,7.00929718e-07,2.07166886e-06,2.05374306e-07,4.79632718e-07,2.07465911e-09]",2.1571437173406594e-05,9,-9.882501602172852,0,0
577,4,1.3594675064086914,2834.056396484375,4.99019193649292,1.1240596771240234,77,78,77,"[7.24206209,5.91550589,8.12236118,-4.43943691,-2.64153886,-2.25996566,1.14062607,-0.596210003,-9.13316345,-8.33337402,-7.68278217,-3.9631443,-9.30978489,-10.7824068,-8.74186707,-9.05353737,-6.40376568,-9.97100925,-8.48651314,-15.2625198]","[0.271754295,0.0721207708,0.655368328,2.29596822e-06,1.38606356e-05,2.03000964e-05,0.000608634204,0.000107166321,2.10139035e-08,4.6757453e-08,8.96187657e-08,3.69672466e-06,1.76116721e-08,4.03876932e-09,3.10773949e-08,2.27555361e-08,3.22009527e-07,9.09147868e-09,4.01183051e-08,4.57679103e-11]",1.3860635590390302e-05,7,-10.763899803161621,2,1,377,378,377,"[5.04041386,6.06960249,6.57317972,0.550755024,-4.25633669,-0.766422212,0.76775825,-0.482019722,-6.65257311,-6.36845064,-7.17708588,-2.12550497,-7.51358795,-8.32966805,-7.64849234,-6.93675756,-6.37349129,-8.59456825,-7.35682201,-12.6706057]","[0.118163474,0.330715209,0.54721117,0.00132632267,1.08381646e-05,0.000355309108,0.00164775446,0.000472194253,9.8692351e-07,1.31122238e-06,5.84104669e-07,9.12776013e-05,4.172052e-07,1.84472071e-07,3.64553472e-07,7.42786085e-07,1.30463013e-06,1.41542202e-07,4.88013541e-07,2.40261921e-09]",1.0838164598681033e-05,9,-10.829516410827637,2,1
578,4,0.8932020664215088,39.808921813964844,3.4715521335601807,7.89777135848999,78,79,78,"[5.92396355,6.59472179,7.87436867,-0.43956098,-5.43967485,-1.92435253,0.58503294,-0.153171882,-7.89608765,-7.74913073,-7.74043798,-2.17594051,-8.72637272,-9.93808651,-8.59215069,-7.54465532,-6.79153442,-9.6569767,-7.12497234,-14.4081078]","[0.100032099,0.195634753,0.703379273,0.000172383559,1.16137846e-06,3.90534115e-05,0.000480254326,0.000229547804,9.95790188e-08,1.15342615e-07,1.16349732e-07,3.03665693e-05,4.3408896e-08,1.29222757e-08,4.96445445e-08,1.41511691e-07,3.00516803e-07,1.71168164e-08,2.15307182e-07,1.47922355e-10]",1.1613784636210767e-06,9,-13.314043045043945,2,2,378,379,378,"[4.43639994,6.57526159,6.95517921,3.03199124,-4.05574703,-0.817915022,0.202589363,-0.435194701,-6.07024956,-5.83040905,-7.23848772,-1.65972281,-7.67626953,-8.69286728,-7.66255236,-6.27603197,-5.3726306,-8.41703129,-7.26936197,-11.5697403]","[0.0450882576,0.382788807,0.559700072,0.0110697187,9.24637061e-06,0.000235582615,0.000653646479,0.000345427456,1.23334212e-06,1.56763656e-06,3.83463771e-07,0.0001015198,2.47512929e-07,8.95560959e-08,2.50931635e-07,1.00395346e-06,2.47773801e-06,1.18002056e-07,3.71805527e-07,5.0429545e-09]",9.24637060961686e-06,9,-11.010926246643066,2,2
579,4,1.3819608688354492,583.4727172851562,2.4913008213043213,7.56544828414917,79,80,79,"[5.88441133,3.95585465,9.85360813,-0.329299837,-5.71113825,-1.02392435,1.54475319,-0.460738063,-7.18244743,-7.27462435,-6.90454388,-1.57060432,-8.1116848,-8.99217796,-8.1156702,-7.27885962,-6.38503742,-8.80955315,-7.10756874,-13.4620161]","[0.0184823237,0.00268655038,0.978491068,3.69978188e-05,1.7016616e-07,1.84715936e-05,0.000241027708,3.2440923e-05,3.90743295e-08,3.56336116e-08,5.15921883e-08,1.06926273e-05,1.54286841e-08,6.39639897e-09,1.53673305e-08,3.54830441e-08,8.67366623e-08,7.67800667e-09,4.2112493e-08,7.32335234e-11]",1.7016616027376585e-07,9,-15.564746856689453,2,2,379,380,379,"[4.4886775,5.46827936,8.06410408,2.16200089,-4.56304979,-0.334956318,0.447008461,-0.42591992,-5.92512083,-6.14320421,-6.91779613,-2.33264709,-7.3715353,-8.81320286,-7.24428463,-6.10456276,-5.53359795,-7.91833639,-7.38457727,-12.072566]","[0.0253131334,0.0674188808,0.903928161,0.00247105816,2.96640792e-06,0.000203455013,0.000444704376,0.000185764831,7.59784655e-07,6.10911854e-07,2.81564127e-07,2.75982893e-05,1.78863161e-07,4.23070006e-08,2.03135187e-07,6.3498004e-07,1.12389819e-06,1.03525657e-07,1.76545669e-07,1.62513558e-09]",2.9664079193025827e-06,9,-12.627153396606445,2,2
580,4,1.11819326877594,18.106369018554688,1.969449520111084,11.82077407836914,80,81,80,"[6.94228935,4.0915308,8.63103771,0.135564953,-3.93621325,-1.95828724,1.63609326,-0.357734948,-8.37755585,-6.23628187,-7.35341787,0.102074161,-8.56788445,-8.99402905,-8.95873356,-8.92733765,-5.28944635,-10.0172148,-6.55491734,-12.7153797]","[0.154357225,0.00892191846,0.835489571,0.000170767045,2.91107381e-06,2.10404814e-05,0.000765729288,0.000104271778,3.429275e-08,2.91841047e-07,9.54949542e-08,0.00016514273,2.83494384e-08,1.85127877e-08,1.91778717e-08,1.97895123e-08,7.52231358e-07,6.65438415e-09,2.12209386e-07,4.48033194e-10]",2.911073806899367e-06,9,-12.567251205444336,2,2,380,381,380,"[5.57845783,4.45744562,7.21664,1.7380476,-3.95172191,-1.13118553,0.787342906,0.129771367,-6.77515888,-6.07681513,-6.92074966,-0.698739171,-7.65248585,-8.14848137,-7.53669548,-6.95788813,-5.55536175,-8.71820354,-7.0288744,-12.3947353]","[0.153632,0.0500763021,0.790560544,0.0033007504,1.11577674e-05,0.000187292666,0.0012756366,0.000660917314,6.62786817e-07,1.33248068e-06,5.7298729e-07,0.000288622017,2.75648489e-07,1.67860279e-07,3.09487518e-07,5.52097504e-07,2.2445281e-06,9.49555456e-08,5.14264627e-07,2.40338682e-09]",1.1157767403346952e-05,9,-11.16836166381836,2,2
581,4,1.4097683429718018,169.4155731201172,2.413280725479126,6.943734169006348,81,82,81,"[7.8390007,3.64917016,7.51106501,-0.347547978,-3.56884265,-1.3842454,1.5037812,0.137622133,-8.14959717,-6.81379938,-7.55679178,-1.32679331,-8.66231251,-9.05045128,-9.39812756,-8.64194965,-5.65913439,-10.0315361,-7.62680244,-13.0894737]","[0.575281858,0.00871485751,0.414438397,0.000160142998,6.39023938e-06,5.67904863e-05,0.00101983489,0.000260144327,6.5481899e-08,2.49029171e-07,1.18460271e-07,6.014877e-05,3.92149637e-08,2.66001496e-08,1.87884339e-08,4.00216784e-08,7.90159788e-07,9.97252592e-09,1.10450394e-07,4.68554084e-10]",6.3902393776515964e-06,9,-11.407843589782715,0,0,381,382,381,"[5.7347064,5.13528681,6.89691019,2.06573272,-3.97850299,-1.05210567,0.763565421,-0.0348791964,-6.94290066,-6.16012049,-7.23833704,-1.90123808,-7.69731808,-8.48446465,-7.93321085,-7.07391882,-5.65456247,-8.9703064,-7.59803581,-12.3064384]","[0.209057912,0.114800036,0.668352067,0.00533152837,1.2643668e-05,0.000235934524,0.00144986517,0.000652480347,6.52306312e-07,1.42695183e-06,4.85451494e-07,0.000100929399,3.06769579e-07,1.39623751e-07,2.4230701e-07,5.72204556e-07,2.36575829e-06,8.58936176e-08,3.38789903e-07,3.05560488e-09]",1.2643668014789e-05,9,-10.875412940979004,2,2
582,4,0.7163363695144653,172.6964874267578,1.8740277290344238,5.451548099517822,82,83,82,"[7.6833353,5.08946371,6.21768379,-0.301775217,-3.31979871,-3.11417603,1.42079961,-0.114489123,-8.56540012,-7.98143816,-7.43904734,-1.78998721,-8.88454819,-9.79121399,-9.13763332,-8.40255737,-6.34020901,-9.82780743,-7.73969173,-13.518239]","[0.76427412,0.0571143255,0.176491916,0.000260231463,1.27247386e-05,1.56296664e-05,0.00145701668,0.000313831755,6.70677736e-08,1.20260964e-07,2.06862623e-07,5.87539835e-05,4.87426561e-08,1.96856256e-08,3.78438507e-08,7.89287355e-08,6.2072786e-07,1.89782643e-08,1.53148804e-07,4.73721673e-10]",1.2724738553515635e-05,9,-11.003133773803711,0,0,382,383,382,"[6.53996468,4.73357296,5.97246552,1.34336686,-3.89311004,-1.24014831,1.20458305,-0.117585197,-7.49625301,-6.93353367,-7.06411314,-2.08020139,-8.08258057,-8.81001663,-7.91114712,-7.34867525,-6.30739784,-8.64243412,-7.63690853,-12.3108387]","[0.573571384,0.0942066461,0.325181395,0.00317492778,1.68873157e-05,0.000239732792,0.00276350812,0.000736631628,4.59976036e-07,8.0746014e-07,7.08616653e-07,0.000103489576,2.55915609e-07,1.23644639e-07,3.0377285e-07,5.33123739e-07,1.51024994e-06,1.46202581e-07,3.99621882e-07,3.73067666e-09]",1.6887315723579377e-05,9,-10.433074951171875,0,2
583,4,0.6492537260055542,116.97716522216797,1.507915735244751,3.9641308784484863,83,84,83,"[6.7327776,4.4479332,6.25972366,0.380389988,-2.62504482,-3.11366916,1.50832248,-0.455287963,-7.87124252,-7.42261791,-6.96938562,-1.51097417,-7.9777174,-9.20873833,-8.19017792,-7.71223021,-5.66044044,-9.06149769,-6.96246099,-13.2516479]","[0.576974392,0.0587301664,0.35951072,0.00100542523,4.97858491e-05,3.05421054e-05,0.00310602272,0.000435932656,2.62247397e-07,4.10720503e-07,6.462231e-07,0.000151684348,2.35759813e-07,6.88404569e-08,1.90633543e-07,3.07446527e-07,2.3924913e-06,7.97608877e-08,6.50714128e-07,1.20790067e-09]",4.9785849114414304e-05,8,-9.35782241821289,0,2,383,384,383,"[6.20071507,4.3825326,5.96944523,1.88830566,-3.72329354,-1.75609374,1.31690633,-0.0513373651,-7.09096813,-6.67094803,-6.89831877,-1.98639119,-7.72175026,-8.44757462,-7.5707407,-7.04450083,-6.01393032,-8.47228432,-7.43668795,-12.1426811]","[0.505194366,0.0820034072,0.400884539,0.00677022152,2.47466269e-05,0.000176954025,0.00382337929,0.000973255141,8.53009396e-07,1.29827242e-06,1.03423827e-06,0.000140553951,4.53950236e-07,2.19678071e-07,5.27948089e-07,8.93581387e-07,2.50440985e-06,2.14316415e-07,6.03683645e-07,5.4578595e-09]",2.4746626877458766e-05,9,-9.9240083694458,0,2
584,4,0.817560076713562,549.8641967773438,2.252746105194092,5.157435894012451,84,85,84,"[6.47969532,4.19664383,6.48967886,-0.436795741,-2.15934753,-3.37349868,1.5677985,-1.29144049,-7.77425003,-7.64776564,-6.50328588,-2.27780867,-7.63440132,-8.89166355,-7.50442314,-7.68531942,-5.84351349,-8.39817715,-7.00552082,-14.1492062]","[0.471436381,0.0480735749,0.476166546,0.00046733598,8.34707316e-05,2.47876305e-05,0.00346907298,0.00019882065,3.04097654e-07,3.45099522e-07,1.08389088e-06,7.41458789e-05,3.49742635e-07,9.94779796e-08,3.98288165e-07,3.3238004e-07,2.09662744e-06,1.62946634e-07,6.55946394e-07,5.1808946e-10]",8.34707316244021e-05,7,-8.649026870727539,2,0,384,385,384,"[5.93023014,4.17865705,6.14164114,1.81595039,-3.50545549,-2.08790445,1.44730198,-0.236470982,-6.88990164,-6.5459342,-6.71986055,-2.16331863,-7.43492413,-8.10463142,-7.30821991,-6.88536882,-5.99511528,-8.3706789,-7.34720993,-12.2482185]","[0.409937322,0.0711244419,0.506444752,0.00669743447,3.2722859e-05,0.000135047274,0.00463240407,0.000860108237,1.10918745e-06,1.56454519e-06,1.3147793e-06,0.000125237275,6.4313906e-07,3.29195814e-07,7.30014449e-07,1.11422651e-06,2.71397312e-06,2.52296843e-07,7.02098873e-07,5.22296695e-09]",3.2722859032219276e-05,9,-9.647096633911133,2,0
585,4,0.7948437333106995,115.2621841430664,1.6754103899002075,6.115374565124512,85,86,85,"[5.5732975,4.40031958,8.14866066,-0.273966938,-2.89210296,-2.25831366,1.57085836,-0.588993371,-6.82732821,-6.75820351,-6.90053558,-2.47747946,-8.10983181,-9.52695847,-7.35748291,-7.19584751,-4.98640442,-7.96418476,-7.31445026,-12.7932301]","[0.0691095889,0.0213855542,0.907829642,0.000199573886,1.45566528e-05,2.74354843e-05,0.00126270286,0.000145642975,2.84456092e-07,3.04814421e-07,2.64375643e-07,2.2035867e-05,7.88916807e-08,1.91240783e-08,1.67406284e-07,1.96774636e-07,1.79274309e-06,9.12607661e-08,1.74767479e-07,7.29552918e-10]",1.4556652786268387e-05,9,-11.040763854980469,2,2,385,386,385,"[5.34746027,4.75943995,7.66158676,1.40144348,-3.86852503,-0.790174603,1.25265002,-0.202782348,-6.76817989,-5.9010458,-6.84476614,-2.14577317,-7.58819437,-8.52214622,-7.71933889,-6.97712421,-5.20283222,-8.62982178,-7.45859766,-11.9179707]","[0.0853660032,0.0474144742,0.863569498,0.00165025715,8.48855234e-06,0.000184392833,0.00142210466,0.000331776042,4.67228432e-07,1.11204099e-06,4.32780894e-07,4.75351771e-05,2.05779315e-07,8.0870727e-08,1.80487021e-07,3.79128011e-07,2.23537882e-06,7.26153644e-08,2.34252823e-07,2.71021383e-09]",8.488552339258604e-06,9,-11.530111312866211,2,2
586,4,0.8162069320678711,424.5611877441406,1.8249527215957642,3.8961565494537354,86,87,86,"[6.11668301,3.91677737,7.57395601,1.45504439,-4.24595451,-3.12155771,1.55933499,-0.117834866,-7.12741041,-6.71287394,-7.0279727,-3.2987535,-7.88829041,-8.83070564,-7.15337372,-7.61869144,-5.9927702,-8.11143494,-7.95134401,-12.6732235]","[0.18425788,0.0204182807,0.791246295,0.00174141431,5.82089797e-06,1.79188082e-05,0.00193283637,0.000361251208,3.26279178e-07,4.93878701e-07,3.60391567e-07,1.50090791e-05,1.52455669e-07,5.94097642e-08,3.17917085e-07,1.99631259e-07,1.01474552e-06,1.21964419e-07,1.4313953e-07,1.27371869e-09]",5.820897968078498e-06,9,-11.819910049438477,2,2,386,387,386,"[5.75913334,4.41178894,6.17767048,1.97761559,-4.50355673,-1.29660499,1.41094792,0.341268212,-6.70306683,-6.25942326,-7.13036919,-2.69683647,-7.38105011,-8.25395012,-7.17668915,-6.75351381,-6.24981833,-8.27376938,-7.83390951,-11.706151]","[0.354489148,0.0921422318,0.538730204,0.0080781281,1.23758064e-05,0.000305727764,0.00458363397,0.0015727292,1.37194968e-06,2.13801172e-06,8.94875768e-07,7.53739878e-05,6.96455515e-07,2.90936157e-07,8.54370398e-07,1.30445505e-06,2.15864748e-06,2.85226776e-07,4.42812251e-07,9.21565846e-09]",1.2375806363706943e-05,9,-10.68122673034668,2,2
587,4,0.7036110758781433,117.53900146484375,1.3289908170700073,15.52243709564209,87,88,87,"[6.88084507,3.41005969,7.67515469,-0.0856174082,-4.30787706,-2.71133184,1.88394773,0.255298048,-7.42638111,-7.12511921,-7.4672966,-2.17300916,-8.06221676,-9.24753761,-7.61735535,-7.25893116,-5.94619274,-8.82104969,-7.78578663,-13.2618694]","[0.307385921,0.00955743063,0.68021822,0.000289859745,4.25092549e-06,2.09823775e-05,0.00207758625,0.000407610583,1.8798994e-07,2.54080277e-07,1.80453455e-07,3.59455516e-05,9.95393208e-08,3.04240331e-08,1.55308598e-07,2.22257881e-07,8.25985126e-07,4.66055603e-08,1.31234117e-07,5.49306378e-10]",4.250925485393964e-06,9,-11.9830322265625,2,2,387,388,387,"[5.97347927,3.96598554,7.6809535,1.24337339,-4.32713223,-1.84592927,1.24178755,0.191293582,-7.0162096,-6.54640055,-6.54765701,-1.56350541,-7.66336775,-8.48022175,-7.6389966,-7.15060282,-5.7926507,-8.60103416,-7.33432055,-12.8813219]","[0.14990139,0.0201354921,0.826708376,0.00132296025,5.03856836e-06,6.02393047e-05,0.00132086384,0.000461991964,3.42338495e-07,5.47634727e-07,5.46946808e-07,7.98977853e-05,1.7922504e-07,7.91850709e-08,1.83646435e-07,2.9928799e-07,1.16369836e-06,7.01738969e-08,2.49058644e-07,9.71112968e-10]",5.0385683607601095e-06,9,-12.008085250854492,2,2
588,4,0.5464049577713013,138.04808044433594,1.5721098184585571,3.3700790405273438,88,89,88,"[6.03709698,4.57947206,7.42157841,0.551723838,-4.18265676,-2.26409435,1.36014748,0.0625626743,-7.18528509,-7.20962381,-7.50303459,-1.89941072,-7.8527689,-9.40338326,-7.80144024,-7.02195263,-5.99260616,-8.64381504,-7.36306143,-12.9498301]","[0.190759644,0.0444066525,0.761656463,0.000791077968,6.95190147e-06,4.73505388e-05,0.00177546917,0.00048504179,3.45206274e-07,3.36906169e-07,2.51236116e-07,6.81875681e-05,1.77090129e-07,3.7563904e-08,1.86417267e-07,4.06455825e-07,1.13776559e-06,8.02872506e-08,2.8898242e-07,1.08284937e-09]",6.951901468710275e-06,9,-11.60423469543457,2,2,388,389,388,"[5.38224697,4.81046438,7.42055845,2.12383366,-4.28810072,-1.62025023,1.03149498,-0.14827849,-6.90879202,-6.53357506,-6.79875803,-1.19650722,-7.37400436,-8.51290417,-7.78251457,-6.80527639,-5.78397083,-8.54622936,-7.00864792,-12.4919891]","[0.107528359,0.0607017167,0.825563371,0.00413439609,6.78803326e-06,9.78085154e-05,0.0013868052,0.000426232145,4.93846699e-07,7.18698971e-07,5.51289475e-07,0.000149419211,3.10136727e-07,9.92967131e-08,2.06129172e-07,5.47707145e-07,1.52088523e-06,9.60421715e-08,4.46915578e-07,1.8571229e-09]",6.788033260818338e-06,9,-11.708659172058105,2,2
589,4,0.3752465844154358,21.915136337280273,0.7998746633529663,0.39180439710617065,89,90,89,"[6.09161282,4.88224316,6.17358685,2.04785514,-4.88899612,-2.80054855,2.05356526,0.243557587,-7.22946978,-7.00097132,-7.58637476,-2.04151535,-7.94179583,-8.68854713,-7.36872911,-7.12219763,-6.58936787,-8.54973125,-8.35052204,-12.4300947]","[0.412826806,0.123181462,0.448093653,0.00723745907,7.02992111e-06,5.67481475e-05,0.00727890851,0.00119121384,6.76854086e-07,8.50610377e-07,4.73688857e-07,0.000121225959,3.31998251e-07,1.57335393e-07,5.8886468e-07,7.53499876e-07,1.28377224e-06,1.80764431e-07,2.20611653e-07,3.73157816e-09]",7.029921107459813e-06,9,-11.062582969665527,2,2,389,390,389,"[5.92088842,4.69343758,6.08893633,2.43678021,-4.65712929,-2.36513805,1.9770993,0.244180188,-7.0259161,-6.51103163,-7.23959255,-1.24164069,-7.74659872,-8.44980812,-7.66867638,-6.65486288,-6.33674574,-8.77516842,-7.9623909,-12.1639242]","[0.395165384,0.115798719,0.467477977,0.0121241091,1.00647812e-05,9.95871014e-05,0.0076561966,0.0013533677,9.42004306e-07,1.5763934e-06,7.60771798e-07,0.000306289323,4.58210025e-07,2.26811395e-07,4.95343045e-07,1.3652101e-06,1.87653222e-06,1.63818243e-07,3.69272925e-07,5.52897106e-09]",1.0064781235996634e-05,9,-10.746065139770508,2,2
590,4,0.6993361711502075,276.92626953125,1.6329576969146729,1.1281719207763672,90,91,90,"[5.65752697,5.39981508,5.7059803,1.41145325,-3.12891722,-3.13096309,1.69671345,-0.32948032,-6.69239283,-6.36759138,-7.49272633,-2.95872736,-7.81878185,-8.31707573,-7.32367134,-6.93087816,-6.07003355,-8.20128059,-8.26771355,-11.911994]","[0.349789768,0.270323783,0.367155552,0.00500911195,5.34445098e-05,5.33352395e-05,0.00666266028,0.000878381019,1.51462405e-06,2.09587188e-06,6.80337905e-07,6.33599993e-05,4.91044148e-07,2.98341888e-07,8.05646096e-07,1.19325159e-06,2.82223073e-06,3.34968092e-07,3.1343825e-07,8.19335e-09]",5.3444509831024334e-05,8,-8.834897994995117,2,0,390,391,390,"[5.29040003,5.30671597,5.89085388,3.00381517,-3.98239326,-1.49800539,1.4014461,-0.00326059386,-6.36887836,-5.691998,-7.33739138,-1.76315534,-7.53527641,-8.20228195,-7.56090117,-6.31809473,-5.65889406,-8.65271091,-7.72691345,-10.977129]","[0.25197491,0.256119817,0.459336638,0.0256039016,2.36719679e-05,0.000283916306,0.00515710562,0.00126575527,2.17669026e-06,4.28314388e-06,8.26375413e-07,0.000217789566,6.78011077e-07,3.47984525e-07,6.60857665e-07,2.29008856e-06,4.42730561e-06,2.21789364e-07,5.59770342e-07,2.16999734e-08]",2.3671967937843874e-05,9,-9.873247146606445,2,1
591,4,0.9717898368835449,259.4523620605469,1.2751375436782837,0.8990219235420227,91,92,91,"[6.6182251,3.80565,6.15275955,1.3462038,-4.3628521,-2.50469923,1.61793482,0.814444482,-6.63642645,-5.88465834,-7.28068209,-4.09195805,-7.99582481,-7.37144184,-7.4414959,-7.17717838,-6.11435318,-8.60127544,-8.85428047,-11.9836636]","[0.587219834,0.0352626443,0.368681729,0.00301433099,9.99492295e-06,6.40862418e-05,0.00395550719,0.00177113153,1.02891261e-06,2.18206264e-06,5.40234396e-07,1.31047182e-05,2.64240583e-07,4.93362336e-07,4.59982658e-07,5.99147143e-07,1.73425212e-06,1.44230142e-07,1.11989401e-07,4.89895147e-09]",9.994922947953455e-06,9,-10.981077194213867,0,2,391,392,391,"[5.68870497,4.46114779,6.09491968,2.29548883,-4.29082441,-1.22956169,1.40722477,0.0822410434,-6.53497648,-5.77042532,-6.94892263,-2.93025947,-7.39612389,-7.86638308,-7.15836287,-6.59150791,-6.14595985,-8.29511166,-7.94964981,-11.5083504]","[0.351310581,0.102936618,0.527361035,0.0118041905,1.62793331e-05,0.000347637135,0.00485588005,0.00129072845,1.72589296e-06,3.70726957e-06,1.14087823e-06,6.34632961e-05,7.29495298e-07,4.55817371e-07,9.25295751e-07,1.63103152e-06,2.54660631e-06,2.96890732e-07,4.19400749e-07,1.19427499e-08]",1.6279333067359403e-05,9,-10.385744094848633,2,2
592,4,0.7645877003669739,152.22412109375,1.0096840858459473,1.8319172859191895,92,93,92,"[5.85744286,3.77646804,8.16563892,0.522326469,-4.06797171,-2.71664619,1.55167043,0.354742646,-6.77277756,-6.89964437,-6.73890352,-2.88058925,-8.07849884,-8.3750515,-7.45905399,-6.78077364,-5.86682415,-8.39530373,-7.79706383,-12.7286558]","[0.0892547444,0.0111397533,0.897569597,0.000430149783,4.36594974e-06,1.68636561e-05,0.00120408775,0.000363780069,2.9200902e-07,2.57216556e-07,3.02069822e-07,1.43137049e-05,7.91276591e-08,5.88217475e-08,1.47011121e-07,2.89683243e-07,7.22514926e-07,5.76424632e-08,1.04846713e-07,7.56469165e-10]",4.365949735074537e-06,9,-12.233610153198242,2,0,392,393,392,"[5.44537258,4.47683573,7.73016453,1.47918534,-4.5532794,-1.70696211,1.18011606,0.00601145253,-6.68065643,-6.37414122,-6.40773201,-2.02625847,-7.68504333,-8.21242905,-7.45598888,-6.6779232,-5.5924902,-8.31268311,-7.5767355,-12.4726257]","[0.0889516324,0.0337694325,0.873829067,0.00168523565,4.04384764e-06,6.9652182e-05,0.00124961627,0.000386250875,4.81821814e-07,6.54643031e-07,6.33017976e-07,5.06134384e-05,1.76476448e-07,1.04146736e-07,2.21903377e-07,4.83140582e-07,1.43044474e-06,9.42119271e-08,1.96663748e-07,1.4705025e-09]",4.0438476389681455e-06,9,-12.283443450927734,2,0
593,4,1.050365924835205,150.7004852294922,2.4201903343200684,12.027320861816406,93,94,93,"[6.1395669,3.87846112,8.23409748,-0.201224387,-4.49978828,-3.54226494,1.14435947,0.0613845848,-6.94506931,-7.88186884,-7.2263546,-2.89876246,-7.77198315,-8.82541275,-7.3759985,-6.87407637,-6.24408245,-8.30385876,-7.54847145,-14.27108]","[0.108261332,0.0112846354,0.879258215,0.00019085464,2.59334388e-06,6.75627371e-06,0.000732963614,0.000248171651,2.24847497e-07,8.81132038e-08,1.69717822e-07,1.28580969e-05,9.83476411e-08,3.42977557e-08,1.46129508e-07,2.41390239e-07,4.53234321e-07,5.77794346e-08,1.22979827e-07,1.47993437e-10]",2.5933438791980734e-06,9,-12.733885765075684,2,2,393,394,393,"[5.47412968,4.79225159,7.22748184,2.21896601,-4.39164829,-1.74907172,1.0581795,-0.18770723,-6.68701553,-6.54586267,-6.96836233,-1.64195395,-7.4302001,-8.52147484,-7.65880871,-6.63697243,-5.81172562,-8.60728931,-7.29551888,-12.6582336]","[0.136325955,0.0689354464,0.787135839,0.00525870547,7.07825211e-06,9.94448419e-05,0.00164723548,0.00047388603,7.12951987e-07,8.21036338e-07,5.38112033e-07,0.000110688481,3.39077587e-07,1.13858292e-07,2.69784067e-07,7.4953806e-07,1.71077863e-06,1.044952e-07,3.8796324e-07,1.81883464e-09]",7.078252110659378e-06,9,-11.61913013458252,2,2
594,4,1.1343424320220947,21.534006118774414,2.254295825958252,22.680150985717773,94,95,94,"[5.87546587,4.41449213,7.75303078,0.0993950963,-4.55942202,-2.99066544,0.704485774,0.483400911,-6.5085001,-7.50245714,-7.49424505,-2.81359267,-7.98489094,-8.51554871,-7.06764412,-7.10101128,-5.91191387,-8.26433754,-7.83218765,-14.0246754]","[0.128480703,0.0298088379,0.839951038,0.000398402743,3.7759296e-06,1.81270025e-05,0.000729642052,0.000584916386,5.3771214e-07,1.9901232e-07,2.00653176e-07,2.16385215e-05,1.22846117e-07,7.2260292e-08,3.07409039e-07,2.97320923e-07,9.76436354e-07,9.28964923e-08,1.43113184e-07,2.92628338e-10]",3.775929599214578e-06,9,-12.31245231628418,2,2,394,395,394,"[5.16262245,4.83086061,6.89321136,2.35369086,-4.05144644,-1.20541668,0.960457444,0.10531956,-6.285151,-6.17923117,-7.13647938,-2.26449347,-7.32576656,-8.36865997,-7.06835365,-6.42329693,-5.66627026,-8.23839569,-7.75261497,-12.1543179]","[0.134305522,0.0963854566,0.758017182,0.0080945082,1.33805752e-05,0.000230403777,0.00200963276,0.000854545273,1.43347063e-06,1.59363776e-06,6.11873702e-07,7.98984984e-05,5.06355377e-07,1.78456574e-07,6.55010751e-07,1.24851283e-06,2.66173925e-06,2.0328514e-07,3.3042852e-07,4.04988887e-09]",1.3380575182964094e-05,9,-10.944658279418945,2,2
595,4,0.6541141271591187,48.43293762207031,1.3168506622314453,2.5421881675720215,95,96,95,"[6.35972023,6.77898169,5.31168509,2.44231582,-5.2307148,-3.66975117,1.21454465,0.0248364918,-7.10586452,-7.09350777,-7.88148069,-2.09554291,-9.05720615,-9.26135063,-8.17596531,-7.45485497,-6.24808979,-9.23464489,-8.69477272,-13.0829697]","[0.344918847,0.524565697,0.120937519,0.00686135283,3.19194351e-06,1.52045177e-05,0.00200999808,0.000611662632,4.89426611e-07,4.95512325e-07,2.25341893e-07,7.3391042e-05,6.95393609e-08,5.66985392e-08,1.67860591e-07,3.4524183e-07,1.15402293e-06,5.82331694e-08,9.9915745e-08,1.24126531e-09]",3.1919435059535317e-06,9,-12.009696960449219,1,1,395,396,395,"[5.89932871,6.22105551,5.16730499,3.65277481,-4.47710991,-2.35290051,1.54985893,-0.0383025445,-7.01677895,-6.37965679,-7.86697721,-1.31966209,-8.18460083,-9.07577896,-8.14037037,-7.12164164,-6.04453373,-9.18933964,-7.89506054,-11.7857094]","[0.335255265,0.462487221,0.161235884,0.0354576223,1.04458968e-05,8.73932149e-05,0.00432937173,0.000884494453,8.2410304e-07,1.5584028e-06,3.52163909e-07,0.000245588424,2.56332044e-07,1.05140288e-07,2.67923923e-07,7.42061673e-07,2.17882211e-06,9.38533873e-08,3.42411425e-07,6.99619207e-09]",1.0445896805322263e-05,9,-10.698165893554688,1,1
596,4,0.6683748364448547,69.38727569580078,2.0243287086486816,1.2149640321731567,96,97,96,"[6.45404291,5.11501741,5.85347843,1.48224604,-3.99596429,-4.1476512,1.80575287,-0.0592022054,-7.19630289,-7.18259478,-7.52550268,-3.04375887,-8.14326,-8.84303856,-7.41636372,-7.21314859,-6.45252609,-8.4957037,-8.8082428,-12.9088364]","[0.546826661,0.143323794,0.29993546,0.00378988194,1.58295697e-05,1.3601677e-05,0.00523748668,0.000811303325,6.45029843e-07,6.53932943e-07,4.6409852e-07,4.10210523e-05,2.5021987e-07,1.24282906e-07,5.17617366e-07,6.34254832e-07,1.35705602e-06,1.75896602e-07,1.28683553e-07,2.13136309e-09]",1.5829569747438654e-05,8,-10.450007438659668,0,0,396,397,396,"[5.59095192,5.2381053,5.89608192,3.21474385,-4.68853998,-2.12332249,1.70263469,0.0127263479,-6.77455044,-6.18048763,-7.19966459,-1.91283166,-7.68727493,-8.29454613,-7.38453722,-6.52187729,-6.3353157,-8.41503334,-8.37856102,-11.6704597]","[0.314691752,0.221129179,0.426974237,0.0292355549,1.08033637e-05,0.000140481454,0.00644481881,0.0011893037,1.34157926e-06,2.43004638e-06,8.76982654e-07,0.000173393782,5.38548363e-07,2.93420356e-07,7.28957616e-07,1.72723128e-06,2.08148458e-06,2.60113723e-07,2.69775796e-07,1.00311217e-08]",1.0803363693412393e-05,9,-10.58462142944336,2,0
597,4,1.058692455291748,306.6486511230469,2.9542386531829834,4.171514987945557,97,98,97,"[7.53913975,3.74289918,5.99615765,0.441947788,-4.33814764,-4.53076792,1.40928328,0.534894288,-7.19866943,-7.5833807,-7.7153945,-3.99182367,-8.13533401,-8.62276459,-7.23354483,-7.2700057,-6.3668766,-8.85675621,-8.7680521,-13.3258286]","[0.806363404,0.0181069113,0.172354326,0.00066720543,5.60131775e-06,4.61994387e-06,0.00175536692,0.000732193235,3.20613339e-07,2.18224557e-07,1.91236396e-07,7.9194906e-06,1.25658929e-07,7.71801041e-08,3.09624397e-07,2.98538566e-07,7.36588049e-07,6.10777775e-08,6.67433824e-08,6.99826863e-10]",5.601317752734758e-06,8,-11.877286911010742,0,0,397,398,397,"[6.08062553,4.49708223,6.23886681,2.28553963,-5.03872252,-1.57652926,1.11164415,0.360003382,-6.80758095,-6.43732786,-7.46407843,-2.81794024,-7.56268978,-8.07330799,-6.95875311,-6.56832838,-6.48917389,-8.45545864,-8.40996456,-11.8743544]","[0.414929599,0.0851628706,0.486068785,0.00932802167,6.15039107e-06,0.000196116554,0.00288385409,0.00136000279,1.04881144e-06,1.51878442e-06,5.43981344e-07,5.6673056e-05,4.92898948e-07,2.95800703e-07,9.01662531e-07,1.33230412e-06,1.44204853e-06,2.01852103e-07,2.11247254e-07,6.6103758e-09]",6.150391072878847e-06,9,-11.277589797973633,2,0
598,4,1.0452419519424438,150.2714385986328,1.7719427347183228,4.04937744140625,98,99,98,"[5.85973263,4.62566614,8.26483631,0.437584013,-3.75779605,-3.39878511,0.629479051,-0.305935293,-6.67499542,-7.5100441,-7.13844252,-2.93960094,-7.80899525,-9.28638268,-7.51093769,-6.59397125,-5.78774738,-8.31171894,-7.70205736,-13.5086946]","[0.0807565674,0.0235087518,0.894748747,0.000356753764,5.37450069e-06,7.69582039e-06,0.000432222674,0.000169614301,2.90679651e-07,1.2611234e-07,1.82869755e-07,1.21808016e-05,9.3524541e-08,2.13453433e-08,1.25999705e-07,3.15212191e-07,7.05897378e-07,5.65712135e-08,1.04080058e-07,3.13023968e-10]",5.374500688049011e-06,9,-12.022632598876953,2,2,398,399,398,"[5.29079866,5.0646224,7.19685745,2.20952678,-4.13004398,-1.82593954,1.08690774,-0.350036412,-6.63757181,-6.60554123,-6.78413057,-1.78762341,-7.45209599,-8.6399107,-7.62117004,-6.56305504,-5.73977757,-8.33900452,-7.2896986,-12.333046]","[0.116410643,0.0928465053,0.783039212,0.00534334732,9.43132454e-06,9.44566928e-05,0.00173886598,0.000413246395,7.68363918e-07,7.93373943e-07,6.63616731e-07,9.8146098e-05,3.40270162e-07,1.03743886e-07,2.87339901e-07,8.27807639e-07,1.88570743e-06,1.40166549e-07,4.00269187e-07,2.58258259e-09]",9.431324542674702e-06,9,-11.32690143585205,2,1
599,4,1.0520803928375244,20.938005447387695,2.195446014404297,34.333473205566406,99,100,99,"[6.13272667,4.47288036,7.44487572,-0.0599654019,-4.63604736,-3.86421323,0.720800519,0.373765141,-6.52893639,-7.99752855,-7.69987059,-3.06618023,-7.81329346,-8.92380333,-7.11844444,-7.059793,-6.15391111,-8.2792511,-7.78446436,-14.3022289]","[0.203493565,0.0386980027,0.755805016,0.00041600503,4.28283693e-06,9.26690973e-06,0.000908198825,0.000641897088,6.45149328e-07,1.4854534e-07,2.0004596e-07,2.05833567e-05,1.78595727e-07,5.88278226e-08,3.57799848e-07,3.79412796e-07,9.38710059e-07,1.12074865e-07,1.83819523e-07,2.71495243e-10]",4.2828369259950705e-06,9,-12.080923080444336,2,2,399,400,399,"[5.44067955,4.63574171,7.12572575,1.99885511,-3.9873786,-1.66876721,0.978151202,0.189086154,-6.56326389,-6.48775005,-7.08755779,-2.34872389,-7.4149847,-8.51824188,-7.24567938,-6.70105791,-5.76393509,-8.43100643,-7.63960361,-12.1905603]","[0.145138919,0.0648938939,0.782690704,0.00464535085,1.16742904e-05,0.000118628908,0.00167391147,0.000760406489,8.88254647e-07,9.57927682e-07,5.25822998e-07,6.01020365e-05,3.79000568e-07,1.25748087e-07,4.48919479e-07,7.73916497e-07,1.97552095e-06,1.37210463e-07,3.02753449e-07,3.19619819e-09]",1.1674290362861939e-05,9,-11.113103866577148,2,2
